charger_id,timestamp,voltage,temperature,session_duration,error_code,charger_condition,days_since_maintenance,location,weather,failed
1,2026-04-02,231.5,62.9,18,1,M,165,Islamabad,Humid,1
2,2026-03-28,236.5,69.6,33,1,M,32,Karachi,Hot,0
3,2026-03-27,232.2,61.7,13,0,L,159,Islamabad,Hot,1
4,2026-03-29,225.2,29.7,63,1,M,91,Islamabad,Rain,0
5,2026-03-30,227.8,37.5,41,1,M,39,Karachi,Clear,0
6,2026-03-16,232.2,61.7,14,1,M,134,Karachi,Rain,1
7,2026-04-12,230.2,58.7,20,0,L,109,Islamabad,Hot,0
8,2026-03-18,232.5,55.1,100,1,M,100,Lahore,Rain,1
9,2026-04-04,237.8,70.2,100,1,M,26,Islamabad,Rain,1
10,2026-04-01,226.5,39.3,31,0,L,20,Islamabad,Hot,0
11,2026-04-12,226.0,38.1,21,0,L,180,Islamabad,Humid,1
12,2026-03-31,229.2,39.3,22,2,H,102,Islamabad,Hot,0
13,2026-03-24,232.5,56.9,17,1,M,92,Karachi,Humid,1
14,2026-04-10,227.8,32.7,13,1,M,180,Islamabad,Hot,1
15,2026-04-04,236.5,65.3,23,1,M,180,Lahore,Hot,0
16,2026-03-23,232.2,64.7,15,1,M,6,Karachi,Hot,1
17,2026-03-29,230.0,41.8,20,0,L,180,Lahore,Clear,0
18,2026-04-11,230.5,51.4,20,2,H,180,Lahore,Humid,1
19,2026-03-26,230.5,53.2,84,2,H,180,Lahore,Clear,0
20,2026-04-04,225.5,30.3,25,2,H,172,Lahore,Hot,0
21,2026-04-11,229.2,52.0,18,2,H,180,Karachi,Rain,1
22,2026-04-10,227.8,43.0,13,0,L,180,Karachi,Clear,1
23,2026-04-09,224.8,36.9,37,1,M,140,Lahore,Humid,0
24,2026-03-23,230.2,60.5,10,2,H,147,Lahore,Hot,1
25,2026-03-28,225.5,31.5,49,1,M,82,Karachi,Clear,0
26,2026-03-27,230.2,60.5,10,2,H,147,Karachi,Rain,1
28,2026-04-11,235.8,64.1,46,2,H,37,Islamabad,Humid,0
29,2026-04-09,226.2,36.9,22,1,M,19,Islamabad,Clear,1
30,2026-03-20,236.2,70.2,17,2,H,112,Islamabad,Rain,1
31,2026-04-02,230.8,56.9,58,0,L,30,Lahore,Rain,0
32,2026-03-18,232.2,59.9,13,0,L,85,Islamabad,Humid,1
33,2026-04-03,229.5,49.0,26,1,M,50,Lahore,Rain,0
34,2026-03-31,232.5,59.9,20,1,M,80,Lahore,Hot,0
35,2026-04-02,229.2,35.1,25,2,H,10,Islamabad,Rain,0
36,2026-03-17,234.8,61.7,19,1,M,69,Lahore,Hot,0
37,2026-04-12,231.8,57.5,100,1,M,21,Islamabad,Clear,1
38,2026-03-28,228.8,48.4,41,0,L,150,Islamabad,Hot,0
39,2026-03-31,228.2,34.5,33,1,M,38,Karachi,Hot,0
40,2026-03-27,229.2,53.2,14,1,M,113,Islamabad,Clear,1
41,2026-03-23,230.2,58.7,10,1,M,111,Karachi,Rain,1
42,2026-04-10,226.8,35.1,41,0,L,180,Islamabad,Hot,0
43,2026-03-15,230.2,60.5,10,2,H,147,Islamabad,Rain,1
44,2026-04-08,234.2,48.4,18,0,L,101,Karachi,Clear,0
45,2026-03-31,231.8,64.7,11,2,H,20,Karachi,Humid,1
46,2026-03-30,230.8,56.3,35,0,L,180,Islamabad,Rain,0
47,2026-04-01,230.5,58.7,25,1,M,86,Lahore,Rain,0
48,2026-03-16,231.0,41.8,35,1,M,176,Karachi,Humid,0
49,2026-03-28,240.0,75.0,31,0,L,180,Lahore,Humid,1
50,2026-04-05,225.2,29.7,20,0,L,180,Lahore,Clear,1
51,2026-04-06,227.5,32.1,26,1,M,27,Lahore,Rain,0
52,2026-04-10,232.2,56.3,41,2,H,59,Karachi,Rain,0
53,2026-03-31,238.8,72.0,43,1,M,107,Lahore,Clear,0
54,2026-03-17,232.2,60.5,14,2,H,180,Karachi,Rain,0
55,2026-03-16,234.2,67.7,13,0,L,180,Lahore,Hot,1
56,2026-03-22,228.8,46.6,49,2,H,180,Islamabad,Hot,0
57,2026-04-08,230.2,35.7,14,0,L,31,Islamabad,Hot,1
58,2026-04-12,230.5,50.8,100,2,H,81,Karachi,Rain,1
59,2026-03-16,235.5,52.6,13,0,L,180,Islamabad,Hot,1
60,2026-03-16,230.2,40.5,16,0,L,180,Islamabad,Hot,1
61,2026-04-09,232.0,43.0,19,0,L,64,Lahore,Clear,0
62,2026-03-23,228.8,47.8,32,2,H,0,Karachi,Clear,0
63,2026-04-13,227.0,37.5,100,1,M,86,Lahore,Humid,1
64,2026-04-03,234.8,49.6,12,0,L,180,Lahore,Humid,0
65,2026-04-04,227.0,43.6,62,0,L,69,Lahore,Humid,0
66,2026-04-12,224.0,34.5,31,2,H,19,Lahore,Humid,0
67,2026-04-10,232.5,52.0,24,0,L,78,Lahore,Clear,1
68,2026-04-08,225.0,27.9,19,2,H,100,Lahore,Clear,1
69,2026-03-20,233.5,64.7,10,1,M,125,Lahore,Clear,1
70,2026-04-09,232.2,59.9,13,0,L,85,Karachi,Hot,1
71,2026-03-26,231.8,59.9,17,1,M,73,Islamabad,Hot,1
72,2026-04-08,227.2,43.0,10,0,L,152,Lahore,Humid,0
73,2026-03-23,235.2,68.4,24,1,M,61,Lahore,Hot,0
74,2026-03-21,228.2,35.1,20,0,L,0,Lahore,Rain,1
75,2026-04-13,232.2,61.7,13,0,L,159,Lahore,Clear,1
76,2026-03-26,229.8,39.3,38,2,H,91,Lahore,Humid,0
77,2026-04-09,226.5,41.2,43,0,L,12,Lahore,Humid,0
78,2026-04-08,229.5,52.6,47,2,H,29,Islamabad,Rain,0
79,2026-03-19,236.2,70.2,17,2,H,112,Islamabad,Hot,1
80,2026-03-30,235.5,69.0,18,0,L,34,Lahore,Humid,1
81,2026-03-19,230.5,51.4,20,2,H,180,Islamabad,Hot,1
82,2026-03-26,231.8,63.5,22,0,L,117,Karachi,Hot,0
83,2026-04-07,235.2,69.0,11,1,M,69,Lahore,Rain,1
84,2026-04-09,235.5,63.5,22,1,M,180,Karachi,Humid,0
85,2026-04-03,232.2,61.1,13,1,M,88,Karachi,Hot,1
86,2026-03-23,226.0,31.5,23,0,L,180,Lahore,Hot,1
87,2026-04-06,233.2,59.9,100,0,L,31,Islamabad,Rain,1
88,2026-03-21,226.2,39.3,10,0,L,42,Karachi,Rain,1
89,2026-04-12,234.5,64.1,43,2,H,180,Lahore,Hot,1
90,2026-04-02,225.2,36.3,39,2,H,114,Karachi,Rain,0
91,2026-04-03,234.5,64.7,35,2,H,164,Karachi,Hot,0
92,2026-04-06,234.2,49.0,32,2,H,87,Karachi,Humid,0
93,2026-03-25,234.5,64.1,43,2,H,180,Karachi,Clear,1
94,2026-04-10,236.8,55.7,18,0,L,95,Islamabad,Rain,0
95,2026-04-13,235.2,69.0,20,0,L,180,Karachi,Clear,1
96,2026-04-04,239.8,73.8,31,1,M,146,Karachi,Hot,0
97,2026-03-26,231.8,64.7,11,2,H,20,Karachi,Hot,1
98,2026-03-17,228.2,44.2,31,2,H,70,Islamabad,Hot,0
99,2026-03-31,232.0,57.5,38,2,H,57,Karachi,Clear,0
100,2026-03-21,228.2,32.7,27,2,H,156,Karachi,Hot,0
101,2026-04-05,232.2,43.0,62,0,L,173,Islamabad,Rain,0
102,2026-03-24,233.5,64.7,10,1,M,125,Islamabad,Humid,1
103,2026-04-06,224.8,36.9,37,1,M,140,Islamabad,Humid,0
104,2026-03-29,227.0,31.5,100,2,H,166,Karachi,Rain,0
105,2026-04-13,229.2,43.0,61,2,H,77,Islamabad,Humid,0
106,2026-03-16,225.2,30.3,19,0,L,180,Islamabad,Clear,1
107,2026-03-27,233.5,52.6,100,0,L,170,Karachi,Hot,1
108,2026-04-11,230.2,41.2,23,2,H,164,Islamabad,Hot,0
109,2026-03-18,230.5,41.2,24,2,H,40,Karachi,Hot,1
110,2026-04-01,232.2,61.7,13,0,L,159,Lahore,Clear,1
111,2026-04-07,231.0,41.2,10,1,M,180,Islamabad,Clear,1
112,2026-04-06,229.0,39.3,22,2,H,124,Lahore,Clear,0
113,2026-03-15,225.8,36.3,35,1,M,111,Karachi,Rain,0
114,2026-03-16,231.8,43.0,25,0,L,85,Islamabad,Clear,0
115,2026-03-16,231.2,52.6,16,2,H,180,Karachi,Humid,1
116,2026-03-18,224.8,28.5,35,1,M,150,Lahore,Rain,0
117,2026-03-17,227.8,37.5,23,2,H,153,Karachi,Rain,0
118,2026-03-31,227.5,32.1,35,0,L,180,Islamabad,Rain,0
119,2026-04-11,236.8,53.2,26,0,L,91,Islamabad,Clear,1
120,2026-03-28,232.2,56.9,65,1,M,178,Lahore,Rain,0
121,2026-03-16,224.8,35.7,22,2,H,180,Karachi,Clear,0
122,2026-03-30,232.2,58.7,49,1,M,105,Islamabad,Clear,0
123,2026-03-25,230.8,51.4,29,2,H,180,Lahore,Rain,0
124,2026-04-08,233.0,62.3,51,1,M,180,Islamabad,Hot,1
125,2026-03-27,229.5,39.9,37,1,M,89,Islamabad,Hot,0
126,2026-03-15,230.8,59.3,58,1,M,180,Karachi,Rain,0
127,2026-04-08,234.5,63.5,28,1,M,180,Islamabad,Hot,0
128,2026-04-06,225.8,37.5,39,1,M,32,Karachi,Humid,0
129,2026-03-16,230.2,60.5,10,2,H,147,Islamabad,Humid,1
130,2026-03-16,231.2,43.6,50,0,L,12,Lahore,Clear,0
131,2026-04-04,231.0,40.5,20,1,M,64,Islamabad,Hot,1
132,2026-04-12,232.8,60.5,18,0,L,180,Karachi,Humid,1
133,2026-03-19,233.2,53.8,24,0,L,61,Karachi,Rain,0
134,2026-03-18,235.0,52.6,90,1,M,180,Lahore,Hot,1
135,2026-03-26,233.2,59.9,10,2,H,137,Islamabad,Humid,0
136,2026-04-09,231.2,52.6,16,2,H,180,Islamabad,Humid,1
137,2026-04-09,233.0,57.5,25,0,L,0,Lahore,Rain,0
138,2026-04-12,234.8,62.9,34,2,H,70,Islamabad,Clear,0
139,2026-04-11,234.5,51.4,29,0,L,78,Islamabad,Rain,0
140,2026-03-17,225.0,27.9,19,2,H,100,Karachi,Clear,1
141,2026-04-03,235.8,70.2,63,0,L,103,Islamabad,Humid,0
142,2026-03-24,225.5,35.7,20,2,H,93,Islamabad,Clear,0
143,2026-04-03,235.2,62.3,16,1,M,119,Lahore,Humid,1
144,2026-04-01,224.8,35.7,28,0,L,40,Lahore,Humid,0
145,2026-04-04,227.0,40.5,22,2,H,143,Karachi,Hot,0
146,2026-04-04,230.2,41.2,29,2,H,171,Islamabad,Clear,0
147,2026-04-04,232.5,57.5,14,1,M,0,Islamabad,Clear,1
148,2026-04-10,231.5,43.6,31,0,L,158,Islamabad,Clear,0
149,2026-04-10,238.0,71.4,39,0,L,180,Karachi,Rain,0
150,2026-03-24,238.0,69.0,11,1,M,68,Karachi,Hot,0
151,2026-03-15,231.0,62.9,18,1,M,107,Lahore,Hot,1
152,2026-03-20,235.8,70.8,100,1,M,71,Karachi,Hot,1
153,2026-03-25,228.2,37.5,24,1,M,147,Islamabad,Rain,0
154,2026-03-16,230.5,41.2,24,2,H,40,Islamabad,Clear,1
155,2026-03-21,232.2,61.1,13,1,M,88,Karachi,Clear,1
156,2026-04-03,232.5,57.5,40,2,H,72,Islamabad,Clear,0
157,2026-04-04,233.2,64.1,13,1,M,111,Islamabad,Hot,1
158,2026-04-04,233.2,59.9,16,0,L,119,Karachi,Hot,0
159,2026-04-04,233.2,64.1,13,1,M,111,Karachi,Humid,1
160,2026-04-01,229.0,39.3,35,1,M,121,Islamabad,Rain,0
161,2026-04-04,224.5,35.7,37,0,L,153,Islamabad,Rain,0
162,2026-04-02,225.2,29.7,19,1,M,0,Islamabad,Hot,0
163,2026-03-18,233.2,58.7,82,2,H,180,Lahore,Humid,0
164,2026-03-27,236.0,64.7,34,0,L,33,Lahore,Clear,0
165,2026-04-01,231.2,63.5,13,0,L,148,Lahore,Hot,1
166,2026-04-03,228.0,33.3,26,0,L,180,Karachi,Rain,0
167,2026-04-12,238.8,72.6,10,2,H,161,Lahore,Rain,1
168,2026-04-08,230.5,50.8,100,2,H,81,Karachi,Rain,1
169,2026-04-07,228.0,38.1,50,2,H,8,Karachi,Clear,0
170,2026-03-27,232.2,61.7,13,0,L,159,Lahore,Rain,1
171,2026-04-13,226.8,32.7,38,0,L,68,Lahore,Clear,0
172,2026-04-10,231.2,52.6,16,2,H,180,Lahore,Clear,1
173,2026-04-11,229.2,45.4,19,2,H,154,Islamabad,Clear,0
174,2026-04-02,235.8,53.8,20,2,H,180,Lahore,Hot,0
175,2026-03-31,228.8,48.4,37,0,L,18,Islamabad,Clear,0
176,2026-03-15,233.8,52.6,29,0,L,56,Karachi,Humid,0
177,2026-03-20,230.5,53.2,11,0,L,180,Islamabad,Rain,1
178,2026-04-02,232.5,61.1,10,2,H,101,Lahore,Hot,1
179,2026-04-03,227.2,41.8,37,1,M,128,Karachi,Rain,0
180,2026-03-15,235.2,62.3,16,1,M,119,Karachi,Clear,1
181,2026-03-22,232.8,53.8,28,2,H,31,Karachi,Hot,0
182,2026-03-31,227.2,43.6,10,0,L,76,Islamabad,Humid,1
183,2026-04-04,234.2,69.0,11,1,M,44,Lahore,Clear,1
184,2026-04-05,221.5,22.4,14,1,M,46,Karachi,Rain,0
185,2026-03-29,233.5,64.7,10,1,M,125,Karachi,Humid,1
186,2026-04-01,236.0,52.0,16,2,H,138,Karachi,Clear,0
187,2026-03-21,230.5,41.8,30,0,L,115,Islamabad,Humid,0
188,2026-03-30,221.2,22.4,96,2,H,105,Islamabad,Clear,0
189,2026-03-21,236.8,67.1,20,0,L,127,Lahore,Hot,1
190,2026-03-31,228.5,35.7,40,0,L,32,Islamabad,Clear,0
191,2026-03-18,233.0,62.3,17,2,H,130,Karachi,Hot,1
192,2026-03-26,226.5,38.7,23,0,L,20,Lahore,Clear,1
193,2026-03-27,232.8,52.0,19,1,M,88,Karachi,Clear,0
194,2026-03-18,235.5,52.6,13,0,L,180,Karachi,Rain,1
195,2026-04-04,233.8,61.7,49,2,H,122,Islamabad,Humid,0
196,2026-03-15,234.2,51.4,54,1,M,46,Lahore,Humid,0
197,2026-03-15,233.5,52.0,27,0,L,26,Islamabad,Humid,0
198,2026-03-21,230.2,51.4,46,0,L,145,Islamabad,Clear,1
199,2026-03-23,231.0,42.4,27,0,L,83,Lahore,Clear,0
200,2026-03-15,232.0,46.6,40,1,M,134,Karachi,Clear,0
201,2026-03-30,229.2,53.2,14,1,M,113,Karachi,Hot,1
202,2026-04-01,230.5,50.2,19,2,H,180,Lahore,Hot,1
203,2026-04-05,230.0,48.4,34,0,L,25,Karachi,Rain,0
204,2026-03-29,227.2,41.2,30,1,M,180,Lahore,Clear,0
205,2026-03-20,232.8,64.7,10,2,H,25,Lahore,Humid,1
206,2026-03-16,235.5,63.5,10,0,L,119,Islamabad,Humid,0
207,2026-03-23,234.0,62.3,55,2,H,116,Lahore,Rain,0
208,2026-03-18,233.0,61.7,25,0,L,56,Islamabad,Humid,0
209,2026-03-27,233.0,63.5,16,2,H,101,Karachi,Rain,1
210,2026-04-06,237.0,65.9,48,0,L,85,Karachi,Clear,0
211,2026-04-05,230.2,40.5,16,0,L,180,Karachi,Humid,1
212,2026-03-25,229.5,39.9,22,2,H,82,Karachi,Clear,0
213,2026-03-27,234.5,64.7,35,2,H,164,Islamabad,Hot,0
214,2026-03-25,231.8,64.7,11,2,H,20,Karachi,Humid,1
215,2026-04-02,227.5,38.7,22,1,M,119,Lahore,Hot,1
216,2026-03-22,232.8,55.1,59,2,H,121,Lahore,Humid,0
217,2026-03-21,230.0,60.5,19,1,M,142,Lahore,Clear,1
218,2026-04-08,225.5,37.5,26,2,H,171,Islamabad,Rain,0
219,2026-03-30,230.2,50.8,21,2,H,138,Karachi,Clear,0
220,2026-03-17,226.0,30.3,16,0,L,180,Karachi,Clear,1
221,2026-03-31,228.2,44.8,41,2,H,130,Karachi,Clear,0
222,2026-04-01,235.0,52.6,90,1,M,180,Islamabad,Humid,1
223,2026-04-11,227.8,32.1,30,2,H,134,Lahore,Rain,0
224,2026-04-10,234.8,51.4,37,0,L,168,Lahore,Hot,0
225,2026-03-29,230.2,60.5,10,2,H,147,Karachi,Clear,1
226,2026-04-11,228.5,37.5,21,1,M,157,Lahore,Humid,0
227,2026-03-31,228.0,38.7,58,2,H,24,Lahore,Hot,0
228,2026-03-25,227.8,32.7,13,2,H,169,Islamabad,Clear,0
229,2026-03-19,234.2,61.7,34,1,M,37,Islamabad,Hot,0
230,2026-03-30,229.2,53.2,14,1,M,113,Islamabad,Clear,1
231,2026-03-29,227.5,37.5,21,0,L,9,Islamabad,Hot,0
232,2026-03-24,237.0,68.4,77,0,L,130,Karachi,Hot,0
233,2026-03-28,233.8,65.9,13,1,M,180,Islamabad,Rain,1
234,2026-03-16,226.2,38.7,41,2,H,10,Lahore,Rain,0
235,2026-03-30,230.8,39.9,31,1,M,27,Karachi,Clear,0
236,2026-04-02,235.0,50.2,17,1,M,180,Lahore,Humid,1
237,2026-03-22,230.0,39.9,16,0,L,6,Lahore,Rain,0
238,2026-03-29,230.2,40.5,16,0,L,180,Lahore,Hot,1
239,2026-03-24,228.8,46.0,67,1,M,180,Islamabad,Rain,1
240,2026-04-13,234.5,64.1,43,2,H,180,Islamabad,Rain,1
241,2026-03-19,225.5,28.5,38,2,H,50,Karachi,Clear,0
242,2026-04-03,229.8,52.6,34,1,M,19,Karachi,Rain,0
243,2026-03-30,230.0,38.7,38,0,L,150,Islamabad,Rain,0
244,2026-04-04,232.2,56.9,23,1,M,101,Lahore,Hot,0
245,2026-04-09,229.8,46.6,52,0,L,146,Karachi,Rain,0
246,2026-04-05,233.5,50.8,82,0,L,180,Islamabad,Hot,0
247,2026-03-26,235.2,69.0,11,1,M,69,Islamabad,Rain,1
248,2026-04-06,226.2,32.1,20,0,L,180,Islamabad,Rain,1
249,2026-04-13,233.0,64.1,13,0,L,154,Lahore,Humid,1
250,2026-03-27,229.2,49.6,23,1,M,180,Islamabad,Rain,0
251,2026-03-23,233.2,61.1,53,2,H,180,Islamabad,Hot,0
252,2026-03-31,228.5,33.9,30,0,L,157,Islamabad,Hot,0
253,2026-04-03,232.8,64.7,10,2,H,25,Islamabad,Clear,1
254,2026-04-11,229.2,52.0,17,1,M,45,Karachi,Clear,1
255,2026-03-26,227.8,34.5,15,1,M,105,Karachi,Humid,0
256,2026-04-08,234.2,47.8,30,2,H,162,Islamabad,Hot,0
257,2026-03-19,233.2,58.7,11,1,M,39,Lahore,Hot,0
258,2026-04-07,234.5,64.1,43,2,H,180,Karachi,Hot,1
259,2026-03-26,226.8,43.6,33,1,M,50,Islamabad,Humid,0
260,2026-03-15,227.2,41.2,29,1,M,92,Karachi,Hot,0
261,2026-04-03,227.0,31.5,40,1,M,180,Karachi,Clear,0
262,2026-04-11,231.5,64.1,52,2,H,79,Lahore,Humid,0
263,2026-03-30,230.2,60.5,10,2,H,147,Islamabad,Clear,1
264,2026-04-13,235.2,70.2,10,0,L,148,Islamabad,Clear,1
265,2026-03-26,228.8,47.8,40,0,L,111,Lahore,Humid,0
266,2026-03-23,231.5,42.4,10,1,M,111,Lahore,Rain,1
267,2026-03-27,232.5,50.8,46,2,H,127,Islamabad,Rain,0
268,2026-03-31,226.0,32.1,17,1,M,180,Islamabad,Clear,0
269,2026-03-31,224.5,35.7,44,1,M,126,Lahore,Rain,0
270,2026-03-18,235.5,62.9,34,0,L,180,Karachi,Hot,0
271,2026-03-28,227.5,36.9,35,1,M,0,Karachi,Humid,0
272,2026-04-02,224.2,35.7,40,2,H,180,Lahore,Clear,1
273,2026-03-21,230.5,50.2,19,2,H,180,Karachi,Hot,1
274,2026-04-10,230.2,51.4,13,2,H,159,Lahore,Rain,1
275,2026-03-17,234.8,49.6,17,0,L,155,Karachi,Hot,0
276,2026-03-15,234.2,69.0,11,1,M,44,Karachi,Rain,1
277,2026-03-26,235.0,52.6,67,2,H,47,Islamabad,Clear,0
278,2026-03-29,231.5,43.6,41,0,L,180,Islamabad,Hot,0
279,2026-03-25,233.0,46.0,48,2,H,120,Karachi,Humid,0
280,2026-03-24,228.8,46.6,49,1,M,179,Karachi,Clear,1
281,2026-03-16,226.5,43.0,32,2,H,40,Islamabad,Hot,0
282,2026-04-09,224.8,36.3,48,0,L,122,Islamabad,Hot,0
283,2026-04-12,230.2,60.5,10,2,H,147,Islamabad,Rain,1
284,2026-03-18,229.2,52.0,18,2,H,180,Lahore,Clear,1
285,2026-03-31,233.0,62.3,17,2,H,130,Karachi,Clear,1
286,2026-03-31,233.8,59.3,25,2,H,70,Islamabad,Clear,0
287,2026-04-11,233.5,58.7,42,1,M,115,Karachi,Clear,0
288,2026-04-13,231.2,43.0,11,0,L,180,Lahore,Rain,1
289,2026-03-22,235.5,69.0,10,0,L,59,Lahore,Humid,1
290,2026-04-06,227.2,33.3,24,1,M,29,Islamabad,Clear,0
291,2026-03-28,235.0,52.6,90,1,M,180,Lahore,Rain,1
292,2026-04-07,229.5,38.1,32,2,H,84,Karachi,Humid,0
293,2026-04-12,233.0,63.5,16,2,H,101,Islamabad,Humid,1
294,2026-03-18,238.0,72.6,16,0,L,180,Karachi,Rain,1
295,2026-03-20,235.0,52.6,67,2,H,47,Karachi,Clear,0
296,2026-04-12,235.0,50.2,17,1,M,180,Lahore,Humid,1
297,2026-04-02,235.0,50.2,23,2,H,61,Lahore,Clear,0
298,2026-04-10,235.2,70.2,22,1,M,101,Lahore,Clear,1
299,2026-04-12,232.0,56.9,18,0,L,131,Lahore,Hot,0
300,2026-04-07,227.2,32.7,22,2,H,120,Lahore,Clear,0
301,2026-03-18,227.8,37.5,23,2,H,153,Islamabad,Hot,0
302,2026-03-17,238.0,69.6,31,0,L,111,Karachi,Humid,0
303,2026-04-03,238.8,73.2,38,2,H,139,Karachi,Rain,0
304,2026-03-20,237.8,71.4,22,1,M,180,Karachi,Hot,0
305,2026-04-10,234.5,50.2,26,0,L,62,Karachi,Rain,0
306,2026-04-06,232.2,61.7,14,1,M,134,Lahore,Humid,1
307,2026-03-21,230.5,51.4,20,2,H,180,Karachi,Clear,1
308,2026-03-28,229.2,53.2,14,1,M,113,Islamabad,Humid,1
309,2026-03-26,227.0,32.1,34,0,L,74,Islamabad,Rain,0
310,2026-03-30,229.0,46.6,20,1,M,180,Karachi,Humid,1
311,2026-04-03,231.2,52.6,16,2,H,180,Karachi,Clear,1
312,2026-03-22,231.0,41.2,37,2,H,180,Islamabad,Humid,0
313,2026-04-06,230.5,50.8,100,2,H,81,Islamabad,Clear,1
314,2026-03-16,238.8,72.0,22,1,M,180,Lahore,Hot,1
315,2026-03-27,229.0,49.0,49,0,L,180,Islamabad,Rain,0
316,2026-03-22,233.8,54.5,40,2,H,19,Lahore,Clear,0
317,2026-04-08,225.5,29.1,22,1,M,127,Lahore,Clear,0
318,2026-04-04,232.5,56.9,17,1,M,92,Lahore,Humid,1
319,2026-04-03,234.2,49.6,31,2,H,141,Lahore,Hot,0
320,2026-03-30,230.8,61.1,16,1,M,6,Lahore,Clear,1
321,2026-03-18,228.2,36.9,24,2,H,60,Karachi,Hot,0
322,2026-04-12,232.5,59.3,26,1,M,82,Islamabad,Hot,0
323,2026-03-30,235.2,70.2,22,1,M,101,Lahore,Humid,1
324,2026-04-03,234.5,64.1,43,2,H,180,Islamabad,Clear,1
325,2026-03-20,233.5,66.5,17,1,M,117,Islamabad,Humid,1
326,2026-04-10,239.5,73.8,35,2,H,58,Lahore,Rain,0
327,2026-03-18,225.0,36.9,22,1,M,103,Karachi,Rain,0
328,2026-03-30,231.0,48.4,52,2,H,55,Lahore,Clear,0
329,2026-04-06,226.5,32.1,74,2,H,24,Karachi,Hot,0
330,2026-04-06,229.8,52.6,32,1,M,71,Islamabad,Clear,0
331,2026-04-04,231.0,55.1,34,0,L,28,Karachi,Clear,0
332,2026-03-27,226.0,36.9,25,1,M,56,Karachi,Rain,0
333,2026-03-19,227.2,44.2,28,0,L,132,Karachi,Rain,0
334,2026-03-29,236.8,64.7,28,0,L,180,Islamabad,Hot,1
335,2026-04-09,225.2,29.7,35,2,H,180,Islamabad,Hot,1
336,2026-03-22,230.8,50.2,21,1,M,9,Karachi,Clear,0
337,2026-03-21,231.2,59.3,41,1,M,180,Karachi,Humid,0
338,2026-03-28,235.0,51.4,25,2,H,175,Lahore,Clear,0
339,2026-03-21,227.5,38.7,22,1,M,119,Karachi,Hot,1
340,2026-04-05,230.8,56.3,39,1,M,180,Lahore,Humid,0
341,2026-03-21,238.8,72.0,22,1,M,180,Karachi,Rain,1
342,2026-04-06,224.8,34.5,34,2,H,63,Lahore,Hot,0
343,2026-04-09,226.2,32.7,20,1,M,117,Islamabad,Hot,0
344,2026-04-13,228.0,38.7,58,2,H,24,Karachi,Humid,0
345,2026-04-01,237.2,68.4,63,2,H,132,Karachi,Hot,0
346,2026-04-13,236.5,53.2,23,0,L,134,Karachi,Hot,0
347,2026-03-24,232.0,57.5,42,1,M,157,Karachi,Hot,0
348,2026-04-01,233.5,61.7,35,2,H,89,Lahore,Hot,0
349,2026-03-28,233.0,55.7,60,2,H,59,Karachi,Hot,0
350,2026-03-24,238.8,72.0,22,1,M,180,Islamabad,Hot,1
351,2026-03-21,235.8,53.8,52,2,H,180,Islamabad,Hot,0
352,2026-04-13,233.8,58.1,22,1,M,82,Karachi,Hot,0
353,2026-04-09,232.2,43.0,62,0,L,173,Islamabad,Rain,0
354,2026-03-21,226.2,32.1,20,0,L,180,Karachi,Hot,1
355,2026-03-21,236.2,70.2,17,2,H,112,Karachi,Rain,1
356,2026-03-19,232.2,52.0,23,1,M,75,Islamabad,Rain,0
357,2026-03-15,232.2,61.7,16,1,M,126,Karachi,Clear,1
358,2026-03-28,233.2,62.3,34,1,M,143,Islamabad,Clear,0
359,2026-04-01,231.8,64.7,11,2,H,20,Lahore,Rain,1
360,2026-03-27,226.0,29.1,10,0,L,180,Karachi,Rain,1
361,2026-04-08,231.0,62.3,36,1,M,31,Lahore,Hot,0
362,2026-03-22,227.5,36.3,28,1,M,176,Islamabad,Clear,1
363,2026-03-22,234.8,50.2,10,1,M,118,Lahore,Humid,0
364,2026-03-24,233.5,64.7,22,2,H,130,Lahore,Clear,0
365,2026-03-31,236.2,54.5,100,1,M,143,Islamabad,Rain,1
366,2026-03-20,236.2,54.5,29,2,H,117,Lahore,Rain,0
367,2026-03-29,224.8,35.7,22,2,H,180,Lahore,Hot,0
368,2026-03-29,224.2,35.7,40,2,H,180,Islamabad,Hot,1
369,2026-04-08,234.0,62.9,11,1,M,85,Lahore,Clear,0
370,2026-03-30,231.5,62.9,17,0,L,163,Islamabad,Hot,1
371,2026-03-22,230.5,59.9,17,0,L,180,Lahore,Humid,1
372,2026-04-02,225.0,38.7,43,2,H,166,Islamabad,Humid,0
373,2026-04-03,228.5,41.8,100,0,L,143,Islamabad,Hot,1
374,2026-03-29,225.2,37.5,16,0,L,70,Lahore,Humid,0
375,2026-03-17,229.5,38.7,95,0,L,98,Lahore,Humid,1
376,2026-03-20,225.0,36.3,35,2,H,180,Lahore,Clear,0
377,2026-04-13,233.2,56.3,14,2,H,134,Karachi,Humid,0
378,2026-04-08,231.0,41.8,35,1,M,65,Karachi,Rain,0
379,2026-03-22,233.8,60.5,65,0,L,45,Karachi,Rain,0
380,2026-03-30,226.2,36.3,26,0,L,146,Islamabad,Clear,0
381,2026-03-29,232.5,61.1,17,1,M,180,Lahore,Hot,1
382,2026-03-27,236.5,65.3,10,1,M,180,Islamabad,Clear,1
383,2026-04-09,226.0,38.1,21,0,L,180,Karachi,Hot,1
384,2026-04-03,232.5,64.7,17,0,L,11,Lahore,Hot,1
385,2026-03-29,231.0,50.8,34,0,L,180,Islamabad,Hot,0
386,2026-04-01,234.5,50.8,46,2,H,137,Lahore,Hot,0
387,2026-03-27,230.5,50.8,100,2,H,81,Islamabad,Hot,1
388,2026-04-07,236.5,65.9,23,1,M,157,Lahore,Clear,0
389,2026-03-22,229.5,51.4,12,1,M,59,Karachi,Hot,0
390,2026-03-28,229.2,49.6,30,1,M,48,Karachi,Humid,0
391,2026-04-11,233.2,64.1,13,1,M,111,Lahore,Humid,1
392,2026-03-25,233.0,62.3,17,2,H,130,Islamabad,Hot,1
393,2026-03-20,221.2,22.4,100,0,L,149,Karachi,Humid,1
394,2026-04-13,231.2,63.5,13,0,L,148,Karachi,Rain,1
395,2026-04-07,236.2,54.5,100,1,M,143,Karachi,Clear,1
396,2026-04-08,232.2,64.7,15,1,M,6,Lahore,Clear,1
397,2026-04-12,231.2,50.8,47,1,M,180,Lahore,Hot,1
398,2026-03-15,238.2,71.4,17,0,L,180,Islamabad,Hot,1
399,2026-04-08,231.5,60.5,45,0,L,157,Islamabad,Rain,0
400,2026-03-16,227.2,38.1,38,0,L,162,Islamabad,Hot,0
401,2026-04-13,232.5,43.6,54,0,L,180,Lahore,Humid,1
402,2026-03-27,229.8,39.9,25,2,H,16,Lahore,Rain,0
403,2026-03-15,225.0,27.9,19,2,H,100,Islamabad,Humid,1
404,2026-04-07,231.8,64.7,11,2,H,20,Islamabad,Clear,1
405,2026-04-07,225.5,36.9,56,1,M,176,Lahore,Humid,0
406,2026-04-10,233.5,65.9,35,0,L,135,Islamabad,Clear,0
407,2026-03-18,230.0,41.2,26,1,M,141,Karachi,Humid,0
408,2026-04-07,235.0,52.0,34,2,H,92,Lahore,Clear,0
409,2026-04-06,234.0,67.1,14,0,L,172,Islamabad,Hot,1
410,2026-04-12,236.8,65.9,18,0,L,160,Lahore,Humid,0
411,2026-03-16,227.0,31.5,100,2,H,166,Karachi,Clear,0
412,2026-04-04,236.2,54.5,43,1,M,69,Lahore,Humid,0
413,2026-04-13,233.2,62.9,14,0,L,180,Lahore,Rain,1
414,2026-04-09,235.5,69.0,34,2,H,180,Lahore,Hot,0
415,2026-04-03,233.0,62.3,17,2,H,130,Lahore,Clear,1
416,2026-03-30,238.8,72.6,10,2,H,161,Karachi,Rain,1
417,2026-03-17,230.5,52.6,21,0,L,155,Lahore,Humid,0
418,2026-03-31,233.8,51.4,35,1,M,180,Lahore,Rain,0
419,2026-03-19,230.5,41.2,24,2,H,40,Islamabad,Humid,1
420,2026-04-09,229.2,52.0,18,2,H,180,Lahore,Hot,1
421,2026-03-22,236.2,54.5,100,1,M,143,Islamabad,Rain,1
422,2026-03-26,232.8,59.3,53,0,L,56,Karachi,Hot,0
423,2026-04-08,229.8,41.2,37,1,M,149,Karachi,Clear,0
424,2026-04-06,228.2,41.2,30,2,H,147,Karachi,Humid,0
425,2026-03-26,230.5,50.8,100,2,H,81,Karachi,Humid,1
426,2026-04-10,226.2,38.7,79,2,H,180,Islamabad,Hot,0
427,2026-03-15,234.8,62.9,34,2,H,70,Lahore,Hot,0
428,2026-03-15,233.0,54.5,25,0,L,35,Karachi,Clear,0
429,2026-03-29,230.5,51.4,20,2,H,180,Lahore,Rain,1
430,2026-03-31,231.8,64.7,11,2,H,20,Islamabad,Humid,1
431,2026-03-16,231.0,58.1,16,0,L,70,Islamabad,Humid,1
432,2026-03-31,232.0,64.1,34,1,M,180,Islamabad,Clear,0
433,2026-04-03,233.2,52.6,40,0,L,174,Karachi,Clear,0
434,2026-04-09,226.5,43.0,31,1,M,125,Lahore,Hot,0
435,2026-03-23,234.8,61.7,34,2,H,41,Lahore,Hot,0
436,2026-03-26,236.8,71.4,40,1,M,180,Lahore,Rain,0
437,2026-03-18,227.8,32.7,13,1,M,180,Islamabad,Clear,1
438,2026-03-27,230.2,51.4,18,0,L,180,Karachi,Rain,1
439,2026-03-18,237.2,70.8,26,0,L,180,Islamabad,Clear,0
440,2026-03-21,234.8,64.1,10,1,M,180,Islamabad,Humid,1
441,2026-03-28,234.2,48.4,49,1,M,180,Lahore,Clear,1
442,2026-04-10,229.0,46.6,20,1,M,180,Islamabad,Clear,1
443,2026-03-23,235.5,70.8,13,2,H,66,Lahore,Humid,1
444,2026-04-06,237.5,70.8,16,0,L,180,Karachi,Clear,1
445,2026-03-15,239.5,74.4,100,0,L,21,Lahore,Rain,0
446,2026-03-15,233.5,64.7,10,1,M,125,Karachi,Hot,1
447,2026-04-03,236.5,64.1,25,1,M,180,Lahore,Hot,1
448,2026-03-18,231.8,59.9,17,1,M,73,Islamabad,Rain,1
449,2026-03-15,229.8,49.0,44,0,L,53,Islamabad,Humid,0
451,2026-04-05,229.2,37.5,20,0,L,79,Karachi,Rain,0
452,2026-03-24,233.0,62.3,17,2,H,130,Karachi,Hot,1
453,2026-03-16,225.2,30.3,19,0,L,180,Lahore,Hot,1
454,2026-04-10,227.0,31.5,28,2,H,180,Lahore,Rain,0
455,2026-04-04,227.8,41.2,32,0,L,55,Karachi,Hot,0
456,2026-04-07,232.0,58.1,61,0,L,40,Islamabad,Rain,0
457,2026-03-29,232.8,60.5,18,0,L,180,Lahore,Hot,1
458,2026-03-17,227.8,39.9,37,2,H,36,Lahore,Rain,0
459,2026-04-08,230.0,38.7,38,0,L,150,Lahore,Clear,0
460,2026-04-06,225.8,36.9,23,0,L,61,Karachi,Clear,0
461,2026-03-23,226.0,32.1,28,2,H,2,Karachi,Clear,0
462,2026-03-31,238.8,72.6,10,2,H,161,Karachi,Clear,1
463,2026-04-04,225.0,36.9,32,0,L,80,Karachi,Hot,0
464,2026-04-11,221.2,22.4,96,2,H,105,Karachi,Humid,0
465,2026-03-27,230.0,39.9,26,2,H,66,Islamabad,Rain,0
466,2026-03-17,233.0,62.3,17,2,H,130,Islamabad,Humid,1
467,2026-03-18,234.5,64.1,43,2,H,180,Karachi,Hot,1
468,2026-03-18,231.8,59.9,10,0,L,22,Lahore,Hot,1
469,2026-03-25,230.2,51.4,17,1,M,143,Karachi,Humid,0
470,2026-04-11,230.2,51.4,24,0,L,180,Islamabad,Humid,0
471,2026-03-21,233.0,57.5,100,0,L,15,Islamabad,Hot,1
472,2026-04-09,225.0,28.5,32,0,L,82,Lahore,Hot,0
473,2026-03-25,230.0,60.5,19,1,M,142,Islamabad,Rain,1
474,2026-04-07,231.2,52.6,16,2,H,180,Karachi,Clear,1
475,2026-03-25,228.2,41.8,40,0,L,180,Lahore,Clear,0
476,2026-03-24,223.8,26.0,12,1,M,24,Karachi,Rain,1
477,2026-03-19,234.5,52.0,10,2,H,24,Karachi,Humid,0
478,2026-03-27,231.8,64.7,11,2,H,20,Lahore,Hot,1
479,2026-04-12,227.5,36.3,29,1,M,96,Karachi,Humid,0
480,2026-03-26,231.8,57.5,100,1,M,21,Islamabad,Clear,1
481,2026-03-24,231.8,42.4,17,0,L,180,Karachi,Clear,1
482,2026-03-21,224.5,29.1,28,0,L,107,Lahore,Humid,0
483,2026-04-02,227.2,43.6,10,0,L,76,Lahore,Clear,1
484,2026-04-02,234.2,62.3,28,1,M,59,Lahore,Hot,0
485,2026-04-02,232.5,56.9,79,0,L,19,Karachi,Rain,0
486,2026-03-26,229.5,48.4,53,2,H,82,Lahore,Humid,0
487,2026-04-03,236.5,64.1,25,1,M,180,Lahore,Hot,1
488,2026-04-05,227.0,44.2,29,0,L,78,Karachi,Hot,0
489,2026-03-29,237.5,70.8,13,0,L,161,Islamabad,Clear,0
490,2026-03-19,234.0,67.1,14,0,L,172,Karachi,Hot,1
491,2026-04-07,232.2,43.0,62,0,L,173,Lahore,Humid,0
492,2026-04-13,230.5,41.2,24,2,H,40,Lahore,Hot,1
493,2026-03-28,225.5,35.1,40,2,H,13,Karachi,Rain,0
494,2026-03-26,236.2,70.2,17,2,H,112,Islamabad,Hot,1
495,2026-04-12,235.2,62.3,37,0,L,59,Lahore,Hot,0
496,2026-04-04,237.8,70.2,100,1,M,26,Lahore,Rain,1
497,2026-03-25,225.8,29.1,25,2,H,24,Lahore,Hot,0
498,2026-04-11,226.5,32.7,28,0,L,180,Karachi,Hot,1
499,2026-03-19,231.0,56.3,10,0,L,180,Lahore,Clear,1
500,2026-03-30,224.8,36.9,34,2,H,84,Islamabad,Humid,0
501,2026-04-13,235.0,52.6,90,1,M,180,Lahore,Clear,1
502,2026-04-09,234.2,69.0,11,1,M,44,Lahore,Humid,1
503,2026-04-01,232.2,53.2,26,2,H,136,Islamabad,Rain,0
504,2026-03-26,236.8,66.5,43,2,H,168,Lahore,Rain,0
505,2026-04-10,233.2,56.3,38,0,L,180,Karachi,Rain,0
506,2026-04-10,230.2,49.6,32,0,L,175,Karachi,Humid,0
507,2026-03-19,232.5,61.1,16,1,M,180,Karachi,Humid,1
508,2026-03-30,233.0,62.3,17,2,H,130,Islamabad,Humid,1
509,2026-03-26,237.0,71.4,42,0,L,142,Lahore,Rain,0
510,2026-04-06,230.2,35.7,14,0,L,31,Karachi,Humid,1
511,2026-03-16,237.0,65.9,73,1,M,17,Islamabad,Hot,0
512,2026-04-13,235.2,51.4,32,0,L,180,Lahore,Clear,1
513,2026-04-12,229.8,52.0,69,2,H,133,Islamabad,Rain,0
514,2026-03-20,237.8,69.6,20,2,H,84,Karachi,Clear,0
515,2026-04-06,221.5,23.0,10,1,M,89,Karachi,Hot,1
516,2026-04-04,230.8,56.3,39,1,M,180,Karachi,Humid,0
517,2026-04-08,232.2,64.7,15,1,M,6,Islamabad,Clear,1
518,2026-04-13,233.5,51.4,10,1,M,180,Islamabad,Hot,1
519,2026-03-18,232.2,52.6,41,1,M,108,Karachi,Hot,0
520,2026-04-13,227.0,41.2,16,2,H,85,Islamabad,Clear,0
521,2026-04-13,225.0,27.9,46,2,H,91,Karachi,Rain,0
522,2026-03-27,237.8,70.2,100,1,M,26,Karachi,Clear,1
523,2026-03-24,227.8,33.3,28,0,L,127,Lahore,Rain,0
524,2026-03-31,232.5,44.2,17,1,M,180,Islamabad,Humid,0
525,2026-03-28,233.0,58.1,37,1,M,139,Karachi,Rain,0
526,2026-04-07,240.0,73.8,91,1,M,139,Karachi,Humid,0
527,2026-03-29,231.0,58.1,13,0,L,77,Islamabad,Clear,1
528,2026-03-22,229.5,48.4,58,2,H,70,Lahore,Humid,0
529,2026-04-06,232.0,43.0,13,0,L,58,Lahore,Hot,0
530,2026-04-07,229.8,52.6,28,1,M,87,Karachi,Humid,0
531,2026-04-01,233.0,62.3,18,0,L,34,Islamabad,Rain,1
532,2026-03-17,233.0,57.5,32,2,H,124,Lahore,Rain,0
533,2026-04-08,225.8,37.5,34,0,L,179,Islamabad,Rain,0
534,2026-03-31,230.5,41.2,24,2,H,40,Islamabad,Humid,1
535,2026-04-07,233.8,66.5,41,1,M,180,Karachi,Rain,0
536,2026-04-07,235.5,70.8,13,2,H,66,Lahore,Rain,1
537,2026-03-21,226.0,29.1,29,2,H,180,Karachi,Hot,0
538,2026-03-27,235.8,63.5,37,0,L,180,Lahore,Humid,0
539,2026-04-13,230.8,52.0,11,0,L,93,Lahore,Hot,0
540,2026-04-10,233.0,62.3,17,2,H,130,Lahore,Rain,1
541,2026-03-30,228.0,41.2,26,2,H,180,Lahore,Rain,0
542,2026-03-19,229.8,40.5,22,1,M,32,Lahore,Rain,0
543,2026-03-18,231.2,52.6,16,2,H,180,Islamabad,Humid,1
544,2026-04-09,232.5,61.1,16,1,M,180,Karachi,Clear,1
545,2026-03-24,227.5,41.8,16,2,H,79,Islamabad,Rain,0
546,2026-03-27,230.5,50.2,19,2,H,180,Lahore,Rain,1
547,2026-03-24,229.8,39.3,29,1,M,100,Karachi,Rain,0
548,2026-03-28,232.8,64.7,10,2,H,25,Lahore,Rain,1
549,2026-04-09,231.8,64.7,11,2,H,20,Karachi,Humid,1
550,2026-04-05,233.8,60.5,10,0,L,180,Islamabad,Clear,1
551,2026-03-26,233.8,51.4,10,0,L,180,Karachi,Clear,1
552,2026-04-10,230.2,60.5,10,2,H,147,Karachi,Clear,1
553,2026-03-15,231.8,63.5,15,0,L,180,Karachi,Rain,1
554,2026-04-12,235.2,51.4,13,1,M,167,Karachi,Rain,0
555,2026-04-04,224.2,35.7,40,2,H,180,Karachi,Clear,1
556,2026-04-13,233.8,50.8,29,2,H,180,Lahore,Clear,0
557,2026-04-03,227.0,37.5,100,1,M,86,Karachi,Rain,1
558,2026-04-03,236.2,70.2,17,2,H,112,Karachi,Rain,1
559,2026-03-21,231.8,64.7,11,2,H,20,Islamabad,Hot,1
560,2026-03-23,239.2,72.0,26,1,M,171,Karachi,Hot,0
561,2026-03-22,234.5,64.1,43,2,H,180,Islamabad,Hot,1
562,2026-04-10,224.5,26.6,35,2,H,62,Lahore,Clear,0
563,2026-03-27,227.5,44.8,25,0,L,134,Karachi,Humid,1
564,2026-03-28,225.0,27.9,19,2,H,100,Islamabad,Rain,1
565,2026-03-26,230.5,51.4,20,2,H,180,Islamabad,Hot,1
566,2026-03-22,227.8,43.0,12,0,L,20,Lahore,Humid,1
567,2026-04-04,229.5,52.6,24,1,M,41,Karachi,Rain,0
568,2026-04-05,235.2,70.2,22,1,M,101,Karachi,Humid,1
569,2026-04-01,227.5,45.4,100,0,L,179,Islamabad,Clear,1
570,2026-03-30,227.0,32.7,28,0,L,74,Karachi,Clear,0
571,2026-04-12,230.0,41.2,19,1,M,133,Islamabad,Clear,0
572,2026-03-25,232.2,60.5,14,2,H,180,Karachi,Hot,0
573,2026-03-30,231.2,52.6,16,2,H,180,Islamabad,Rain,1
574,2026-03-28,228.5,49.6,20,1,M,40,Karachi,Clear,0
575,2026-03-17,236.2,70.2,17,2,H,112,Lahore,Hot,1
576,2026-04-04,224.2,26.6,38,2,H,0,Karachi,Hot,0
577,2026-03-16,238.8,72.6,10,2,H,161,Karachi,Hot,1
578,2026-03-17,229.2,52.0,18,2,H,180,Lahore,Hot,1
579,2026-03-18,232.5,55.1,100,1,M,100,Karachi,Clear,1
580,2026-04-05,236.8,65.3,21,2,H,180,Lahore,Hot,1
581,2026-03-19,234.5,67.7,14,1,M,2,Karachi,Clear,1
582,2026-03-24,231.8,59.9,10,0,L,22,Islamabad,Clear,1
583,2026-04-03,228.8,35.1,45,2,H,29,Islamabad,Hot,0
584,2026-04-12,233.2,59.9,100,0,L,31,Karachi,Clear,1
585,2026-03-16,227.2,43.0,23,0,L,180,Karachi,Rain,0
586,2026-03-26,230.8,55.1,23,1,M,14,Karachi,Rain,0
587,2026-04-10,226.2,41.8,17,1,M,30,Islamabad,Humid,1
588,2026-03-19,235.0,50.2,17,1,M,180,Karachi,Rain,1
589,2026-03-19,234.0,55.1,71,1,M,38,Islamabad,Clear,0
590,2026-04-10,226.5,36.3,20,0,L,180,Lahore,Clear,1
591,2026-04-06,225.5,31.5,13,0,L,172,Islamabad,Rain,1
592,2026-03-15,231.2,50.8,47,1,M,180,Islamabad,Hot,1
593,2026-03-18,233.5,64.7,10,1,M,125,Lahore,Hot,1
594,2026-04-10,230.2,60.5,10,2,H,147,Islamabad,Clear,1
595,2026-04-04,230.8,53.8,40,1,M,180,Karachi,Hot,0
596,2026-04-07,230.5,50.2,19,2,H,180,Karachi,Humid,1
597,2026-03-26,225.8,38.7,22,1,M,180,Islamabad,Humid,1
598,2026-03-26,227.8,36.3,41,0,L,180,Karachi,Rain,0
599,2026-03-30,231.8,42.4,17,0,L,180,Islamabad,Rain,1
600,2026-04-07,233.5,56.3,36,0,L,55,Karachi,Hot,0
601,2026-03-31,227.0,32.7,17,0,L,43,Karachi,Clear,0
602,2026-04-04,232.0,55.7,31,2,H,78,Islamabad,Rain,0
603,2026-03-24,229.2,52.0,18,2,H,180,Karachi,Humid,1
604,2026-03-31,235.5,52.6,13,0,L,180,Islamabad,Rain,1
605,2026-03-31,231.0,42.4,39,1,M,5,Karachi,Rain,0
606,2026-04-01,227.8,43.0,23,0,L,84,Karachi,Humid,0
607,2026-03-16,235.2,51.4,32,0,L,180,Lahore,Clear,1
608,2026-04-08,234.2,49.6,12,2,H,15,Lahore,Rain,0
609,2026-03-18,225.0,27.9,19,2,H,100,Islamabad,Rain,1
610,2026-04-02,229.2,51.4,44,2,H,103,Lahore,Rain,0
611,2026-03-25,231.0,62.9,16,1,M,61,Islamabad,Hot,1
612,2026-03-31,229.8,33.9,30,0,L,180,Lahore,Rain,1
613,2026-03-26,226.5,33.9,46,0,L,59,Karachi,Humid,0
614,2026-03-16,231.2,52.0,33,1,M,16,Islamabad,Clear,0
615,2026-03-20,232.0,49.0,19,0,L,121,Islamabad,Clear,0
616,2026-03-23,226.2,41.8,17,1,M,30,Karachi,Humid,1
617,2026-03-19,235.5,62.3,31,1,M,159,Islamabad,Hot,0
618,2026-04-03,229.2,32.7,34,1,M,134,Islamabad,Humid,0
619,2026-04-12,234.2,48.4,49,1,M,180,Lahore,Clear,1
620,2026-04-04,230.5,41.8,32,0,L,117,Islamabad,Humid,0
621,2026-03-23,231.8,46.6,21,1,M,105,Karachi,Hot,0
622,2026-04-11,231.8,56.9,38,0,L,133,Lahore,Clear,0
623,2026-04-12,227.2,33.3,28,2,H,14,Lahore,Hot,0
624,2026-04-06,222.2,23.0,28,1,M,92,Karachi,Humid,0
625,2026-03-22,232.0,64.1,26,0,L,0,Karachi,Rain,0
626,2026-04-03,232.5,61.1,10,2,H,101,Lahore,Humid,1
627,2026-04-10,233.8,66.5,17,0,L,65,Islamabad,Hot,1
628,2026-03-22,236.8,69.6,10,0,L,94,Lahore,Humid,1
629,2026-04-05,229.2,46.0,41,1,M,142,Karachi,Rain,0
630,2026-04-04,234.5,67.7,14,1,M,2,Lahore,Hot,1
631,2026-04-12,233.8,60.5,10,0,L,180,Karachi,Humid,1
632,2026-04-11,224.2,26.6,100,0,L,180,Lahore,Hot,1
633,2026-04-06,232.2,52.6,43,2,H,43,Islamabad,Hot,0
634,2026-03-20,225.5,31.5,13,0,L,172,Lahore,Clear,1
635,2026-03-17,230.2,60.5,10,2,H,147,Lahore,Clear,1
636,2026-03-19,235.5,70.8,13,2,H,66,Karachi,Hot,1
637,2026-03-23,236.0,70.8,16,0,L,90,Karachi,Humid,1
638,2026-03-21,230.8,61.1,16,1,M,6,Karachi,Humid,1
639,2026-04-11,225.8,38.7,22,1,M,180,Lahore,Humid,1
640,2026-03-18,229.0,51.4,22,0,L,180,Islamabad,Rain,1
641,2026-03-21,238.0,67.1,31,0,L,107,Karachi,Hot,0
642,2026-03-19,232.0,62.9,17,1,M,144,Karachi,Hot,1
643,2026-03-25,227.2,32.7,26,2,H,126,Lahore,Rain,0
644,2026-04-12,238.0,72.0,23,1,M,180,Karachi,Hot,0
645,2026-03-29,226.2,32.1,25,0,L,7,Islamabad,Hot,0
646,2026-03-16,232.0,53.2,38,2,H,180,Islamabad,Rain,0
647,2026-03-27,236.2,70.2,17,2,H,112,Karachi,Clear,1
648,2026-04-05,236.8,53.2,26,0,L,91,Karachi,Hot,1
649,2026-03-30,231.2,52.0,10,1,M,23,Lahore,Rain,0
650,2026-03-21,233.5,66.5,29,1,M,108,Islamabad,Humid,0
651,2026-03-22,232.5,52.6,23,0,L,48,Islamabad,Clear,0
652,2026-03-20,229.2,43.0,61,2,H,77,Karachi,Humid,0
653,2026-04-07,230.2,43.0,20,0,L,180,Lahore,Hot,1
654,2026-03-21,224.0,35.1,13,0,L,180,Islamabad,Clear,1
655,2026-04-01,238.8,72.6,10,2,H,161,Islamabad,Rain,1
656,2026-04-13,233.0,63.5,16,2,H,101,Lahore,Hot,1
657,2026-04-05,225.0,35.7,39,0,L,83,Lahore,Rain,0
658,2026-04-08,236.2,70.2,17,2,H,112,Islamabad,Clear,1
659,2026-04-11,230.2,49.6,17,2,H,8,Islamabad,Humid,0
660,2026-04-05,232.5,59.3,44,0,L,68,Lahore,Hot,0
661,2026-04-03,229.0,45.4,32,0,L,180,Islamabad,Hot,0
662,2026-03-21,231.2,64.1,100,1,M,84,Karachi,Rain,1
663,2026-03-17,230.2,35.1,33,0,L,180,Karachi,Clear,0
664,2026-03-19,229.2,48.4,19,0,L,180,Lahore,Rain,0
665,2026-03-15,231.8,59.9,17,1,M,73,Lahore,Clear,1
666,2026-03-29,238.2,71.4,23,0,L,0,Lahore,Hot,0
667,2026-04-09,227.0,42.4,42,2,H,154,Karachi,Clear,0
668,2026-03-17,237.0,71.4,17,0,L,123,Islamabad,Hot,0
669,2026-03-22,226.2,39.9,50,0,L,177,Karachi,Clear,0
670,2026-04-08,232.2,61.7,16,1,M,126,Islamabad,Humid,1
671,2026-03-23,232.8,64.7,10,2,H,25,Karachi,Clear,1
672,2026-03-29,233.0,63.5,16,2,H,101,Islamabad,Humid,1
673,2026-03-24,232.2,56.3,33,2,H,114,Karachi,Clear,0
674,2026-03-16,232.2,61.7,14,1,M,134,Lahore,Clear,1
675,2026-04-03,230.2,60.5,10,2,H,147,Karachi,Rain,1
676,2026-03-19,229.2,52.0,18,2,H,180,Islamabad,Rain,1
677,2026-04-02,225.0,36.9,100,0,L,125,Karachi,Hot,1
678,2026-03-27,236.8,55.1,61,1,M,126,Karachi,Rain,0
679,2026-03-25,235.8,69.0,55,1,M,180,Karachi,Clear,0
680,2026-03-15,231.0,41.8,28,1,M,73,Lahore,Rain,0
681,2026-04-05,230.5,58.7,11,0,L,180,Karachi,Clear,1
682,2026-04-13,228.2,36.3,48,0,L,90,Lahore,Humid,0
683,2026-03-29,234.0,66.5,13,1,M,164,Lahore,Clear,1
684,2026-04-09,228.8,46.6,49,1,M,179,Karachi,Hot,1
685,2026-04-01,228.2,38.7,34,1,M,97,Karachi,Humid,0
686,2026-03-30,230.5,41.2,24,2,H,40,Karachi,Hot,1
687,2026-03-23,235.0,50.2,17,1,M,180,Islamabad,Hot,1
688,2026-03-15,223.8,25.4,31,0,L,38,Karachi,Hot,0
689,2026-03-25,230.5,50.2,19,2,H,180,Lahore,Rain,1
690,2026-03-23,226.0,38.1,21,0,L,180,Karachi,Hot,1
691,2026-04-06,230.5,51.4,20,2,H,180,Islamabad,Humid,1
692,2026-03-25,233.5,47.2,30,1,M,176,Karachi,Clear,0
693,2026-03-27,224.8,35.7,35,0,L,35,Islamabad,Hot,0
694,2026-04-09,231.8,64.1,41,2,H,74,Islamabad,Humid,0
695,2026-03-16,225.2,29.7,35,2,H,180,Karachi,Hot,1
696,2026-03-28,224.0,35.1,13,0,L,180,Lahore,Clear,1
697,2026-03-20,232.2,61.7,16,1,M,126,Islamabad,Humid,1
698,2026-03-22,225.8,36.9,34,1,M,73,Karachi,Humid,0
699,2026-04-01,238.8,72.6,10,2,H,161,Karachi,Clear,1
700,2026-03-30,227.2,31.5,22,0,L,12,Lahore,Humid,0
701,2026-04-04,232.2,64.7,15,1,M,6,Islamabad,Clear,1
702,2026-04-12,230.2,60.5,10,2,H,147,Islamabad,Humid,1
703,2026-03-26,226.5,33.9,20,2,H,43,Karachi,Humid,0
704,2026-03-25,231.2,64.1,67,2,H,87,Karachi,Clear,0
705,2026-03-20,227.5,35.7,55,1,M,111,Lahore,Clear,0
706,2026-03-17,230.5,51.4,20,2,H,180,Lahore,Humid,1
707,2026-03-28,226.2,41.8,17,1,M,30,Islamabad,Humid,1
708,2026-04-11,232.5,55.1,100,1,M,100,Islamabad,Clear,1
709,2026-03-16,233.5,63.5,34,0,L,180,Karachi,Rain,0
710,2026-03-25,234.2,68.4,49,2,H,55,Islamabad,Clear,0
711,2026-04-05,225.0,27.9,19,2,H,100,Lahore,Humid,1
712,2026-03-17,227.5,39.3,41,0,L,117,Lahore,Humid,0
713,2026-04-01,228.2,38.1,18,2,H,0,Karachi,Humid,0
714,2026-03-15,236.5,70.8,31,0,L,117,Lahore,Clear,0
715,2026-04-13,225.2,36.3,11,2,H,19,Lahore,Humid,0
716,2026-04-07,231.0,43.6,34,2,H,5,Lahore,Rain,0
717,2026-03-15,232.5,44.2,17,1,M,180,Lahore,Hot,0
718,2026-03-26,231.0,61.1,18,1,M,166,Karachi,Rain,1
719,2026-03-29,231.5,46.6,26,2,H,19,Karachi,Clear,0
720,2026-03-19,230.5,50.8,100,2,H,81,Islamabad,Humid,1
721,2026-04-10,237.0,71.4,55,2,H,175,Lahore,Clear,0
722,2026-03-20,231.0,62.9,40,2,H,179,Islamabad,Hot,0
723,2026-03-30,229.2,53.2,14,1,M,113,Karachi,Clear,1
724,2026-04-10,229.0,48.4,28,0,L,35,Karachi,Humid,0
725,2026-03-26,236.2,70.2,17,2,H,112,Karachi,Hot,1
726,2026-03-26,231.5,41.2,37,1,M,91,Karachi,Hot,0
727,2026-03-17,228.0,41.2,26,2,H,180,Karachi,Humid,0
728,2026-04-13,231.0,45.4,46,1,M,44,Karachi,Humid,0
729,2026-04-06,231.2,41.8,100,0,L,142,Karachi,Humid,1
730,2026-03-16,226.2,39.3,37,1,M,15,Lahore,Clear,0
731,2026-03-21,231.8,64.7,11,2,H,20,Islamabad,Rain,1
732,2026-03-16,225.2,35.7,43,2,H,142,Karachi,Clear,0
733,2026-04-04,225.5,31.5,13,0,L,172,Lahore,Clear,1
734,2026-03-21,238.8,72.6,10,2,H,161,Lahore,Rain,1
735,2026-03-25,232.8,58.1,46,1,M,58,Islamabad,Humid,0
736,2026-03-25,230.2,43.0,20,0,L,180,Karachi,Humid,1
737,2026-03-28,229.2,39.9,27,0,L,141,Islamabad,Rain,0
738,2026-03-17,229.5,38.7,95,0,L,98,Karachi,Rain,1
739,2026-03-28,228.2,32.7,30,1,M,144,Lahore,Clear,0
740,2026-03-25,227.8,33.3,23,2,H,2,Lahore,Hot,0
741,2026-03-18,230.8,61.1,16,1,M,6,Lahore,Rain,1
742,2026-03-31,233.2,62.3,33,0,L,30,Lahore,Clear,0
743,2026-03-30,229.2,38.7,34,0,L,141,Islamabad,Hot,0
744,2026-03-17,226.5,33.3,100,0,L,127,Karachi,Humid,1
745,2026-04-08,233.5,52.6,100,0,L,170,Karachi,Humid,1
746,2026-03-24,233.8,67.7,16,0,L,29,Islamabad,Clear,1
747,2026-04-04,238.8,72.0,22,1,M,180,Karachi,Clear,1
748,2026-03-29,231.2,63.5,55,1,M,90,Lahore,Rain,0
749,2026-03-22,230.5,42.4,17,0,L,180,Karachi,Humid,1
750,2026-04-01,230.5,51.4,20,2,H,180,Lahore,Clear,1
751,2026-03-17,230.5,51.4,20,2,H,180,Islamabad,Humid,1
752,2026-03-21,231.2,43.6,50,0,L,12,Karachi,Humid,0
753,2026-04-13,231.5,62.9,18,1,M,165,Islamabad,Rain,1
754,2026-03-24,230.5,50.8,100,2,H,81,Karachi,Hot,1
755,2026-04-03,236.8,69.6,10,0,L,94,Lahore,Rain,1
756,2026-03-23,231.8,57.5,100,1,M,21,Islamabad,Clear,1
757,2026-03-28,229.5,39.3,10,0,L,12,Karachi,Rain,1
758,2026-04-06,236.5,64.1,25,1,M,180,Lahore,Rain,1
759,2026-03-28,231.5,42.4,23,0,L,157,Islamabad,Humid,0
760,2026-03-25,233.0,63.5,16,2,H,101,Islamabad,Rain,1
761,2026-04-11,231.2,43.0,11,0,L,180,Karachi,Clear,1
762,2026-03-15,234.0,68.4,15,0,L,32,Karachi,Hot,1
763,2026-03-18,235.5,63.5,32,1,M,86,Karachi,Rain,0
764,2026-04-09,233.5,62.9,38,2,H,180,Lahore,Rain,0
765,2026-04-10,230.8,41.8,27,0,L,109,Karachi,Hot,0
766,2026-03-20,236.2,70.2,17,2,H,112,Islamabad,Clear,1
767,2026-04-05,233.5,55.1,19,0,L,180,Islamabad,Clear,0
768,2026-04-09,238.5,72.0,59,2,H,17,Karachi,Rain,0
769,2026-04-05,225.8,38.1,100,0,L,57,Karachi,Humid,1
770,2026-03-19,232.5,62.9,32,1,M,152,Islamabad,Rain,0
771,2026-03-17,235.5,70.8,13,2,H,66,Lahore,Hot,1
772,2026-03-16,231.8,50.8,34,1,M,21,Karachi,Hot,0
773,2026-03-17,233.0,62.3,17,2,H,130,Karachi,Hot,1
774,2026-03-23,233.5,56.9,27,0,L,159,Islamabad,Rain,0
775,2026-04-02,234.2,53.8,23,1,M,118,Karachi,Rain,0
776,2026-04-02,234.5,67.7,14,1,M,2,Lahore,Clear,1
777,2026-03-31,231.0,58.1,13,0,L,77,Islamabad,Humid,1
778,2026-04-01,228.2,35.1,20,0,L,0,Karachi,Rain,1
779,2026-03-25,234.5,64.1,43,2,H,180,Islamabad,Clear,1
780,2026-03-26,228.2,38.1,18,2,H,0,Karachi,Rain,0
781,2026-03-17,229.5,38.7,28,1,M,119,Karachi,Clear,0
782,2026-04-01,224.5,35.1,43,2,H,124,Karachi,Clear,0
783,2026-04-07,224.2,35.7,40,2,H,180,Lahore,Humid,1
784,2026-03-20,236.2,54.5,100,1,M,143,Lahore,Rain,1
785,2026-03-21,233.0,63.5,16,2,H,101,Islamabad,Clear,1
786,2026-03-15,231.0,41.2,10,1,M,180,Karachi,Hot,1
787,2026-03-20,225.2,29.7,35,2,H,180,Karachi,Hot,1
788,2026-04-01,233.5,61.7,23,2,H,101,Lahore,Hot,0
789,2026-03-27,233.2,59.9,10,0,L,128,Karachi,Humid,0
790,2026-04-05,231.0,59.3,100,1,M,180,Lahore,Clear,1
791,2026-04-02,236.2,66.5,43,2,H,117,Karachi,Humid,0
792,2026-03-21,225.2,29.7,35,2,H,180,Islamabad,Rain,1
793,2026-04-02,232.0,56.9,34,2,H,180,Karachi,Rain,0
794,2026-03-23,232.0,60.5,10,0,L,90,Karachi,Clear,1
795,2026-03-17,234.5,48.4,25,0,L,130,Lahore,Hot,0
796,2026-04-06,230.8,56.9,45,1,M,44,Karachi,Clear,0
797,2026-03-26,225.2,29.1,43,2,H,117,Karachi,Clear,0
798,2026-04-03,229.2,52.0,18,2,H,180,Lahore,Clear,1
799,2026-04-07,232.2,55.7,21,0,L,66,Islamabad,Humid,0
800,2026-04-13,228.8,46.0,22,0,L,180,Islamabad,Rain,0
801,2026-04-01,231.0,40.5,20,1,M,64,Lahore,Clear,1
802,2026-03-22,235.5,70.8,13,2,H,66,Lahore,Clear,1
803,2026-03-23,228.2,37.5,17,2,H,23,Lahore,Clear,0
804,2026-03-27,230.5,53.2,11,0,L,180,Lahore,Humid,1
805,2026-03-22,227.5,36.3,23,1,M,47,Lahore,Humid,0
806,2026-04-05,229.8,52.6,19,1,M,160,Islamabad,Humid,0
807,2026-03-24,238.8,72.6,30,1,M,124,Islamabad,Clear,0
808,2026-03-31,235.5,69.0,20,2,H,54,Lahore,Hot,0
809,2026-03-21,234.8,64.7,100,1,M,2,Karachi,Hot,1
810,2026-03-31,236.0,52.6,30,0,L,155,Lahore,Hot,0
811,2026-04-06,233.8,58.1,21,0,L,89,Karachi,Rain,0
812,2026-04-13,231.0,58.1,16,0,L,70,Lahore,Clear,1
813,2026-04-01,228.0,35.1,67,0,L,180,Lahore,Hot,1
814,2026-04-07,236.2,70.2,17,2,H,112,Islamabad,Hot,1
815,2026-03-16,233.0,62.3,17,2,H,130,Karachi,Hot,1
816,2026-03-17,230.2,50.8,11,0,L,146,Karachi,Clear,0
817,2026-04-12,234.5,68.4,17,1,M,60,Islamabad,Hot,1
818,2026-04-11,233.0,62.3,16,1,M,67,Islamabad,Hot,1
819,2026-04-02,224.2,35.7,40,2,H,180,Islamabad,Clear,1
820,2026-03-15,229.0,32.7,56,0,L,81,Islamabad,Rain,0
821,2026-04-04,236.8,69.6,14,0,L,76,Karachi,Humid,0
822,2026-04-04,227.5,38.7,22,1,M,119,Karachi,Hot,1
823,2026-03-24,225.2,29.7,35,2,H,180,Lahore,Humid,1
824,2026-04-04,233.0,55.7,16,1,M,118,Lahore,Rain,0
825,2026-03-28,233.0,59.9,22,1,M,20,Islamabad,Rain,1
826,2026-03-27,233.0,62.3,17,2,H,130,Islamabad,Hot,1
827,2026-03-23,233.5,64.7,10,1,M,125,Islamabad,Clear,1
828,2026-03-20,232.5,61.1,16,1,M,180,Lahore,Rain,1
829,2026-03-20,226.8,37.5,11,0,L,180,Lahore,Humid,1
830,2026-04-02,230.2,51.4,13,2,H,159,Lahore,Humid,1
831,2026-04-04,229.2,45.4,19,2,H,154,Lahore,Humid,0
832,2026-03-24,233.2,56.3,38,0,L,151,Lahore,Humid,0
833,2026-04-06,229.0,46.6,20,1,M,180,Lahore,Rain,1
834,2026-03-17,225.8,38.7,22,1,M,180,Lahore,Hot,1
835,2026-04-01,233.5,54.5,10,0,L,177,Islamabad,Hot,1
836,2026-04-04,227.5,35.7,55,1,M,111,Islamabad,Humid,0
837,2026-04-02,231.8,57.5,100,1,M,21,Islamabad,Hot,1
838,2026-03-19,225.2,28.5,10,1,M,105,Islamabad,Humid,1
839,2026-04-08,235.5,70.8,13,2,H,66,Lahore,Humid,1
840,2026-03-25,233.5,64.7,10,1,M,125,Karachi,Clear,1
841,2026-03-24,231.2,52.6,16,2,H,180,Lahore,Rain,1
842,2026-03-31,235.0,52.0,23,2,H,87,Karachi,Rain,0
843,2026-03-18,231.0,61.1,18,1,M,166,Islamabad,Humid,1
844,2026-04-09,231.8,55.7,18,0,L,115,Lahore,Rain,0
845,2026-04-04,225.0,27.9,19,2,H,100,Islamabad,Hot,1
846,2026-04-01,231.0,62.3,49,2,H,115,Lahore,Humid,0
847,2026-04-11,226.0,32.1,41,0,L,180,Islamabad,Clear,1
848,2026-04-01,225.2,29.7,35,2,H,180,Karachi,Hot,1
849,2026-03-15,233.0,62.3,17,2,H,130,Karachi,Clear,1
850,2026-03-28,236.5,64.1,25,1,M,180,Karachi,Clear,1
851,2026-03-22,231.2,43.0,11,0,L,180,Lahore,Rain,1
852,2026-03-16,227.5,36.3,30,2,H,5,Karachi,Rain,0
853,2026-04-02,225.5,30.3,10,0,L,153,Lahore,Humid,1
854,2026-03-29,234.0,68.4,15,0,L,32,Karachi,Rain,1
855,2026-04-11,231.5,62.9,17,1,M,161,Karachi,Clear,1
856,2026-03-16,224.8,35.7,30,0,L,124,Lahore,Clear,0
857,2026-03-18,227.5,44.8,26,0,L,96,Lahore,Hot,0
858,2026-04-13,234.2,48.4,49,1,M,180,Karachi,Clear,1
859,2026-03-15,233.8,67.7,16,0,L,29,Lahore,Humid,1
860,2026-04-02,232.2,56.9,47,2,H,49,Karachi,Humid,0
861,2026-04-04,230.5,41.2,24,2,H,40,Lahore,Rain,1
862,2026-03-24,235.0,69.0,20,0,L,180,Islamabad,Rain,0
863,2026-03-15,233.5,59.3,26,2,H,149,Islamabad,Rain,0
864,2026-04-03,232.5,56.9,17,1,M,92,Islamabad,Humid,1
865,2026-04-05,230.0,38.7,67,1,M,170,Islamabad,Clear,0
866,2026-03-29,232.0,60.5,17,0,L,85,Islamabad,Rain,1
867,2026-03-18,231.2,52.6,16,2,H,180,Karachi,Hot,1
868,2026-03-21,228.2,43.6,31,0,L,180,Islamabad,Rain,1
869,2026-04-13,235.5,69.6,14,0,L,93,Islamabad,Humid,1
870,2026-03-21,225.0,35.7,32,1,M,69,Islamabad,Rain,0
871,2026-04-05,237.2,70.2,30,2,H,155,Islamabad,Clear,0
872,2026-04-08,231.0,62.9,20,0,L,177,Lahore,Rain,0
873,2026-04-01,231.0,52.0,34,0,L,23,Karachi,Humid,0
874,2026-03-27,236.2,54.5,100,1,M,143,Islamabad,Humid,1
875,2026-03-24,229.8,41.2,32,2,H,152,Islamabad,Hot,0
876,2026-04-07,230.0,49.6,28,2,H,108,Islamabad,Humid,0
877,2026-03-22,232.0,64.7,10,0,L,180,Karachi,Hot,1
878,2026-04-10,234.8,51.4,28,2,H,97,Lahore,Clear,0
879,2026-03-24,229.2,52.0,18,2,H,180,Karachi,Humid,1
880,2026-03-28,233.0,46.0,10,0,L,180,Lahore,Rain,1
881,2026-03-28,235.0,69.0,16,1,M,180,Islamabad,Clear,1
882,2026-04-10,233.8,50.2,18,1,M,136,Islamabad,Rain,1
883,2026-04-03,239.5,74.4,60,0,L,170,Karachi,Rain,0
884,2026-04-05,226.0,32.7,53,0,L,180,Karachi,Rain,0
885,2026-03-25,235.5,51.4,47,1,M,97,Lahore,Clear,0
886,2026-03-20,230.2,40.5,22,2,H,85,Lahore,Clear,0
887,2026-04-04,232.2,58.1,11,1,M,75,Karachi,Humid,1
888,2026-04-13,232.5,52.0,34,0,L,60,Lahore,Rain,0
889,2026-03-15,230.8,52.0,24,0,L,103,Karachi,Hot,0
890,2026-04-02,231.2,42.4,46,1,M,64,Lahore,Humid,0
891,2026-03-21,230.0,40.5,37,2,H,94,Karachi,Clear,0
892,2026-04-07,226.5,36.9,25,1,M,180,Karachi,Hot,0
893,2026-04-01,227.8,32.7,13,2,H,169,Karachi,Clear,0
894,2026-03-17,235.0,52.0,30,0,L,180,Lahore,Hot,0
895,2026-04-03,227.2,33.3,34,2,H,7,Lahore,Humid,0
896,2026-04-13,230.5,51.4,20,2,H,180,Lahore,Hot,1
897,2026-03-25,225.8,37.5,21,1,M,168,Karachi,Humid,0
898,2026-03-19,238.5,71.4,26,0,L,25,Lahore,Clear,0
899,2026-04-02,233.0,46.6,29,0,L,180,Lahore,Hot,0
900,2026-04-04,229.8,40.5,16,0,L,106,Karachi,Rain,0
901,2026-04-07,229.5,38.7,31,1,M,128,Islamabad,Rain,0
902,2026-04-07,231.5,52.0,45,0,L,180,Karachi,Clear,1
903,2026-04-13,232.5,60.5,15,0,L,83,Lahore,Hot,0
904,2026-03-16,231.5,59.3,14,0,L,64,Karachi,Rain,1
905,2026-04-05,229.0,44.8,24,2,H,9,Islamabad,Humid,0
906,2026-03-18,221.5,22.4,49,1,M,84,Karachi,Hot,0
907,2026-04-08,232.5,56.9,17,1,M,92,Lahore,Hot,1
908,2026-03-24,227.2,41.8,23,1,M,35,Islamabad,Rain,0
909,2026-03-16,233.5,46.6,40,0,L,141,Lahore,Humid,0
910,2026-03-22,237.2,67.7,10,0,L,144,Islamabad,Humid,0
911,2026-03-15,225.2,29.7,35,2,H,180,Islamabad,Humid,1
912,2026-04-10,227.5,36.3,28,1,M,176,Karachi,Hot,1
913,2026-03-20,231.0,40.5,20,1,M,64,Karachi,Clear,1
914,2026-03-25,229.5,39.9,38,2,H,27,Lahore,Hot,0
915,2026-04-10,228.2,35.1,20,0,L,0,Karachi,Hot,1
916,2026-04-13,234.2,69.0,11,1,M,44,Karachi,Rain,1
917,2026-04-11,232.0,60.5,61,0,L,175,Islamabad,Clear,0
918,2026-03-24,235.8,70.8,100,1,M,71,Karachi,Humid,1
919,2026-03-27,224.5,27.9,36,0,L,60,Islamabad,Rain,0
920,2026-03-15,228.8,35.1,45,2,H,29,Islamabad,Hot,0
921,2026-03-16,227.0,43.6,18,0,L,180,Islamabad,Clear,1
922,2026-03-17,228.0,36.3,38,0,L,153,Lahore,Humid,0
923,2026-03-23,233.8,66.5,14,0,L,174,Lahore,Humid,1
924,2026-03-19,230.5,41.2,24,2,H,40,Lahore,Hot,1
925,2026-03-24,233.8,62.9,31,2,H,180,Islamabad,Humid,0
926,2026-03-24,230.5,58.7,26,1,M,180,Lahore,Humid,0
927,2026-03-26,226.5,32.7,28,0,L,180,Lahore,Clear,1
928,2026-04-01,236.0,70.8,16,0,L,90,Karachi,Rain,1
929,2026-04-09,229.8,52.6,80,1,M,180,Lahore,Clear,1
930,2026-04-04,237.8,71.4,22,1,M,180,Lahore,Rain,0
931,2026-04-04,231.5,53.2,58,2,H,38,Islamabad,Rain,0
932,2026-03-15,231.2,64.1,100,1,M,84,Islamabad,Rain,1
933,2026-03-17,233.0,63.5,16,2,H,101,Islamabad,Humid,1
934,2026-03-19,225.5,31.5,24,0,L,180,Islamabad,Clear,0
935,2026-04-08,229.2,39.3,37,2,H,97,Islamabad,Humid,0
936,2026-04-09,229.2,52.0,18,2,H,180,Islamabad,Hot,1
937,2026-03-31,227.0,33.3,19,2,H,56,Lahore,Clear,0
938,2026-03-22,235.2,50.8,10,0,L,180,Islamabad,Rain,1
939,2026-03-31,232.8,53.8,19,2,H,131,Islamabad,Humid,0
940,2026-03-23,233.2,65.9,20,1,M,52,Karachi,Humid,0
941,2026-03-20,226.8,32.7,24,1,M,116,Lahore,Clear,0
942,2026-03-31,233.5,56.3,52,0,L,180,Lahore,Clear,0
943,2026-03-22,230.2,51.4,46,0,L,145,Lahore,Rain,1
944,2026-04-04,230.0,39.9,73,0,L,7,Islamabad,Rain,0
945,2026-03-21,238.0,71.4,61,1,M,66,Islamabad,Hot,0
946,2026-03-21,235.0,61.7,38,1,M,63,Islamabad,Rain,0
947,2026-03-29,232.2,46.6,41,0,L,142,Karachi,Humid,0
948,2026-03-21,232.2,64.7,15,1,M,6,Islamabad,Hot,1
949,2026-04-05,231.5,59.9,46,2,H,100,Karachi,Hot,0
950,2026-04-10,228.2,37.5,31,1,M,180,Lahore,Hot,0
951,2026-03-22,230.2,51.4,13,2,H,159,Islamabad,Clear,1
952,2026-03-23,229.2,52.0,21,0,L,99,Karachi,Rain,0
953,2026-04-11,233.2,54.5,38,0,L,176,Karachi,Hot,0
954,2026-03-29,226.8,44.2,34,1,M,180,Islamabad,Clear,1
955,2026-03-16,229.8,50.2,20,0,L,87,Lahore,Clear,0
956,2026-03-21,232.0,62.9,17,1,M,144,Lahore,Hot,1
957,2026-03-29,226.8,33.3,31,0,L,180,Lahore,Hot,0
958,2026-04-01,226.8,44.2,34,1,M,180,Karachi,Humid,1
959,2026-04-05,236.0,63.5,34,0,L,3,Karachi,Hot,0
960,2026-04-01,232.2,56.3,35,0,L,72,Karachi,Humid,0
961,2026-03-24,232.5,56.9,41,0,L,94,Karachi,Hot,0
962,2026-04-05,231.2,63.5,13,0,L,148,Lahore,Hot,1
963,2026-04-01,229.2,47.2,35,0,L,122,Islamabad,Rain,0
964,2026-03-15,230.2,58.7,10,1,M,111,Karachi,Hot,1
965,2026-03-21,233.0,63.5,16,2,H,101,Karachi,Hot,1
966,2026-03-17,232.5,61.1,17,1,M,180,Lahore,Humid,1
967,2026-03-28,235.2,70.2,22,1,M,101,Islamabad,Humid,1
968,2026-03-26,225.5,39.3,10,2,H,141,Islamabad,Rain,0
969,2026-03-28,231.8,64.7,11,2,H,20,Lahore,Hot,1
970,2026-04-12,238.8,73.2,38,2,H,139,Lahore,Hot,0
971,2026-03-18,233.0,62.3,17,2,H,130,Islamabad,Humid,1
972,2026-03-27,225.0,27.9,19,2,H,100,Karachi,Clear,1
973,2026-03-30,232.8,60.5,18,0,L,180,Islamabad,Clear,1
974,2026-03-30,224.5,29.7,100,0,L,18,Lahore,Clear,1
975,2026-04-05,231.8,64.7,11,2,H,20,Karachi,Humid,1
976,2026-03-19,235.5,64.1,40,0,L,69,Karachi,Humid,0
977,2026-04-03,234.2,62.3,13,0,L,180,Lahore,Clear,1
978,2026-04-08,229.0,46.6,20,1,M,180,Lahore,Clear,1
979,2026-03-20,237.8,71.4,22,1,M,180,Lahore,Hot,0
980,2026-03-20,225.5,37.5,11,0,L,67,Islamabad,Humid,1
981,2026-04-01,232.2,56.3,33,2,H,114,Islamabad,Humid,0
982,2026-03-20,229.2,49.6,26,1,M,180,Karachi,Clear,0
983,2026-03-21,226.8,32.1,67,2,H,90,Lahore,Clear,0
984,2026-04-07,234.5,64.1,43,2,H,180,Karachi,Rain,1
985,2026-04-13,230.8,42.4,26,2,H,180,Karachi,Humid,0
986,2026-04-07,226.0,30.3,16,0,L,180,Karachi,Rain,1
987,2026-03-30,233.0,63.5,16,2,H,101,Karachi,Hot,1
988,2026-03-23,233.0,58.7,20,0,L,180,Lahore,Rain,1
989,2026-04-09,235.2,68.4,24,1,M,61,Karachi,Clear,0
990,2026-04-10,225.2,29.7,35,2,H,180,Lahore,Humid,1
991,2026-03-27,233.0,63.5,16,2,H,101,Lahore,Humid,1
992,2026-03-26,232.5,61.1,10,2,H,101,Islamabad,Rain,1
993,2026-04-02,235.5,53.8,94,2,H,43,Lahore,Rain,0
994,2026-04-09,224.8,29.1,10,0,L,142,Islamabad,Hot,0
995,2026-04-06,232.2,61.7,13,0,L,159,Lahore,Hot,1
996,2026-04-06,229.0,39.9,31,1,M,177,Lahore,Clear,0
997,2026-03-15,225.5,30.3,65,2,H,179,Lahore,Clear,0
998,2026-03-22,226.2,39.9,16,0,L,172,Islamabad,Clear,1
999,2026-03-18,229.0,51.4,22,0,L,180,Islamabad,Rain,1
1000,2026-04-04,234.8,61.1,50,2,H,46,Karachi,Rain,0
1001,2026-04-13,227.5,36.9,16,1,M,158,Islamabad,Humid,0
1002,2026-04-05,234.8,51.4,10,1,M,165,Islamabad,Clear,0
1003,2026-04-02,231.5,49.6,25,0,L,34,Islamabad,Rain,0
1004,2026-04-04,231.0,60.5,16,0,L,174,Islamabad,Humid,1
1005,2026-04-09,233.0,62.3,17,2,H,130,Karachi,Clear,1
1006,2026-03-19,230.5,41.2,24,2,H,40,Islamabad,Hot,1
1007,2026-03-31,231.8,64.1,45,2,H,62,Lahore,Hot,0
1008,2026-03-17,233.2,65.3,23,2,H,47,Lahore,Rain,0
1009,2026-04-02,233.8,60.5,10,0,L,180,Islamabad,Humid,1
1010,2026-03-15,238.0,71.4,37,2,H,147,Islamabad,Hot,0
1011,2026-04-12,232.5,45.4,39,0,L,5,Lahore,Humid,0
1012,2026-04-06,232.5,62.3,34,1,M,141,Lahore,Humid,0
1013,2026-03-15,229.0,51.4,22,0,L,180,Karachi,Hot,1
1014,2026-04-06,231.2,52.0,18,0,L,71,Lahore,Humid,0
1015,2026-04-03,229.2,52.0,17,1,M,45,Lahore,Hot,1
1016,2026-03-23,231.2,52.6,16,2,H,180,Islamabad,Rain,1
1017,2026-04-06,233.8,66.5,55,0,L,180,Lahore,Clear,0
1018,2026-03-19,228.0,36.3,14,1,M,68,Karachi,Clear,0
1019,2026-03-21,232.5,61.1,16,1,M,180,Lahore,Rain,1
1020,2026-04-08,233.2,62.3,46,0,L,3,Islamabad,Hot,0
1021,2026-04-09,225.8,38.1,35,2,H,52,Islamabad,Hot,0
1022,2026-03-20,231.8,64.7,11,2,H,20,Lahore,Hot,1
1023,2026-03-31,229.5,58.7,10,0,L,180,Islamabad,Hot,1
1024,2026-04-05,236.5,65.9,31,0,L,180,Karachi,Rain,0
1025,2026-03-31,233.0,63.5,16,2,H,101,Karachi,Clear,1
1026,2026-03-27,230.5,50.2,19,2,H,180,Lahore,Humid,1
1027,2026-03-26,234.0,66.5,13,1,M,164,Lahore,Humid,1
1028,2026-03-18,237.8,70.2,100,1,M,26,Lahore,Clear,1
1029,2026-04-13,231.8,55.1,11,0,L,49,Islamabad,Rain,1
1030,2026-03-22,226.2,41.8,17,1,M,30,Karachi,Humid,1
1031,2026-03-19,232.0,60.5,23,1,M,76,Karachi,Clear,0
1032,2026-03-19,235.8,69.6,17,0,L,30,Islamabad,Rain,1
1033,2026-03-27,226.2,41.8,17,1,M,30,Karachi,Humid,1
1034,2026-04-09,232.2,61.7,14,1,M,134,Lahore,Hot,1
1035,2026-03-25,230.2,51.4,13,2,H,159,Lahore,Hot,1
1036,2026-03-22,233.5,58.7,31,1,M,158,Lahore,Rain,0
1037,2026-03-22,234.5,61.7,53,1,M,116,Karachi,Hot,0
1038,2026-03-15,231.8,42.4,17,0,L,180,Lahore,Rain,1
1039,2026-03-27,231.0,62.3,16,0,L,36,Islamabad,Clear,1
1040,2026-04-12,230.5,50.8,100,2,H,81,Islamabad,Clear,1
1041,2026-03-19,237.8,70.8,23,0,L,42,Karachi,Humid,0
1042,2026-04-11,234.5,49.6,23,2,H,127,Islamabad,Rain,0
1043,2026-04-04,223.2,25.4,34,2,H,28,Islamabad,Humid,0
1044,2026-03-22,225.2,29.7,35,2,H,180,Karachi,Humid,1
1045,2026-03-31,230.5,42.4,17,0,L,180,Lahore,Clear,1
1046,2026-04-06,227.2,41.2,40,1,M,52,Lahore,Humid,0
1047,2026-04-06,224.2,35.7,20,1,M,0,Lahore,Hot,0
1048,2026-03-27,227.8,37.5,23,2,H,153,Karachi,Humid,0
1049,2026-03-23,234.2,67.7,15,0,L,9,Islamabad,Rain,1
1050,2026-03-16,226.2,38.7,10,0,L,180,Lahore,Hot,1
1051,2026-04-02,232.2,61.7,16,1,M,126,Lahore,Clear,1
1052,2026-04-03,233.0,62.3,16,1,M,67,Karachi,Rain,1
1053,2026-03-31,226.2,36.3,17,0,L,180,Lahore,Hot,1
1054,2026-03-21,232.2,53.2,38,0,L,180,Karachi,Rain,1
1055,2026-04-13,225.2,30.9,23,0,L,179,Islamabad,Hot,0
1056,2026-04-09,230.2,52.0,22,0,L,147,Karachi,Rain,0
1057,2026-03-17,227.2,33.9,40,1,M,25,Karachi,Rain,0
1058,2026-04-02,231.5,62.9,18,1,M,165,Karachi,Hot,1
1059,2026-04-02,234.8,55.1,22,2,H,0,Karachi,Clear,0
1060,2026-04-07,226.5,37.5,62,2,H,49,Islamabad,Clear,0
1061,2026-03-23,231.8,53.2,37,0,L,23,Islamabad,Rain,0
1062,2026-03-24,233.2,64.1,13,1,M,111,Lahore,Rain,1
1063,2026-04-12,236.8,69.6,10,0,L,94,Islamabad,Clear,1
1064,2026-03-28,231.2,52.6,16,2,H,180,Islamabad,Clear,1
1065,2026-04-01,234.0,61.1,56,0,L,180,Lahore,Humid,0
1066,2026-04-09,233.0,59.9,22,1,M,20,Islamabad,Clear,1
1067,2026-03-29,231.8,56.9,23,0,L,108,Karachi,Rain,0
1068,2026-04-09,233.8,53.2,41,2,H,143,Karachi,Hot,0
1069,2026-03-15,234.2,49.6,25,1,M,68,Lahore,Clear,0
1070,2026-04-13,228.8,46.6,49,1,M,179,Lahore,Humid,1
1071,2026-04-08,231.0,43.0,22,0,L,180,Lahore,Humid,0
1072,2026-03-20,234.2,62.9,31,1,M,60,Karachi,Humid,0
1073,2026-04-13,230.5,50.2,19,2,H,180,Islamabad,Hot,1
1074,2026-03-29,229.5,47.8,21,1,M,59,Karachi,Clear,0
1075,2026-04-08,232.8,62.3,56,1,M,127,Lahore,Clear,0
1076,2026-03-20,224.2,27.9,32,0,L,173,Islamabad,Clear,0
1077,2026-04-01,225.0,27.9,19,2,H,100,Islamabad,Hot,1
1078,2026-03-15,230.8,51.4,38,1,M,180,Karachi,Hot,0
1079,2026-04-13,234.5,67.7,14,1,M,2,Lahore,Rain,1
1080,2026-04-07,227.2,38.7,33,1,M,96,Karachi,Humid,0
1081,2026-03-17,220.5,20.6,32,1,M,178,Islamabad,Humid,0
1082,2026-03-31,235.8,53.2,25,1,M,180,Karachi,Clear,0
1083,2026-03-30,234.2,50.8,11,0,L,71,Karachi,Hot,0
1084,2026-03-22,224.5,36.3,48,2,H,26,Lahore,Hot,0
1085,2026-04-11,224.5,36.3,48,2,H,26,Lahore,Clear,0
1086,2026-03-31,227.0,37.5,100,1,M,86,Islamabad,Clear,1
1087,2026-03-22,226.2,39.3,10,0,L,42,Karachi,Rain,1
1088,2026-03-31,237.8,70.2,100,1,M,26,Karachi,Humid,1
1089,2026-04-08,233.8,67.7,16,0,L,29,Karachi,Humid,1
1090,2026-04-13,233.0,63.5,13,0,L,97,Islamabad,Humid,1
1091,2026-03-23,237.2,68.4,49,2,H,125,Islamabad,Rain,0
1092,2026-03-26,231.5,52.0,45,0,L,180,Lahore,Clear,1
1093,2026-04-12,229.2,39.3,16,0,L,180,Lahore,Clear,1
1094,2026-04-08,230.5,41.2,24,2,H,40,Lahore,Humid,1
1095,2026-04-02,231.2,52.6,16,2,H,180,Karachi,Humid,1
1096,2026-03-18,228.5,43.6,14,0,L,180,Karachi,Rain,1
1097,2026-04-04,225.2,29.7,35,2,H,180,Lahore,Hot,1
1098,2026-04-05,231.0,55.7,28,1,M,44,Karachi,Hot,0
1099,2026-04-08,231.0,56.3,32,1,M,180,Lahore,Humid,0
1100,2026-04-12,226.0,31.5,23,0,L,180,Islamabad,Rain,1
1101,2026-03-25,230.8,52.0,10,1,M,87,Lahore,Humid,0
1102,2026-04-11,226.5,32.1,46,1,M,8,Islamabad,Hot,0
1103,2026-03-18,231.5,42.4,46,2,H,69,Karachi,Humid,0
1104,2026-03-28,230.0,40.5,37,2,H,94,Lahore,Hot,0
1105,2026-03-28,233.2,59.9,44,1,M,116,Karachi,Hot,0
1106,2026-03-20,232.2,59.3,100,0,L,124,Islamabad,Hot,1
1107,2026-04-12,234.2,53.8,33,1,M,126,Islamabad,Clear,0
1108,2026-03-31,227.5,36.3,10,0,L,180,Islamabad,Clear,1
1109,2026-03-16,227.8,43.6,71,2,H,104,Karachi,Humid,0
1110,2026-03-22,233.0,62.3,16,1,M,67,Karachi,Hot,1
1111,2026-03-18,235.0,50.8,20,1,M,176,Karachi,Clear,0
1112,2026-03-24,231.8,57.5,100,1,M,21,Karachi,Humid,1
1113,2026-03-21,224.2,35.7,40,2,H,180,Islamabad,Humid,1
1114,2026-03-18,234.2,47.8,28,1,M,108,Islamabad,Humid,0
1115,2026-03-30,228.2,37.5,41,0,L,155,Lahore,Humid,0
1116,2026-03-28,232.8,58.1,16,0,L,180,Lahore,Humid,1
1117,2026-03-30,226.8,37.5,48,2,H,81,Karachi,Rain,0
1118,2026-04-08,231.0,53.2,20,0,L,180,Islamabad,Hot,1
1119,2026-03-23,229.2,52.0,18,2,H,180,Islamabad,Humid,1
1120,2026-03-18,232.5,61.1,16,0,L,41,Islamabad,Rain,1
1121,2026-04-12,234.2,48.4,49,1,M,180,Lahore,Hot,1
1122,2026-04-07,231.5,42.4,34,1,M,180,Lahore,Clear,0
1123,2026-03-20,229.8,52.6,80,1,M,180,Islamabad,Humid,1
1124,2026-03-15,232.5,53.2,14,0,L,180,Islamabad,Rain,1
1125,2026-03-21,231.0,61.1,18,1,M,166,Islamabad,Clear,1
1126,2026-03-15,230.2,40.5,38,2,H,121,Lahore,Rain,0
1127,2026-04-02,232.2,61.7,16,1,M,126,Islamabad,Hot,1
1128,2026-03-22,235.0,51.4,61,0,L,47,Islamabad,Hot,0
1129,2026-04-08,226.8,41.2,40,1,M,14,Karachi,Clear,0
1130,2026-03-17,228.0,38.7,58,2,H,24,Karachi,Rain,0
1131,2026-03-15,238.5,71.4,100,0,L,5,Lahore,Humid,1
1132,2026-03-15,233.0,58.7,20,0,L,180,Islamabad,Humid,1
1133,2026-03-21,232.5,55.1,100,1,M,100,Islamabad,Clear,1
1134,2026-04-04,238.8,72.6,10,2,H,161,Karachi,Clear,1
1135,2026-03-27,233.8,53.2,43,1,M,178,Lahore,Clear,0
1136,2026-04-13,226.0,38.1,21,0,L,180,Karachi,Rain,1
1137,2026-03-15,228.2,45.4,40,1,M,180,Karachi,Humid,0
1138,2026-03-30,226.5,37.5,36,1,M,180,Karachi,Humid,0
1139,2026-04-05,236.0,64.7,40,2,H,148,Karachi,Humid,0
1140,2026-04-13,230.0,60.5,19,1,M,142,Islamabad,Clear,1
1141,2026-04-05,230.2,60.5,10,2,H,147,Islamabad,Humid,1
1142,2026-03-28,227.5,38.7,22,1,M,119,Karachi,Hot,1
1143,2026-03-18,227.8,32.1,37,2,H,180,Lahore,Clear,0
1144,2026-04-06,232.2,64.7,15,1,M,6,Lahore,Humid,1
1145,2026-04-06,235.2,51.4,44,1,M,2,Lahore,Rain,0
1146,2026-03-26,229.2,49.6,23,1,M,180,Lahore,Clear,0
1147,2026-04-08,231.2,63.5,35,0,L,103,Karachi,Hot,0
1148,2026-03-26,236.2,70.2,17,2,H,112,Islamabad,Hot,1
1149,2026-03-31,230.5,41.2,24,2,H,40,Lahore,Rain,1
1150,2026-04-04,223.2,25.4,34,2,H,28,Karachi,Rain,0
1151,2026-03-29,236.0,70.8,16,0,L,90,Lahore,Clear,1
1152,2026-03-24,226.8,30.9,46,2,H,171,Lahore,Clear,0
1153,2026-03-17,233.8,48.4,22,0,L,60,Karachi,Hot,0
1154,2026-04-06,226.2,36.3,17,0,L,180,Islamabad,Rain,1
1155,2026-04-03,234.0,68.4,30,2,H,38,Islamabad,Clear,0
1156,2026-04-03,235.0,69.0,47,0,L,166,Karachi,Hot,0
1157,2026-04-12,231.5,53.2,29,1,M,35,Islamabad,Rain,0
1158,2026-03-26,229.2,52.0,18,2,H,180,Karachi,Hot,1
1159,2026-03-15,229.2,43.0,61,2,H,77,Karachi,Humid,0
1160,2026-03-15,235.2,62.3,16,1,M,119,Karachi,Rain,1
1161,2026-03-24,233.2,59.9,34,0,L,180,Islamabad,Clear,0
1162,2026-04-01,230.0,39.9,50,0,L,5,Karachi,Clear,0
1163,2026-03-29,225.2,29.7,35,2,H,180,Lahore,Humid,1
1164,2026-03-16,234.5,68.4,17,1,M,60,Islamabad,Rain,1
1165,2026-03-31,233.2,49.6,43,0,L,147,Islamabad,Hot,0
1166,2026-03-22,225.5,38.7,75,2,H,136,Islamabad,Clear,0
1167,2026-04-05,233.2,58.7,24,0,L,180,Islamabad,Humid,1
1168,2026-04-05,229.5,47.2,44,0,L,16,Lahore,Humid,0
1169,2026-04-09,233.0,62.3,17,2,H,130,Islamabad,Rain,1
1170,2026-04-09,227.0,32.7,20,0,L,61,Islamabad,Rain,1
1171,2026-03-23,237.8,70.2,100,1,M,26,Karachi,Clear,1
1172,2026-04-04,238.8,72.0,22,1,M,180,Islamabad,Humid,1
1173,2026-04-03,232.8,51.4,43,2,H,132,Lahore,Hot,0
1174,2026-03-25,234.2,61.7,20,1,M,180,Lahore,Humid,0
1175,2026-03-20,227.8,37.5,26,1,M,150,Lahore,Hot,0
1176,2026-04-07,235.0,64.7,56,1,M,5,Lahore,Hot,0
1177,2026-03-28,232.0,53.2,50,1,M,162,Islamabad,Clear,0
1178,2026-03-15,233.0,63.5,16,2,H,101,Islamabad,Humid,1
1179,2026-03-21,228.8,46.0,40,2,H,35,Lahore,Hot,0
1180,2026-04-07,228.5,47.2,29,1,M,155,Lahore,Rain,0
1181,2026-03-23,235.8,69.6,17,0,L,30,Islamabad,Hot,1
1182,2026-03-25,233.0,62.3,18,0,L,166,Lahore,Rain,1
1183,2026-04-07,233.0,62.3,17,2,H,130,Karachi,Rain,1
1184,2026-04-06,232.5,61.1,17,1,M,180,Lahore,Humid,1
1185,2026-03-30,231.8,59.9,17,0,L,153,Lahore,Rain,1
1186,2026-04-02,231.5,43.6,15,0,L,180,Karachi,Hot,1
1187,2026-03-16,232.5,59.9,17,0,L,20,Karachi,Rain,0
1188,2026-03-29,235.8,70.2,11,0,L,86,Islamabad,Humid,1
1189,2026-03-17,236.5,64.1,25,1,M,180,Islamabad,Clear,1
1190,2026-03-18,226.5,33.3,47,2,H,54,Karachi,Hot,0
1191,2026-04-03,231.8,42.4,48,2,H,73,Karachi,Hot,0
1192,2026-04-05,229.8,39.3,29,1,M,100,Islamabad,Humid,0
1193,2026-04-11,225.0,27.9,19,2,H,100,Lahore,Humid,1
1194,2026-03-21,235.5,53.2,36,0,L,21,Karachi,Humid,0
1195,2026-03-26,231.2,41.2,51,2,H,56,Islamabad,Humid,0
1196,2026-03-18,234.5,64.1,24,0,L,169,Lahore,Hot,1
1197,2026-03-24,231.2,59.3,100,0,L,180,Karachi,Clear,1
1198,2026-03-20,235.0,49.6,10,0,L,42,Lahore,Rain,0
1199,2026-04-08,226.8,32.7,29,2,H,150,Islamabad,Rain,0
1200,2026-04-13,231.0,49.0,23,2,H,64,Karachi,Clear,0
1201,2026-04-05,232.8,44.8,17,0,L,180,Lahore,Clear,1
1202,2026-03-28,228.5,48.4,43,0,L,110,Karachi,Clear,0
1203,2026-03-17,231.0,58.1,16,0,L,70,Lahore,Humid,1
1204,2026-03-31,234.2,69.0,11,1,M,44,Islamabad,Hot,1
1205,2026-03-25,233.8,62.3,23,1,M,68,Islamabad,Hot,0
1206,2026-03-24,226.2,38.1,34,2,H,75,Karachi,Hot,0
1207,2026-04-09,231.0,48.4,52,2,H,55,Lahore,Humid,0
1208,2026-04-12,227.5,32.7,100,0,L,118,Karachi,Hot,1
1209,2026-04-04,232.8,44.8,17,0,L,180,Karachi,Humid,1
1210,2026-03-24,232.0,64.7,36,0,L,8,Lahore,Hot,0
1211,2026-03-24,233.0,62.3,17,2,H,130,Lahore,Clear,1
1212,2026-03-17,234.5,69.6,43,2,H,73,Lahore,Rain,0
1213,2026-04-07,228.5,39.9,22,2,H,29,Islamabad,Rain,0
1214,2026-04-09,230.2,52.0,22,0,L,147,Karachi,Humid,0
1215,2026-03-29,227.8,43.0,12,0,L,20,Karachi,Hot,1
1216,2026-03-31,231.2,59.3,100,0,L,180,Islamabad,Rain,1
1217,2026-04-10,235.8,70.8,100,1,M,71,Lahore,Clear,1
1218,2026-04-01,231.8,64.7,11,2,H,20,Islamabad,Clear,1
1219,2026-04-02,232.0,53.8,41,0,L,25,Islamabad,Clear,0
1220,2026-04-02,237.2,69.0,100,1,M,65,Islamabad,Humid,1
1221,2026-03-26,235.5,70.8,13,2,H,66,Karachi,Humid,1
1222,2026-04-07,230.2,60.5,10,2,H,147,Islamabad,Hot,1
1223,2026-03-19,232.0,41.8,44,0,L,180,Karachi,Clear,0
1224,2026-04-07,233.8,61.1,17,0,L,164,Karachi,Hot,0
1225,2026-04-10,231.8,55.1,11,0,L,49,Karachi,Hot,1
1226,2026-03-30,224.5,27.3,37,0,L,180,Lahore,Clear,0
1227,2026-04-13,233.0,63.5,16,2,H,101,Karachi,Hot,1
1228,2026-03-29,232.0,51.4,20,2,H,24,Karachi,Rain,0
1229,2026-03-29,226.8,32.1,17,1,M,71,Lahore,Humid,0
1230,2026-04-10,223.8,26.0,12,1,M,24,Karachi,Hot,1
1231,2026-03-20,226.5,36.3,16,0,L,180,Islamabad,Clear,1
1232,2026-03-26,229.8,52.0,69,2,H,133,Islamabad,Humid,0
1233,2026-03-16,230.5,41.2,24,2,H,40,Karachi,Humid,1
1234,2026-04-10,229.8,49.6,16,0,L,66,Lahore,Hot,0
1235,2026-04-03,230.5,51.4,20,2,H,180,Islamabad,Rain,1
1236,2026-03-23,225.2,37.5,24,0,L,62,Lahore,Hot,0
1237,2026-03-18,238.5,71.4,10,0,L,180,Lahore,Rain,1
1238,2026-03-19,226.5,34.5,29,2,H,101,Islamabad,Humid,0
1239,2026-04-04,232.2,61.7,14,1,M,134,Lahore,Hot,1
1240,2026-04-09,225.2,28.5,10,1,M,105,Islamabad,Clear,1
1241,2026-03-22,226.2,36.3,27,0,L,180,Lahore,Hot,0
1242,2026-04-05,230.5,56.9,10,0,L,20,Islamabad,Rain,1
1243,2026-03-24,233.0,62.3,17,2,H,130,Karachi,Rain,1
1244,2026-03-21,238.8,71.4,18,2,H,140,Islamabad,Hot,0
1245,2026-04-05,235.0,70.2,28,2,H,85,Islamabad,Rain,0
1246,2026-03-28,231.2,62.9,15,0,L,168,Islamabad,Humid,1
1247,2026-04-13,232.0,62.9,17,1,M,144,Islamabad,Hot,1
1248,2026-04-13,227.0,38.7,44,1,M,107,Lahore,Rain,0
1249,2026-03-19,230.2,51.4,13,2,H,159,Karachi,Hot,1
1250,2026-03-30,224.2,27.9,32,0,L,173,Islamabad,Hot,0
1251,2026-03-29,229.5,35.7,19,0,L,127,Lahore,Clear,0
1252,2026-03-19,233.2,59.9,100,0,L,31,Karachi,Hot,1
1253,2026-03-17,232.2,61.7,16,1,M,126,Karachi,Clear,1
1254,2026-04-06,227.5,32.7,18,1,M,151,Karachi,Rain,0
1255,2026-04-12,233.0,62.3,17,2,H,130,Karachi,Clear,1
1256,2026-03-24,231.8,43.0,40,0,L,147,Islamabad,Clear,0
1257,2026-03-19,226.0,31.5,14,1,M,180,Islamabad,Clear,1
1258,2026-04-06,225.0,27.9,19,2,H,100,Lahore,Humid,1
1259,2026-03-29,231.5,62.9,18,1,M,165,Lahore,Clear,1
1260,2026-04-01,230.2,41.2,28,1,M,59,Lahore,Hot,0
1261,2026-04-08,231.5,53.2,10,1,M,54,Karachi,Clear,0
1262,2026-03-22,231.8,56.9,38,0,L,133,Karachi,Hot,0
1263,2026-04-04,233.8,58.1,19,2,H,95,Islamabad,Clear,0
1264,2026-03-16,233.5,59.9,22,1,M,171,Karachi,Humid,0
1265,2026-04-05,232.5,58.1,18,0,L,180,Karachi,Rain,1
1266,2026-03-22,226.8,37.5,11,0,L,180,Karachi,Clear,1
1267,2026-04-06,224.0,27.3,30,0,L,162,Lahore,Clear,0
1268,2026-03-22,233.5,61.7,28,2,H,96,Lahore,Humid,0
1269,2026-03-18,236.2,70.2,17,2,H,112,Islamabad,Clear,1
1270,2026-04-13,225.2,29.7,35,2,H,180,Karachi,Hot,1
1271,2026-04-02,226.8,33.9,20,1,M,180,Karachi,Clear,0
1272,2026-04-06,235.2,63.5,13,0,L,135,Islamabad,Clear,0
1273,2026-04-01,225.0,28.5,40,1,M,114,Karachi,Rain,0
1274,2026-04-13,234.2,49.6,12,2,H,15,Karachi,Rain,0
1275,2026-04-04,233.0,62.3,17,2,H,130,Lahore,Clear,1
1276,2026-04-12,238.8,72.0,14,0,L,77,Islamabad,Humid,0
1277,2026-04-06,233.2,58.7,11,1,M,39,Islamabad,Rain,0
1278,2026-03-15,232.2,49.6,78,1,M,83,Islamabad,Clear,0
1279,2026-04-03,227.0,43.6,18,0,L,180,Islamabad,Rain,1
1280,2026-03-29,232.5,55.1,100,1,M,100,Lahore,Clear,1
1281,2026-04-01,233.8,55.1,37,0,L,165,Lahore,Rain,0
1282,2026-04-05,227.0,38.1,46,0,L,144,Karachi,Rain,0
1283,2026-03-26,232.2,61.7,14,1,M,134,Karachi,Hot,1
1284,2026-03-15,223.8,26.0,12,1,M,24,Karachi,Clear,1
1285,2026-03-21,233.8,50.2,18,1,M,136,Karachi,Clear,1
1286,2026-04-02,232.8,60.5,41,0,L,180,Lahore,Clear,1
1287,2026-04-11,230.2,39.9,100,0,L,180,Islamabad,Clear,1
1288,2026-03-15,236.0,52.6,29,2,H,159,Lahore,Rain,0
1289,2026-04-07,232.0,51.4,100,0,L,17,Karachi,Hot,1
1290,2026-03-21,224.5,29.7,13,1,M,121,Lahore,Hot,0
1291,2026-03-16,227.2,43.6,10,0,L,76,Islamabad,Humid,1
1292,2026-03-21,233.0,63.5,16,2,H,101,Islamabad,Clear,1
1293,2026-04-02,232.0,58.7,52,1,M,171,Lahore,Humid,0
1294,2026-03-27,233.0,54.5,38,0,L,49,Lahore,Rain,0
1295,2026-04-08,221.0,22.4,21,0,L,117,Lahore,Humid,0
1296,2026-04-07,234.0,66.5,17,0,L,146,Karachi,Clear,1
1297,2026-03-19,232.0,53.2,36,2,H,180,Lahore,Hot,0
1298,2026-04-06,231.8,53.8,26,2,H,69,Lahore,Hot,0
1299,2026-04-02,229.0,46.6,20,1,M,180,Lahore,Clear,1
1300,2026-03-15,226.8,31.5,98,2,H,119,Islamabad,Rain,0
1301,2026-03-15,232.5,57.5,67,1,M,152,Islamabad,Clear,0
1302,2026-04-10,226.2,36.9,22,1,M,19,Karachi,Rain,1
1303,2026-04-01,230.5,50.8,100,2,H,81,Karachi,Hot,1
1304,2026-04-07,230.5,40.5,46,1,M,180,Islamabad,Rain,0
1305,2026-03-15,230.8,61.1,16,1,M,6,Islamabad,Clear,1
1306,2026-04-10,233.8,60.5,22,0,L,180,Islamabad,Clear,0
1307,2026-04-11,234.2,68.4,30,0,L,180,Lahore,Clear,1
1308,2026-03-19,235.5,62.9,34,0,L,180,Lahore,Rain,0
1309,2026-03-23,232.5,62.3,36,1,M,119,Islamabad,Rain,0
1310,2026-03-26,235.2,52.6,14,0,L,180,Lahore,Rain,1
1311,2026-03-23,226.5,36.3,16,0,L,180,Lahore,Hot,1
1312,2026-04-01,227.0,41.2,16,2,H,85,Karachi,Humid,0
1313,2026-04-06,235.2,62.3,16,1,M,119,Islamabad,Humid,1
1314,2026-03-25,229.5,58.7,10,0,L,180,Islamabad,Clear,1
1315,2026-03-15,235.0,62.9,52,0,L,112,Lahore,Hot,0
1316,2026-04-02,235.2,70.2,22,1,M,101,Islamabad,Rain,1
1317,2026-04-05,238.8,72.6,10,2,H,161,Karachi,Clear,1
1318,2026-04-08,231.0,58.1,16,0,L,70,Karachi,Hot,1
1319,2026-03-24,235.8,70.8,100,1,M,71,Karachi,Clear,1
1320,2026-03-16,221.0,21.8,17,0,L,180,Islamabad,Hot,1
1321,2026-03-21,231.0,56.3,10,0,L,180,Islamabad,Hot,1
1322,2026-04-03,232.2,61.1,13,1,M,88,Islamabad,Humid,1
1323,2026-03-16,230.0,47.2,23,0,L,127,Islamabad,Clear,0
1324,2026-04-02,235.2,50.8,35,1,M,180,Islamabad,Rain,1
1325,2026-03-20,237.8,67.1,100,0,L,113,Karachi,Humid,0
1326,2026-03-24,233.0,59.3,41,0,L,180,Lahore,Humid,0
1327,2026-03-23,232.5,61.1,10,2,H,101,Karachi,Rain,1
1328,2026-03-22,226.8,44.2,34,1,M,180,Islamabad,Hot,1
1329,2026-04-09,232.5,59.3,26,0,L,49,Karachi,Rain,0
1330,2026-04-13,230.5,51.4,20,2,H,180,Islamabad,Clear,1
1331,2026-03-25,231.8,57.5,100,1,M,21,Islamabad,Rain,1
1332,2026-03-23,225.8,36.9,49,1,M,35,Karachi,Hot,0
1333,2026-04-03,226.8,35.1,38,1,M,152,Islamabad,Rain,0
1334,2026-04-11,236.5,70.8,15,0,L,105,Lahore,Hot,0
1335,2026-04-03,237.0,70.8,44,0,L,125,Islamabad,Hot,0
1336,2026-03-23,232.8,60.5,41,0,L,180,Lahore,Clear,1
1337,2026-03-22,236.0,52.6,29,2,H,159,Lahore,Rain,0
1338,2026-04-11,234.5,67.7,14,1,M,2,Islamabad,Rain,1
1339,2026-03-29,231.2,52.6,16,2,H,180,Karachi,Clear,1
1340,2026-03-16,229.2,36.3,36,2,H,58,Lahore,Hot,0
1341,2026-04-07,231.0,54.5,25,2,H,180,Karachi,Rain,0
1342,2026-03-15,228.0,38.1,50,2,H,8,Lahore,Clear,0
1343,2026-03-23,232.5,50.8,46,2,H,127,Islamabad,Hot,0
1344,2026-03-23,227.2,33.3,64,1,M,133,Islamabad,Clear,0
1345,2026-03-27,231.5,49.6,39,1,M,36,Lahore,Rain,0
1346,2026-03-22,227.2,31.5,29,2,H,98,Islamabad,Clear,0
1347,2026-04-10,233.0,62.9,27,1,M,124,Lahore,Humid,0
1348,2026-04-04,230.2,41.2,13,0,L,42,Islamabad,Hot,0
1349,2026-03-19,226.5,32.1,26,1,M,180,Karachi,Humid,1
1350,2026-04-12,238.8,72.6,10,2,H,161,Islamabad,Humid,1
1351,2026-03-17,226.2,33.9,87,2,H,144,Karachi,Hot,0
1352,2026-04-04,230.2,51.4,13,2,H,159,Islamabad,Hot,1
1353,2026-03-18,232.0,57.5,44,0,L,180,Karachi,Clear,0
1354,2026-03-31,232.8,64.7,10,2,H,25,Islamabad,Hot,1
1355,2026-03-30,236.8,64.7,25,0,L,9,Karachi,Humid,0
1356,2026-03-30,230.5,41.2,24,2,H,40,Lahore,Humid,1
1357,2026-04-08,225.5,30.9,17,2,H,174,Lahore,Rain,0
1358,2026-04-09,229.2,52.0,17,1,M,45,Karachi,Hot,1
1359,2026-04-13,230.0,59.9,22,0,L,140,Islamabad,Humid,0
1360,2026-04-03,225.2,38.7,42,1,M,173,Karachi,Rain,0
1361,2026-03-17,235.5,51.4,53,1,M,180,Islamabad,Rain,0
1362,2026-03-20,232.0,47.8,13,1,M,180,Lahore,Clear,0
1363,2026-03-15,232.5,61.1,10,2,H,101,Islamabad,Humid,1
1364,2026-04-04,230.5,41.2,24,2,H,40,Lahore,Clear,1
1365,2026-03-30,231.8,53.8,26,2,H,69,Islamabad,Humid,0
1366,2026-03-29,229.0,50.8,22,0,L,101,Islamabad,Clear,0
1367,2026-03-21,225.0,27.9,19,2,H,100,Islamabad,Clear,1
1368,2026-03-16,229.8,49.0,26,2,H,113,Karachi,Hot,0
1369,2026-03-24,231.0,50.8,41,0,L,180,Karachi,Clear,0
1370,2026-04-08,227.5,33.9,25,0,L,145,Lahore,Hot,0
1371,2026-04-11,229.8,52.6,80,1,M,180,Lahore,Rain,1
1372,2026-03-29,232.5,57.5,14,1,M,0,Karachi,Humid,1
1373,2026-03-20,234.2,68.4,30,0,L,180,Lahore,Rain,1
1374,2026-03-16,229.0,41.8,47,0,L,93,Karachi,Humid,0
1375,2026-04-07,231.0,61.1,41,2,H,176,Islamabad,Rain,0
1376,2026-04-07,231.2,42.4,18,0,L,92,Lahore,Humid,1
1377,2026-03-31,237.5,69.6,20,1,M,23,Lahore,Clear,0
1378,2026-04-11,230.5,55.7,16,2,H,25,Karachi,Humid,0
1379,2026-03-15,228.2,49.0,11,0,L,114,Lahore,Humid,0
1380,2026-03-15,231.2,64.1,100,1,M,84,Lahore,Rain,1
1381,2026-04-11,232.5,56.9,17,1,M,92,Islamabad,Rain,1
1382,2026-03-18,234.8,49.6,35,2,H,180,Lahore,Rain,0
1383,2026-04-03,231.0,58.1,13,0,L,77,Islamabad,Hot,1
1384,2026-03-30,230.5,59.9,17,0,L,180,Karachi,Hot,1
1385,2026-03-22,232.8,52.6,32,2,H,142,Lahore,Humid,0
1386,2026-03-15,236.2,54.5,100,1,M,143,Islamabad,Humid,1
1387,2026-04-09,228.0,34.5,33,1,M,84,Karachi,Clear,0
1388,2026-04-02,228.8,35.7,38,2,H,5,Lahore,Clear,0
1389,2026-03-25,234.0,48.4,28,0,L,158,Karachi,Humid,0
1390,2026-03-31,233.0,62.9,15,0,L,148,Lahore,Hot,1
1391,2026-04-08,225.0,36.9,100,0,L,125,Karachi,Humid,1
1392,2026-03-24,231.2,52.6,16,2,H,180,Karachi,Clear,1
1393,2026-03-26,226.5,32.1,28,0,L,13,Islamabad,Hot,0
1394,2026-03-23,232.0,53.8,31,2,H,49,Karachi,Hot,0
1395,2026-03-21,233.2,59.3,57,0,L,162,Lahore,Clear,0
1396,2026-04-12,232.5,61.1,10,2,H,101,Lahore,Humid,1
1397,2026-03-26,230.2,41.2,40,0,L,131,Islamabad,Rain,0
1398,2026-03-29,225.0,27.9,28,1,M,101,Lahore,Humid,0
1399,2026-03-22,235.0,62.3,25,1,M,56,Lahore,Humid,0
1400,2026-03-31,235.2,69.0,14,1,M,180,Lahore,Clear,1
1401,2026-03-19,236.8,65.3,21,2,H,180,Karachi,Hot,1
1402,2026-03-28,229.0,51.4,27,2,H,180,Karachi,Clear,0
1403,2026-03-16,228.8,32.7,38,0,L,180,Lahore,Humid,0
1404,2026-03-30,225.2,30.3,22,0,L,168,Islamabad,Rain,0
1405,2026-04-12,235.5,69.0,18,0,L,34,Karachi,Rain,1
1406,2026-03-31,232.2,43.0,40,0,L,144,Islamabad,Rain,0
1407,2026-03-17,231.5,41.8,35,1,M,50,Lahore,Clear,0
1408,2026-04-06,235.0,69.0,10,0,L,51,Lahore,Hot,1
1409,2026-03-15,226.0,29.1,10,0,L,180,Karachi,Clear,1
1410,2026-04-10,227.8,32.7,13,1,M,180,Lahore,Rain,1
1411,2026-04-01,228.0,34.5,28,2,H,87,Karachi,Humid,0
1412,2026-04-01,233.2,64.1,13,1,M,111,Lahore,Hot,1
1413,2026-03-18,233.0,61.7,22,2,H,180,Lahore,Clear,0
1414,2026-03-29,232.5,61.1,16,0,L,41,Karachi,Clear,1
1415,2026-04-11,236.5,64.1,25,1,M,180,Karachi,Hot,1
1416,2026-04-02,232.5,61.1,10,2,H,101,Karachi,Hot,1
1417,2026-04-02,230.5,50.2,19,2,H,180,Lahore,Humid,1
1418,2026-03-24,231.8,53.2,25,1,M,62,Lahore,Hot,0
1419,2026-03-19,232.5,61.1,11,0,L,8,Islamabad,Humid,1
1420,2026-04-02,225.2,28.5,10,1,M,105,Karachi,Rain,1
1421,2026-03-25,232.0,51.4,100,0,L,17,Lahore,Rain,1
1422,2026-03-21,225.2,29.7,35,2,H,104,Lahore,Clear,0
1423,2026-03-19,230.2,58.7,10,1,M,111,Karachi,Rain,1
1424,2026-04-03,232.0,60.5,10,0,L,90,Islamabad,Rain,1
1425,2026-03-26,239.2,73.2,50,2,H,65,Karachi,Humid,0
1426,2026-04-02,227.8,43.0,13,0,L,180,Islamabad,Clear,1
1427,2026-03-29,229.0,51.4,22,0,L,180,Lahore,Hot,1
1428,2026-03-26,231.5,63.5,21,1,M,110,Islamabad,Clear,0
1429,2026-03-18,232.2,56.3,33,2,H,114,Lahore,Rain,0
1430,2026-04-13,230.2,52.0,71,2,H,157,Karachi,Hot,0
1431,2026-03-26,227.0,35.7,93,2,H,126,Karachi,Clear,0
1432,2026-04-01,233.0,63.5,16,2,H,101,Karachi,Clear,1
1433,2026-03-31,233.5,64.7,22,2,H,130,Islamabad,Clear,0
1434,2026-04-02,232.5,56.9,34,2,H,96,Lahore,Clear,0
1435,2026-03-30,239.0,73.8,43,2,H,27,Karachi,Humid,0
1436,2026-03-25,230.5,41.2,24,2,H,40,Karachi,Clear,1
1437,2026-03-16,229.2,47.2,22,1,M,124,Lahore,Rain,0
1438,2026-03-30,230.5,59.3,13,1,M,180,Karachi,Rain,1
1439,2026-03-15,225.2,32.1,34,1,M,171,Lahore,Humid,0
1440,2026-03-31,229.8,50.8,41,1,M,161,Lahore,Hot,0
1441,2026-04-01,226.8,30.9,46,2,H,171,Lahore,Hot,0
1442,2026-04-12,231.2,64.1,100,1,M,84,Lahore,Rain,1
1443,2026-04-12,233.2,52.6,23,0,L,119,Lahore,Rain,0
1444,2026-04-08,230.2,48.4,28,0,L,78,Islamabad,Humid,0
1445,2026-04-12,236.5,69.6,48,0,L,25,Karachi,Hot,0
1446,2026-03-27,230.2,60.5,10,2,H,147,Islamabad,Hot,1
1447,2026-03-19,227.0,36.3,23,0,L,180,Karachi,Clear,1
1448,2026-04-08,236.8,65.3,21,2,H,180,Islamabad,Clear,1
1449,2026-04-07,224.0,26.6,34,2,H,75,Lahore,Clear,0
1450,2026-04-12,236.2,70.2,17,2,H,112,Karachi,Humid,1
1451,2026-04-10,235.5,63.5,14,1,M,125,Karachi,Rain,0
1452,2026-03-20,227.0,41.2,31,1,M,66,Islamabad,Humid,0
1453,2026-03-15,229.5,40.5,29,1,M,180,Islamabad,Hot,0
1454,2026-03-24,231.5,42.4,38,1,M,177,Karachi,Rain,0
1455,2026-03-19,226.5,38.7,23,0,L,20,Islamabad,Clear,1
1456,2026-04-11,220.5,21.2,39,2,H,180,Islamabad,Humid,0
1457,2026-03-15,236.2,66.5,10,1,M,122,Islamabad,Humid,1
1458,2026-04-06,230.2,40.5,23,1,M,71,Lahore,Clear,0
1459,2026-04-09,232.8,52.6,28,0,L,71,Lahore,Humid,0
1460,2026-04-13,233.0,62.3,17,2,H,130,Islamabad,Clear,1
1461,2026-03-25,232.0,64.7,15,0,L,10,Islamabad,Hot,1
1462,2026-04-07,233.0,59.9,37,0,L,180,Lahore,Rain,1
1463,2026-04-07,238.8,72.0,22,1,M,180,Lahore,Hot,1
1464,2026-03-21,231.2,52.6,16,2,H,180,Karachi,Hot,1
1465,2026-04-01,230.5,41.2,54,0,L,83,Karachi,Clear,0
1466,2026-04-04,230.5,41.2,24,2,H,40,Lahore,Humid,1
1467,2026-04-03,229.2,52.0,18,2,H,180,Islamabad,Hot,1
1468,2026-04-04,231.0,40.5,36,0,L,44,Islamabad,Hot,0
1469,2026-03-24,233.0,46.0,10,0,L,180,Islamabad,Hot,1
1470,2026-04-08,230.5,41.2,24,2,H,40,Islamabad,Humid,1
1471,2026-03-29,235.0,62.3,17,1,M,165,Karachi,Humid,0
1472,2026-03-18,231.8,63.5,15,0,L,180,Lahore,Clear,1
1473,2026-03-30,226.5,32.7,52,0,L,33,Islamabad,Hot,0
1474,2026-03-29,232.8,57.5,17,0,L,180,Karachi,Rain,0
1475,2026-03-29,233.0,62.3,17,2,H,130,Islamabad,Humid,1
1476,2026-03-26,228.5,46.0,23,1,M,143,Lahore,Clear,0
1477,2026-03-22,228.8,44.8,31,2,H,180,Karachi,Hot,0
1478,2026-03-22,236.0,64.1,10,0,L,0,Lahore,Rain,1
1479,2026-04-01,229.5,43.0,14,1,M,86,Lahore,Humid,0
1480,2026-04-13,233.0,63.5,16,2,H,101,Karachi,Rain,1
1481,2026-03-20,234.5,55.7,30,1,M,3,Karachi,Humid,0
1482,2026-03-19,234.0,60.5,53,1,M,23,Karachi,Clear,0
1483,2026-03-16,228.2,32.7,27,2,H,156,Karachi,Rain,0
1484,2026-03-26,229.5,46.0,37,0,L,180,Karachi,Hot,0
1485,2026-04-09,225.2,35.7,10,1,M,75,Karachi,Hot,0
1486,2026-03-18,234.5,64.1,43,2,H,180,Karachi,Humid,1
1487,2026-04-06,233.0,63.5,16,2,H,101,Islamabad,Hot,1
1488,2026-03-27,230.2,41.8,21,0,L,84,Lahore,Rain,0
1489,2026-03-31,225.0,27.9,19,2,H,100,Karachi,Clear,1
1490,2026-03-30,226.0,38.1,52,1,M,89,Islamabad,Humid,0
1491,2026-03-23,227.0,32.1,30,0,L,90,Islamabad,Rain,0
1492,2026-04-09,237.2,69.0,100,1,M,65,Islamabad,Humid,1
1493,2026-04-11,226.0,38.7,17,0,L,94,Lahore,Clear,0
1494,2026-03-15,235.5,69.6,14,0,L,93,Karachi,Humid,1
1495,2026-03-29,231.0,50.8,28,2,H,180,Islamabad,Hot,0
1496,2026-03-26,229.2,38.1,37,0,L,138,Lahore,Hot,0
1497,2026-03-19,236.5,64.1,25,1,M,180,Lahore,Humid,1
1498,2026-04-06,227.2,32.1,30,2,H,147,Lahore,Clear,0
1499,2026-04-07,234.0,68.4,30,2,H,38,Islamabad,Clear,0
1500,2026-04-01,233.2,49.6,10,0,L,149,Karachi,Hot,1
1501,2026-04-03,235.5,70.8,13,2,H,66,Islamabad,Clear,1
1502,2026-03-16,235.5,69.0,31,1,M,36,Islamabad,Humid,0
1503,2026-03-18,232.5,61.1,10,2,H,101,Karachi,Rain,1
1504,2026-03-29,232.0,51.4,20,2,H,24,Karachi,Humid,0
1505,2026-03-20,233.8,51.4,10,0,L,180,Karachi,Hot,1
1506,2026-04-05,235.5,70.8,13,2,H,66,Lahore,Hot,1
1507,2026-03-26,225.8,38.7,22,1,M,180,Karachi,Hot,1
1508,2026-04-12,233.8,60.5,10,0,L,180,Islamabad,Clear,1
1509,2026-04-01,235.5,70.8,13,2,H,66,Karachi,Humid,1
1510,2026-04-10,231.0,61.1,18,1,M,166,Islamabad,Rain,1
1511,2026-04-03,231.5,62.9,32,0,L,121,Lahore,Humid,0
1512,2026-03-18,235.2,69.0,14,1,M,180,Islamabad,Rain,1
1513,2026-04-13,235.8,62.9,26,2,H,23,Islamabad,Humid,0
1514,2026-03-15,224.2,26.0,27,0,L,51,Karachi,Hot,0
1515,2026-03-29,228.2,37.5,29,0,L,89,Karachi,Rain,0
1516,2026-04-13,238.2,72.0,42,1,M,80,Islamabad,Humid,0
1517,2026-04-01,230.5,41.2,24,2,H,40,Karachi,Clear,1
1518,2026-03-28,233.0,62.3,18,0,L,34,Lahore,Clear,1
1519,2026-03-17,225.2,36.9,32,1,M,132,Lahore,Humid,0
1520,2026-04-12,238.8,72.6,10,2,H,161,Karachi,Hot,1
1521,2026-03-29,226.5,32.1,26,1,M,180,Lahore,Rain,1
1522,2026-04-10,235.0,68.4,31,0,L,180,Karachi,Humid,0
1523,2026-03-19,227.0,37.5,100,1,M,86,Islamabad,Clear,1
1524,2026-04-10,231.5,52.0,41,1,M,0,Islamabad,Rain,0
1525,2026-04-07,224.5,35.7,40,0,L,21,Lahore,Clear,0
1526,2026-04-05,229.8,50.2,20,1,M,82,Karachi,Clear,0
1527,2026-03-17,225.2,29.7,35,2,H,180,Karachi,Humid,1
1528,2026-04-05,236.2,70.2,17,2,H,112,Lahore,Clear,1
1529,2026-03-21,232.2,58.1,11,1,M,75,Islamabad,Rain,1
1530,2026-03-20,233.0,62.3,17,2,H,130,Lahore,Hot,1
1531,2026-04-09,228.2,43.6,31,0,L,180,Islamabad,Humid,1
1532,2026-04-05,239.5,73.8,24,0,L,100,Karachi,Rain,0
1533,2026-03-15,238.8,72.0,22,1,M,180,Islamabad,Humid,1
1534,2026-04-02,227.2,32.1,31,0,L,14,Lahore,Clear,0
1535,2026-03-21,226.5,32.7,35,1,M,18,Karachi,Clear,0
1536,2026-03-18,226.8,44.2,34,1,M,180,Lahore,Rain,1
1537,2026-03-26,225.0,36.3,20,0,L,180,Lahore,Rain,0
1538,2026-04-03,234.8,69.6,37,1,M,134,Islamabad,Hot,0
1539,2026-04-06,236.0,64.1,10,0,L,0,Lahore,Rain,1
1540,2026-04-08,231.2,62.9,15,0,L,168,Islamabad,Rain,1
1541,2026-04-13,229.0,44.8,17,0,L,116,Karachi,Humid,0
1542,2026-04-10,231.8,42.4,17,0,L,180,Islamabad,Clear,1
1543,2026-04-12,235.0,50.2,17,1,M,180,Karachi,Rain,1
1544,2026-04-12,226.2,41.8,17,1,M,30,Islamabad,Hot,1
1545,2026-04-01,227.0,35.7,93,2,H,126,Lahore,Rain,0
1546,2026-03-23,229.8,47.8,16,1,M,20,Islamabad,Clear,0
1547,2026-04-02,232.5,56.9,17,1,M,92,Islamabad,Rain,1
1548,2026-04-05,235.2,69.0,14,1,M,180,Karachi,Humid,1
1549,2026-03-18,226.0,32.1,41,0,L,180,Lahore,Clear,1
1550,2026-03-15,233.5,64.7,10,1,M,125,Islamabad,Rain,1
1551,2026-03-23,232.0,64.7,68,1,M,180,Lahore,Humid,0
1552,2026-04-10,232.2,60.5,14,2,H,180,Islamabad,Clear,0
1553,2026-03-29,236.5,69.0,48,0,L,67,Islamabad,Rain,0
1554,2026-04-05,228.2,46.0,10,1,M,120,Lahore,Humid,0
1555,2026-03-22,230.5,51.4,14,1,M,124,Islamabad,Hot,0
1556,2026-03-29,232.0,59.3,28,2,H,141,Lahore,Humid,0
1557,2026-03-29,232.8,64.7,10,2,H,25,Islamabad,Hot,1
1558,2026-04-01,226.5,36.3,16,0,L,180,Karachi,Rain,1
1559,2026-03-21,228.0,33.9,23,1,M,180,Lahore,Humid,0
1560,2026-04-05,232.2,59.3,100,0,L,124,Islamabad,Hot,1
1561,2026-04-01,224.8,37.5,31,0,L,180,Islamabad,Clear,1
1562,2026-03-30,230.8,56.3,39,1,M,180,Karachi,Humid,0
1563,2026-03-16,228.5,36.3,36,2,H,65,Lahore,Rain,0
1564,2026-03-18,230.8,61.1,16,1,M,6,Islamabad,Clear,1
1565,2026-04-03,233.0,59.9,22,1,M,20,Karachi,Hot,1
1566,2026-03-30,230.0,47.2,23,0,L,101,Islamabad,Humid,0
1567,2026-03-17,232.2,50.8,34,1,M,16,Lahore,Humid,0
1568,2026-04-07,228.8,46.6,49,1,M,179,Islamabad,Rain,1
1569,2026-04-13,229.2,52.6,39,1,M,52,Islamabad,Clear,0
1570,2026-04-06,234.5,64.1,43,2,H,180,Islamabad,Humid,1
1571,2026-03-16,232.5,62.9,16,0,L,155,Islamabad,Humid,1
1572,2026-03-17,235.0,69.0,10,0,L,51,Karachi,Clear,1
1573,2026-04-09,225.0,27.9,19,2,H,100,Karachi,Humid,1
1574,2026-04-08,232.0,53.2,21,1,M,141,Lahore,Clear,0
1575,2026-04-12,234.8,50.2,23,2,H,8,Karachi,Clear,0
1576,2026-03-19,230.5,41.2,24,2,H,40,Karachi,Clear,1
1577,2026-03-16,231.5,42.4,10,1,M,111,Lahore,Rain,1
1578,2026-04-02,235.5,70.8,13,2,H,66,Karachi,Clear,1
1579,2026-04-07,230.2,51.4,13,2,H,159,Karachi,Clear,1
1580,2026-04-03,226.0,31.5,14,1,M,180,Lahore,Hot,1
1581,2026-04-13,231.0,58.1,49,0,L,14,Lahore,Hot,0
1582,2026-03-16,230.5,50.2,19,2,H,180,Lahore,Rain,1
1583,2026-03-16,231.2,59.3,100,0,L,180,Islamabad,Clear,1
1584,2026-04-05,234.2,53.2,12,0,L,18,Islamabad,Hot,1
1585,2026-04-07,233.0,60.5,18,0,L,180,Lahore,Hot,1
1586,2026-04-06,227.8,44.2,44,2,H,180,Lahore,Humid,0
1588,2026-04-03,230.5,51.4,20,2,H,180,Islamabad,Hot,1
1589,2026-04-01,231.5,62.9,17,1,M,161,Islamabad,Rain,1
1590,2026-04-08,230.0,40.5,42,1,M,8,Karachi,Humid,0
1591,2026-04-03,233.0,63.5,16,2,H,101,Karachi,Humid,1
1592,2026-04-08,234.2,61.7,88,0,L,31,Lahore,Clear,0
1593,2026-04-04,227.8,43.0,12,0,L,20,Islamabad,Clear,1
1594,2026-03-28,233.8,65.9,13,1,M,180,Islamabad,Humid,1
1595,2026-04-11,233.2,59.9,23,1,M,51,Islamabad,Rain,0
1596,2026-03-29,235.2,69.0,11,0,L,180,Lahore,Clear,1
1597,2026-03-26,231.2,43.0,23,0,L,154,Karachi,Clear,0
1598,2026-03-25,234.5,62.3,32,2,H,47,Lahore,Humid,0
1599,2026-03-25,232.2,61.7,14,1,M,134,Karachi,Humid,1
1600,2026-04-13,229.0,47.2,46,1,M,180,Karachi,Clear,0
1601,2026-03-21,226.0,38.7,17,0,L,94,Lahore,Hot,0
1602,2026-03-26,234.8,49.6,22,1,M,82,Karachi,Clear,0
1603,2026-03-30,225.8,38.1,26,1,M,180,Karachi,Hot,0
1604,2026-03-19,229.2,52.0,27,0,L,180,Islamabad,Humid,0
1605,2026-03-16,233.0,65.3,11,0,L,40,Karachi,Hot,1
1606,2026-04-05,231.2,64.1,96,1,M,94,Lahore,Rain,0
1607,2026-03-30,230.8,52.0,34,1,M,100,Lahore,Humid,0
1608,2026-04-06,226.2,36.9,22,1,M,19,Karachi,Clear,1
1609,2026-04-13,225.5,29.7,19,1,M,144,Islamabad,Clear,0
1610,2026-03-29,232.2,61.7,14,1,M,134,Islamabad,Humid,1
1611,2026-03-25,235.2,68.4,61,2,H,44,Karachi,Humid,0
1612,2026-04-12,233.0,64.1,13,0,L,154,Karachi,Rain,1
1614,2026-03-20,228.8,44.8,31,2,H,180,Karachi,Clear,0
1615,2026-03-27,233.2,59.9,10,2,H,137,Islamabad,Rain,0
1616,2026-04-13,231.8,52.0,20,0,L,114,Karachi,Clear,0
1617,2026-04-02,231.5,62.9,17,1,M,161,Lahore,Hot,1
1618,2026-03-24,230.2,50.8,21,2,H,138,Lahore,Humid,0
1619,2026-04-07,232.0,64.7,25,0,L,180,Lahore,Hot,1
1620,2026-04-02,223.8,26.0,12,1,M,24,Lahore,Clear,1
1621,2026-04-13,238.8,72.6,10,2,H,161,Lahore,Hot,1
1622,2026-03-19,235.5,70.8,13,2,H,66,Karachi,Hot,1
1623,2026-04-08,225.8,32.7,40,1,M,180,Karachi,Clear,0
1624,2026-04-10,229.8,39.9,25,2,H,16,Karachi,Clear,0
1625,2026-04-04,237.5,71.4,29,1,M,175,Karachi,Humid,0
1626,2026-03-21,228.2,35.1,14,0,L,6,Lahore,Hot,0
1627,2026-03-25,233.0,58.7,20,0,L,180,Islamabad,Rain,1
1628,2026-03-28,235.2,62.3,16,1,M,119,Karachi,Rain,1
1629,2026-04-06,225.2,29.7,35,2,H,180,Islamabad,Clear,1
1630,2026-04-04,226.5,36.3,20,0,L,180,Karachi,Clear,1
1631,2026-03-30,229.8,52.6,80,1,M,180,Karachi,Hot,1
1632,2026-04-01,230.2,41.2,40,0,L,131,Islamabad,Clear,0
1633,2026-04-04,235.8,63.5,32,1,M,174,Lahore,Rain,0
1634,2026-04-06,227.2,41.8,20,0,L,79,Karachi,Humid,0
1635,2026-04-06,237.2,67.1,31,0,L,138,Karachi,Humid,0
1636,2026-03-18,234.8,51.4,55,0,L,94,Karachi,Hot,0
1637,2026-03-15,231.8,59.9,17,1,M,73,Islamabad,Humid,1
1638,2026-04-05,232.5,61.1,17,1,M,180,Lahore,Clear,1
1639,2026-04-12,233.0,62.3,54,1,M,137,Islamabad,Clear,0
1640,2026-03-29,229.8,50.8,23,0,L,180,Islamabad,Clear,0
1641,2026-03-28,229.2,45.4,19,0,L,180,Lahore,Clear,1
1642,2026-04-02,230.0,40.5,50,2,H,74,Islamabad,Hot,0
1643,2026-04-10,233.8,67.7,28,2,H,20,Lahore,Humid,0
1644,2026-03-19,225.2,29.7,20,0,L,180,Karachi,Rain,1
1645,2026-03-18,228.5,43.6,14,0,L,180,Lahore,Humid,1
1646,2026-03-27,226.2,39.3,10,0,L,42,Karachi,Clear,1
1647,2026-04-01,232.2,55.7,26,2,H,114,Islamabad,Rain,0
1648,2026-03-26,230.5,50.2,19,2,H,180,Islamabad,Hot,1
1649,2026-04-06,229.0,51.4,17,0,L,180,Karachi,Clear,0
1650,2026-04-13,235.0,52.6,90,1,M,180,Islamabad,Clear,1
1651,2026-04-04,226.5,33.3,23,0,L,180,Lahore,Rain,0
1652,2026-03-29,229.0,44.8,34,2,H,39,Karachi,Hot,0
1653,2026-04-13,232.5,55.1,100,1,M,100,Islamabad,Rain,1
1654,2026-04-06,228.2,33.9,16,2,H,46,Karachi,Hot,0
1655,2026-03-23,227.8,36.9,61,1,M,147,Lahore,Clear,0
1656,2026-03-18,232.8,47.2,26,1,M,156,Lahore,Humid,0
1657,2026-03-19,227.5,44.8,25,0,L,134,Islamabad,Clear,1
1658,2026-03-23,226.2,41.8,17,1,M,30,Lahore,Humid,1
1659,2026-03-27,229.5,39.9,38,1,M,70,Karachi,Humid,0
1660,2026-03-24,237.2,70.2,50,0,L,160,Lahore,Hot,0
1661,2026-04-10,234.5,63.5,29,2,H,180,Karachi,Rain,0
1662,2026-03-30,221.2,22.4,26,2,H,151,Karachi,Hot,0
1663,2026-04-13,224.5,26.6,20,2,H,94,Lahore,Clear,0
1664,2026-03-27,227.0,43.6,17,0,L,74,Islamabad,Rain,0
1665,2026-03-18,229.5,47.2,25,1,M,153,Lahore,Humid,0
1666,2026-04-04,234.5,64.1,43,2,H,180,Karachi,Humid,1
1667,2026-03-27,230.2,58.7,10,1,M,111,Karachi,Clear,1
1668,2026-04-04,226.2,38.1,27,0,L,71,Lahore,Rain,0
1669,2026-03-22,226.0,38.7,17,0,L,94,Islamabad,Clear,0
1670,2026-03-27,231.8,64.7,11,2,H,20,Islamabad,Clear,1
1671,2026-03-29,232.2,61.7,16,1,M,126,Karachi,Hot,1
1672,2026-04-03,227.8,36.3,29,0,L,179,Karachi,Clear,0
1673,2026-04-03,233.5,51.4,10,1,M,180,Islamabad,Rain,1
1674,2026-03-27,230.2,60.5,10,2,H,147,Lahore,Clear,1
1675,2026-04-06,234.5,64.1,43,2,H,180,Karachi,Rain,1
1676,2026-04-10,238.2,73.8,24,2,H,23,Karachi,Humid,0
1677,2026-03-19,230.5,41.2,24,2,H,40,Islamabad,Clear,1
1678,2026-04-05,230.5,50.8,100,2,H,81,Lahore,Rain,1
1679,2026-04-05,225.2,29.7,35,2,H,180,Islamabad,Humid,1
1680,2026-04-11,228.5,46.0,39,2,H,0,Lahore,Rain,0
1681,2026-03-20,229.2,33.3,16,0,L,137,Lahore,Humid,0
1682,2026-04-13,236.8,64.7,28,0,L,180,Lahore,Hot,1
1683,2026-04-09,228.0,35.1,45,2,H,180,Karachi,Clear,0
1684,2026-03-19,231.2,62.9,20,0,L,175,Islamabad,Clear,0
1685,2026-03-27,226.5,43.0,32,2,H,40,Islamabad,Humid,0
1686,2026-04-12,229.8,33.3,11,0,L,0,Lahore,Hot,0
1687,2026-03-19,232.8,62.3,18,0,L,22,Karachi,Rain,1
1688,2026-04-08,230.5,41.2,24,2,H,40,Karachi,Hot,1
1689,2026-03-27,233.2,55.1,37,0,L,180,Islamabad,Rain,0
1690,2026-04-07,231.2,41.8,90,1,M,98,Karachi,Rain,0
1691,2026-04-03,223.0,24.8,34,2,H,33,Karachi,Clear,0
1692,2026-04-06,225.0,36.9,100,0,L,125,Lahore,Humid,1
1693,2026-03-22,231.8,43.6,19,1,M,76,Karachi,Clear,0
1694,2026-04-11,234.8,51.4,31,2,H,10,Lahore,Clear,0
1695,2026-03-23,235.5,70.8,13,2,H,66,Islamabad,Clear,1
1696,2026-04-04,229.5,50.8,35,2,H,131,Karachi,Rain,0
1697,2026-04-02,227.5,36.3,30,2,H,5,Islamabad,Clear,0
1698,2026-04-12,236.5,65.3,10,1,M,180,Islamabad,Rain,1
1699,2026-04-03,234.5,49.6,30,0,L,17,Karachi,Humid,0
1700,2026-03-29,232.8,53.8,51,0,L,14,Karachi,Rain,0
1701,2026-04-09,222.0,23.0,44,1,M,101,Islamabad,Rain,0
1702,2026-04-05,225.0,27.9,19,2,H,100,Karachi,Hot,1
1703,2026-03-24,233.0,63.5,16,2,H,101,Lahore,Clear,1
1704,2026-03-25,226.2,30.9,59,2,H,128,Lahore,Clear,0
1705,2026-03-19,227.5,44.2,10,1,M,180,Karachi,Clear,0
1706,2026-03-23,233.8,60.5,10,0,L,180,Islamabad,Clear,1
1707,2026-04-12,235.2,69.0,20,0,L,180,Karachi,Hot,1
1708,2026-03-25,231.2,62.9,14,0,L,106,Karachi,Hot,1
1709,2026-04-10,230.2,51.4,13,2,H,159,Islamabad,Hot,1
1710,2026-04-13,232.5,56.9,17,1,M,92,Islamabad,Hot,1
1711,2026-04-02,225.8,31.5,28,0,L,162,Lahore,Clear,0
1712,2026-03-16,232.5,61.1,10,2,H,101,Islamabad,Rain,1
1713,2026-03-20,221.2,21.8,23,0,L,124,Lahore,Humid,0
1714,2026-04-12,235.0,69.0,79,2,H,53,Islamabad,Hot,0
1715,2026-04-06,233.5,54.5,10,0,L,177,Karachi,Rain,1
1716,2026-04-04,231.0,62.3,16,0,L,36,Lahore,Hot,1
1717,2026-03-15,235.8,53.2,25,1,M,180,Lahore,Clear,0
1718,2026-03-17,225.0,36.9,100,0,L,125,Lahore,Clear,1
1719,2026-03-17,231.0,40.5,20,1,M,64,Karachi,Rain,1
1720,2026-04-11,233.0,65.3,11,0,L,40,Karachi,Rain,1
1721,2026-03-28,226.5,32.1,26,1,M,180,Karachi,Rain,1
1722,2026-04-03,234.0,59.3,35,0,L,61,Karachi,Clear,0
1723,2026-04-13,232.0,60.5,37,1,M,143,Karachi,Clear,0
1724,2026-04-09,227.5,38.7,22,1,M,119,Lahore,Humid,1
1725,2026-04-05,230.5,50.2,19,2,H,180,Karachi,Rain,1
1726,2026-03-19,236.5,70.8,17,0,L,98,Lahore,Humid,0
1727,2026-03-31,233.2,64.1,17,0,L,93,Karachi,Hot,1
1728,2026-03-29,233.2,59.9,100,0,L,31,Islamabad,Humid,1
1729,2026-03-20,228.0,33.3,34,1,M,12,Lahore,Hot,0
1730,2026-03-28,233.2,66.5,16,0,L,115,Islamabad,Hot,1
1731,2026-03-28,230.2,51.4,13,2,H,159,Lahore,Humid,1
1732,2026-04-08,229.0,39.3,49,1,M,118,Islamabad,Rain,0
1733,2026-04-10,229.8,41.2,24,0,L,104,Karachi,Hot,0
1734,2026-03-31,231.8,52.0,26,0,L,120,Karachi,Rain,0
1735,2026-03-22,235.0,50.2,17,1,M,180,Karachi,Clear,1
1736,2026-03-22,235.2,69.0,17,0,L,180,Lahore,Hot,1
1737,2026-04-02,235.0,50.2,17,1,M,180,Islamabad,Clear,1
1738,2026-04-12,230.5,41.2,24,2,H,40,Karachi,Humid,1
1739,2026-03-23,227.0,32.1,33,0,L,140,Islamabad,Rain,0
1740,2026-03-25,233.5,61.7,23,2,H,101,Islamabad,Humid,0
1741,2026-03-27,225.0,27.9,19,2,H,100,Karachi,Hot,1
1742,2026-03-27,229.2,52.0,35,2,H,24,Karachi,Clear,0
1743,2026-04-10,233.0,62.3,17,2,H,130,Islamabad,Hot,1
1744,2026-04-07,227.2,32.1,10,0,L,180,Karachi,Humid,0
1745,2026-04-02,234.5,64.1,24,0,L,169,Karachi,Rain,1
1746,2026-04-09,234.8,69.6,16,0,L,62,Karachi,Rain,1
1747,2026-04-04,228.5,44.2,35,2,H,120,Lahore,Hot,0
1748,2026-04-02,234.2,50.2,35,1,M,99,Islamabad,Hot,0
1749,2026-03-19,227.0,41.2,25,0,L,83,Islamabad,Clear,0
1750,2026-03-30,235.0,62.3,45,0,L,180,Lahore,Humid,0
1751,2026-03-23,224.2,35.7,40,2,H,180,Islamabad,Hot,1
1752,2026-04-11,223.8,26.0,12,1,M,24,Karachi,Clear,1
1753,2026-04-03,227.2,41.2,53,0,L,59,Islamabad,Hot,0
1754,2026-04-05,233.2,62.3,13,0,L,154,Karachi,Rain,0
1755,2026-03-17,231.8,54.5,31,2,H,86,Lahore,Clear,0
1756,2026-04-02,236.8,65.3,21,2,H,180,Karachi,Clear,1
1757,2026-03-19,233.8,57.5,50,0,L,39,Islamabad,Hot,0
1758,2026-03-22,231.0,41.8,46,1,M,172,Islamabad,Humid,0
1759,2026-03-28,232.2,56.3,31,0,L,47,Islamabad,Rain,0
1760,2026-04-07,228.8,46.6,49,1,M,179,Lahore,Humid,1
1761,2026-03-17,233.2,59.9,14,2,H,111,Lahore,Clear,0
1762,2026-04-07,233.0,62.3,17,2,H,130,Islamabad,Humid,1
1763,2026-03-27,233.2,64.1,13,1,M,111,Karachi,Clear,1
1764,2026-03-25,238.0,69.6,10,0,L,113,Lahore,Humid,0
1765,2026-04-12,232.5,61.1,16,1,M,180,Islamabad,Hot,1
1766,2026-03-22,236.2,69.0,14,0,L,52,Islamabad,Humid,1
1767,2026-04-02,236.5,52.6,47,2,H,81,Lahore,Clear,0
1768,2026-03-24,230.2,60.5,10,2,H,147,Lahore,Rain,1
1769,2026-04-12,231.0,61.1,18,1,M,166,Lahore,Rain,1
1770,2026-04-09,232.8,50.8,15,0,L,146,Karachi,Rain,0
1771,2026-04-01,228.5,44.2,35,2,H,120,Karachi,Clear,0
1772,2026-04-09,233.2,64.1,13,1,M,111,Islamabad,Humid,1
1773,2026-04-01,233.0,62.3,17,2,H,130,Lahore,Rain,1
1774,2026-04-08,231.5,59.3,14,0,L,64,Karachi,Rain,1
1775,2026-03-21,232.5,55.1,17,1,M,111,Lahore,Rain,0
1776,2026-03-30,227.0,34.5,17,0,L,180,Islamabad,Hot,1
1777,2026-03-20,236.8,52.6,26,2,H,74,Karachi,Clear,0
1778,2026-03-30,228.5,38.1,41,0,L,180,Karachi,Clear,0
1779,2026-03-30,225.5,37.5,23,0,L,141,Karachi,Clear,0
1780,2026-04-06,234.0,66.5,17,0,L,146,Islamabad,Clear,1
1781,2026-04-07,224.8,35.7,41,1,M,64,Lahore,Clear,0
1782,2026-04-11,226.8,36.9,23,0,L,103,Karachi,Hot,0
1783,2026-03-15,231.0,52.6,28,1,M,162,Islamabad,Humid,0
1784,2026-04-07,229.0,46.6,20,1,M,180,Lahore,Hot,1
1785,2026-04-02,224.8,35.7,32,1,M,37,Islamabad,Rain,0
1786,2026-03-17,226.5,39.3,24,1,M,5,Lahore,Hot,0
1787,2026-03-20,224.2,35.7,40,2,H,180,Islamabad,Clear,1
1788,2026-03-18,230.0,60.5,19,1,M,142,Lahore,Hot,1
1789,2026-03-18,231.5,50.2,16,0,L,180,Karachi,Clear,1
1790,2026-03-18,230.2,58.7,10,1,M,111,Lahore,Hot,1
1791,2026-03-24,230.5,51.4,20,2,H,180,Islamabad,Clear,1
1792,2026-03-23,233.8,67.7,28,2,H,20,Islamabad,Rain,0
1793,2026-03-22,224.2,35.7,40,2,H,180,Lahore,Clear,1
1794,2026-04-02,231.8,42.4,17,0,L,180,Karachi,Hot,1
1795,2026-03-31,236.5,65.3,10,1,M,180,Karachi,Rain,1
1796,2026-03-31,227.2,36.3,25,1,M,165,Lahore,Hot,0
1797,2026-03-15,232.0,57.5,30,1,M,180,Lahore,Rain,0
1798,2026-04-03,231.8,59.9,17,0,L,153,Islamabad,Humid,1
1799,2026-03-28,231.0,61.1,18,1,M,166,Karachi,Humid,1
1800,2026-04-05,229.8,34.5,50,2,H,180,Lahore,Humid,0
1801,2026-04-03,227.0,37.5,100,1,M,86,Karachi,Hot,1
1802,2026-04-10,226.2,32.1,20,0,L,180,Lahore,Hot,1
1803,2026-03-25,226.2,33.3,100,1,M,29,Lahore,Rain,0
1804,2026-03-17,232.5,59.9,31,1,M,70,Karachi,Rain,0
1805,2026-04-07,231.8,63.5,38,1,M,176,Lahore,Rain,0
1806,2026-04-13,232.2,51.4,18,2,H,166,Lahore,Rain,0
1807,2026-03-22,235.2,69.0,49,2,H,175,Islamabad,Clear,0
1808,2026-04-05,228.2,34.5,46,1,M,20,Lahore,Humid,0
1809,2026-04-08,232.5,53.2,14,0,L,180,Lahore,Clear,1
1810,2026-04-11,234.2,69.0,11,1,M,44,Lahore,Clear,1
1811,2026-03-24,227.5,33.9,21,1,M,4,Islamabad,Clear,0
1812,2026-03-31,232.5,61.1,11,0,L,8,Karachi,Clear,1
1813,2026-04-12,235.2,68.4,11,0,L,42,Islamabad,Humid,1
1814,2026-03-22,233.8,65.9,13,1,M,180,Islamabad,Clear,1
1815,2026-04-05,234.5,64.1,43,2,H,180,Karachi,Rain,1
1816,2026-03-15,235.5,52.0,17,0,L,180,Islamabad,Hot,1
1817,2026-04-03,230.8,52.0,29,1,M,127,Karachi,Rain,0
1818,2026-04-04,232.8,60.5,25,1,M,17,Islamabad,Hot,0
1819,2026-03-21,238.8,72.6,10,2,H,161,Karachi,Rain,1
1820,2026-04-07,235.5,70.8,13,2,H,66,Lahore,Rain,1
1821,2026-03-23,233.5,56.3,24,1,M,137,Islamabad,Hot,0
1822,2026-04-11,230.5,59.3,13,1,M,180,Islamabad,Humid,1
1823,2026-03-26,235.8,70.8,100,1,M,71,Islamabad,Clear,1
1824,2026-04-05,236.2,66.5,10,1,M,122,Islamabad,Rain,1
1825,2026-04-09,237.8,70.2,100,1,M,26,Lahore,Humid,1
1826,2026-03-23,237.0,66.5,31,2,H,163,Islamabad,Clear,0
1827,2026-04-03,231.0,56.9,42,2,H,39,Lahore,Humid,0
1828,2026-04-07,232.2,54.5,29,0,L,180,Lahore,Humid,1
1829,2026-03-17,231.2,42.4,44,2,H,68,Lahore,Clear,0
1830,2026-03-18,231.2,52.6,16,2,H,180,Lahore,Rain,1
1831,2026-03-24,230.5,50.8,100,2,H,81,Karachi,Humid,1
1832,2026-03-18,231.8,60.5,16,0,L,108,Karachi,Rain,1
1833,2026-04-05,227.0,44.2,20,1,M,93,Islamabad,Rain,0
1834,2026-03-23,229.2,36.3,10,1,M,50,Karachi,Rain,0
1835,2026-04-05,226.0,31.5,57,2,H,140,Karachi,Clear,0
1836,2026-03-15,233.8,53.2,29,1,M,87,Islamabad,Hot,0
1837,2026-03-19,229.2,52.0,18,2,H,180,Islamabad,Rain,1
1838,2026-03-23,233.5,55.1,25,0,L,168,Islamabad,Hot,0
1839,2026-03-19,234.2,62.3,17,2,H,86,Karachi,Hot,0
1840,2026-03-20,234.5,64.1,43,2,H,180,Karachi,Humid,1
1841,2026-04-02,235.2,69.0,14,1,M,180,Islamabad,Rain,1
1842,2026-03-22,229.8,50.8,22,2,H,66,Lahore,Rain,0
1843,2026-03-24,233.0,62.9,15,0,L,148,Islamabad,Rain,1
1844,2026-03-25,230.0,34.5,24,2,H,180,Lahore,Hot,0
1845,2026-03-27,234.5,64.1,43,2,H,180,Lahore,Clear,1
1846,2026-04-03,230.2,60.5,10,2,H,147,Islamabad,Hot,1
1847,2026-03-18,231.2,41.8,100,0,L,142,Islamabad,Rain,1
1848,2026-03-25,233.0,63.5,16,2,H,101,Islamabad,Rain,1
1849,2026-03-26,224.2,26.6,100,0,L,180,Karachi,Rain,1
1850,2026-03-19,234.2,47.8,28,1,M,108,Lahore,Hot,0
1851,2026-04-13,224.0,35.1,32,2,H,166,Karachi,Rain,0
1852,2026-03-24,235.0,50.8,31,0,L,170,Karachi,Humid,0
1853,2026-04-08,231.8,60.5,10,1,M,79,Islamabad,Rain,1
1854,2026-04-12,230.2,40.5,16,0,L,180,Karachi,Clear,1
1855,2026-04-07,227.5,32.7,53,2,H,158,Islamabad,Humid,0
1856,2026-03-21,233.0,55.1,10,0,L,10,Lahore,Rain,1
1857,2026-04-04,227.2,41.2,29,1,M,13,Islamabad,Humid,0
1858,2026-03-23,232.0,48.4,36,2,H,137,Karachi,Rain,0
1859,2026-03-23,234.2,69.0,11,1,M,44,Karachi,Clear,1
1860,2026-03-24,234.2,48.4,67,1,M,2,Islamabad,Rain,0
1861,2026-03-24,235.0,61.7,38,1,M,63,Islamabad,Humid,0
1862,2026-03-16,229.5,52.0,33,1,M,93,Karachi,Clear,0
1863,2026-03-18,231.2,42.4,18,0,L,92,Lahore,Hot,1
1864,2026-03-22,225.2,29.7,35,2,H,180,Lahore,Clear,1
1865,2026-04-12,232.5,61.1,17,1,M,180,Islamabad,Clear,1
1866,2026-03-28,225.2,29.7,35,2,H,180,Lahore,Clear,1
1867,2026-03-31,238.8,72.6,10,2,H,161,Karachi,Humid,1
1868,2026-03-27,236.2,70.2,17,2,H,112,Islamabad,Clear,1
1869,2026-04-04,231.2,63.5,11,0,L,86,Karachi,Rain,1
1870,2026-04-07,226.8,32.1,29,0,L,29,Karachi,Clear,0
1871,2026-04-01,233.8,50.2,18,1,M,136,Lahore,Clear,1
1872,2026-04-01,230.2,51.4,13,2,H,159,Islamabad,Rain,1
1873,2026-03-27,231.8,60.5,14,0,L,110,Islamabad,Rain,1
1874,2026-03-22,232.5,61.1,17,1,M,180,Lahore,Hot,1
1875,2026-04-09,230.2,52.6,13,0,L,171,Karachi,Clear,0
1876,2026-03-26,238.8,72.0,22,1,M,180,Karachi,Humid,1
1877,2026-04-08,234.0,47.2,32,1,M,105,Karachi,Clear,0
1878,2026-04-06,233.2,66.5,16,0,L,115,Karachi,Clear,1
1879,2026-04-07,233.2,64.1,13,1,M,111,Islamabad,Rain,1
1880,2026-04-04,221.2,22.4,26,2,H,151,Islamabad,Hot,0
1881,2026-03-15,232.2,64.7,15,1,M,6,Lahore,Clear,1
1882,2026-04-03,232.0,51.4,34,0,L,12,Lahore,Humid,0
1883,2026-04-01,230.8,61.1,16,1,M,6,Islamabad,Clear,1
1884,2026-03-17,228.2,41.2,30,2,H,147,Islamabad,Humid,0
1885,2026-03-26,235.0,62.3,28,1,M,8,Karachi,Rain,0
1886,2026-04-02,233.5,57.5,20,1,M,112,Karachi,Hot,0
1887,2026-04-08,236.5,65.3,10,1,M,180,Lahore,Clear,1
1888,2026-03-27,230.2,40.5,33,1,M,180,Islamabad,Hot,0
1889,2026-03-24,234.0,53.2,26,1,M,113,Lahore,Clear,0
1890,2026-03-29,230.2,60.5,10,2,H,147,Islamabad,Humid,1
1891,2026-04-03,231.8,53.8,38,1,M,92,Karachi,Hot,0
1892,2026-03-16,234.0,49.0,100,0,L,64,Lahore,Clear,1
1893,2026-04-02,234.8,51.4,28,2,H,97,Lahore,Rain,0
1894,2026-03-17,225.8,37.5,30,0,L,166,Islamabad,Humid,0
1895,2026-03-28,226.2,42.4,46,2,H,55,Karachi,Hot,0
1896,2026-03-21,233.8,50.2,18,1,M,136,Lahore,Clear,1
1897,2026-03-22,234.0,68.4,15,0,L,32,Karachi,Hot,1
1898,2026-04-12,230.0,47.2,35,1,M,124,Lahore,Clear,0
1899,2026-03-25,229.2,32.7,26,0,L,53,Karachi,Humid,0
1900,2026-04-12,226.2,36.3,19,1,M,180,Islamabad,Rain,0
1901,2026-04-05,228.0,44.2,10,0,L,119,Lahore,Humid,1
1902,2026-04-03,232.5,61.1,10,2,H,101,Lahore,Hot,1
1903,2026-03-20,234.2,49.6,31,2,H,141,Karachi,Hot,0
1904,2026-04-12,233.5,47.2,30,1,M,176,Karachi,Clear,0
1905,2026-03-25,228.2,35.7,30,0,L,30,Lahore,Humid,0
1906,2026-03-31,237.5,71.4,26,0,L,180,Islamabad,Clear,0
1907,2026-04-12,230.5,56.3,37,1,M,180,Karachi,Humid,0
1908,2026-03-24,234.5,64.1,43,2,H,180,Karachi,Hot,1
1909,2026-04-07,234.8,69.0,30,0,L,58,Karachi,Clear,0
1910,2026-03-31,235.8,62.9,42,0,L,169,Lahore,Clear,0
1911,2026-04-04,228.8,33.9,24,1,M,0,Lahore,Humid,0
1912,2026-03-16,232.5,46.0,72,0,L,180,Lahore,Rain,1
1913,2026-03-20,229.8,48.4,23,0,L,39,Lahore,Humid,0
1914,2026-04-08,236.2,70.2,17,2,H,112,Islamabad,Rain,1
1915,2026-03-19,233.8,65.9,13,1,M,180,Islamabad,Humid,1
1916,2026-03-18,237.2,69.0,100,1,M,65,Lahore,Hot,1
1917,2026-04-13,232.8,52.6,28,0,L,71,Islamabad,Clear,0
1918,2026-03-16,231.8,64.7,11,2,H,20,Karachi,Humid,1
1919,2026-03-26,229.2,39.3,37,2,H,143,Karachi,Hot,0
1920,2026-03-17,226.8,35.7,44,2,H,180,Karachi,Humid,0
1921,2026-03-20,235.5,70.8,13,2,H,66,Lahore,Clear,1
1922,2026-04-07,230.2,51.4,18,0,L,180,Karachi,Humid,1
1923,2026-03-28,231.8,59.9,17,0,L,126,Islamabad,Rain,1
1924,2026-03-22,225.2,29.7,20,0,L,180,Lahore,Clear,1
1925,2026-04-04,220.0,20.0,28,1,M,180,Islamabad,Rain,0
1926,2026-04-04,229.8,41.2,41,0,L,143,Karachi,Hot,0
1927,2026-04-09,234.5,69.6,43,2,H,73,Karachi,Hot,0
1928,2026-03-28,234.0,67.1,14,0,L,172,Karachi,Humid,1
1929,2026-04-12,231.5,47.8,34,2,H,154,Lahore,Rain,0
1930,2026-03-17,226.5,33.9,44,2,H,79,Islamabad,Rain,0
1931,2026-03-30,226.0,31.5,14,1,M,180,Lahore,Clear,1
1932,2026-03-29,230.0,40.5,47,0,L,92,Lahore,Rain,0
1933,2026-03-21,231.2,47.2,37,2,H,168,Karachi,Rain,0
1934,2026-03-29,230.0,50.8,30,2,H,112,Lahore,Clear,0
1935,2026-03-27,233.0,62.3,16,1,M,67,Lahore,Clear,1
1936,2026-03-20,226.0,34.5,53,0,L,177,Karachi,Rain,0
1937,2026-03-29,226.5,36.3,20,0,L,180,Lahore,Humid,1
1938,2026-03-31,227.0,37.5,100,1,M,86,Karachi,Clear,1
1939,2026-03-18,227.2,43.0,30,1,M,180,Karachi,Clear,0
1940,2026-04-05,235.2,70.2,22,1,M,101,Karachi,Rain,1
1941,2026-04-10,237.8,70.2,100,1,M,26,Karachi,Rain,1
1942,2026-04-05,232.5,61.1,10,2,H,101,Lahore,Clear,1
1943,2026-04-10,228.5,38.1,28,2,H,28,Karachi,Rain,0
1944,2026-03-28,233.5,64.7,10,1,M,125,Karachi,Clear,1
1945,2026-03-29,225.2,29.7,35,2,H,180,Lahore,Humid,1
1946,2026-04-11,230.2,43.0,20,0,L,180,Lahore,Humid,1
1947,2026-03-26,232.8,59.9,25,2,H,85,Islamabad,Clear,0
1948,2026-04-02,235.5,70.2,28,0,L,84,Lahore,Clear,0
1949,2026-04-05,224.2,34.5,23,2,H,132,Lahore,Hot,0
1950,2026-04-11,227.5,41.2,25,1,M,49,Islamabad,Hot,0
1951,2026-03-24,234.0,66.5,13,1,M,164,Lahore,Rain,1
1952,2026-03-20,231.8,59.9,17,0,L,153,Lahore,Rain,1
1953,2026-04-11,231.0,41.8,28,1,M,73,Lahore,Clear,0
1954,2026-04-08,225.2,29.7,35,2,H,180,Lahore,Clear,1
1955,2026-03-23,232.0,49.0,29,0,L,111,Islamabad,Hot,0
1956,2026-03-16,232.5,57.5,19,2,H,130,Lahore,Hot,0
1957,2026-03-18,235.2,50.8,35,1,M,180,Lahore,Clear,1
1958,2026-03-23,232.8,64.7,10,2,H,25,Islamabad,Humid,1
1959,2026-03-29,231.0,61.7,17,1,M,12,Karachi,Humid,1
1960,2026-04-13,229.8,33.9,30,0,L,180,Islamabad,Rain,1
1961,2026-03-27,228.8,38.1,29,2,H,16,Karachi,Clear,0
1962,2026-04-03,225.0,27.9,19,2,H,100,Islamabad,Clear,1
1963,2026-03-22,232.5,55.7,46,2,H,64,Islamabad,Rain,0
1964,2026-04-09,238.8,72.0,22,1,M,180,Lahore,Hot,1
1965,2026-04-11,231.2,52.6,16,2,H,180,Karachi,Hot,1
1966,2026-04-02,233.5,62.9,38,2,H,180,Lahore,Humid,0
1967,2026-04-02,225.2,35.1,18,0,L,98,Karachi,Clear,0
1968,2026-04-08,234.0,67.1,14,0,L,172,Islamabad,Hot,1
1969,2026-03-30,231.5,59.9,46,2,H,100,Islamabad,Humid,0
1970,2026-03-25,232.8,56.9,54,1,M,104,Karachi,Humid,0
1971,2026-03-24,239.2,73.2,32,1,M,105,Lahore,Humid,0
1972,2026-03-22,234.5,64.1,24,0,L,169,Lahore,Hot,1
1973,2026-03-15,225.2,29.7,20,0,L,180,Lahore,Hot,1
1974,2026-03-24,225.0,35.7,11,0,L,87,Lahore,Clear,0
1975,2026-04-13,226.5,36.3,16,0,L,180,Islamabad,Clear,1
1976,2026-04-01,235.2,62.3,16,1,M,119,Islamabad,Humid,1
1977,2026-03-17,226.2,32.1,20,0,L,180,Islamabad,Humid,1
1978,2026-04-13,227.0,38.7,44,1,M,107,Islamabad,Hot,0
1979,2026-03-25,227.8,32.7,13,1,M,180,Islamabad,Hot,1
1980,2026-04-01,234.2,67.7,15,0,L,8,Lahore,Clear,1
1981,2026-03-17,232.2,61.7,26,0,L,0,Lahore,Clear,0
1982,2026-03-22,226.0,31.5,23,0,L,180,Lahore,Rain,1
1983,2026-04-10,231.5,52.0,45,0,L,180,Lahore,Clear,1
1984,2026-04-10,227.2,36.9,16,0,L,180,Islamabad,Hot,1
1985,2026-04-11,231.5,41.8,23,0,L,32,Islamabad,Humid,0
1986,2026-03-28,227.2,33.3,24,2,H,84,Islamabad,Rain,0
1987,2026-03-20,234.2,61.1,22,1,M,47,Karachi,Clear,0
1988,2026-03-29,230.5,50.8,100,2,H,81,Lahore,Clear,1
1989,2026-03-28,236.8,65.3,21,2,H,180,Lahore,Hot,1
1990,2026-03-21,227.0,38.1,37,0,L,105,Islamabad,Rain,0
1991,2026-03-24,229.0,36.9,24,0,L,70,Lahore,Clear,0
1992,2026-03-29,227.2,41.2,32,2,H,170,Lahore,Humid,0
1993,2026-04-12,232.5,61.1,10,2,H,101,Islamabad,Hot,1
1994,2026-03-24,227.2,31.5,72,0,L,54,Karachi,Rain,0
1995,2026-04-05,235.5,70.8,13,2,H,66,Karachi,Clear,1
1996,2026-03-31,225.8,38.7,22,1,M,180,Karachi,Clear,1
1997,2026-04-10,232.5,56.9,13,2,H,160,Islamabad,Rain,0
1998,2026-04-02,230.5,53.2,84,2,H,180,Lahore,Hot,0
1999,2026-04-12,234.8,62.3,34,0,L,0,Islamabad,Rain,0
2000,2026-03-31,228.2,44.2,31,2,H,70,Islamabad,Rain,0
2001,2026-03-26,231.2,52.6,16,2,H,180,Lahore,Hot,1
2002,2026-03-29,230.2,39.9,36,0,L,180,Karachi,Clear,0
2003,2026-04-09,230.2,35.7,14,0,L,31,Karachi,Humid,1
2004,2026-03-26,232.0,62.9,17,1,M,144,Islamabad,Hot,1
2005,2026-04-08,227.8,43.0,37,2,H,180,Karachi,Humid,0
2006,2026-04-12,233.2,61.1,15,1,M,180,Islamabad,Clear,1
2007,2026-03-23,234.5,64.1,43,2,H,180,Islamabad,Rain,1
2008,2026-03-19,230.2,52.0,34,2,H,166,Lahore,Humid,0
2009,2026-03-18,232.0,63.5,31,1,M,180,Lahore,Clear,0
2010,2026-03-26,231.8,64.1,17,0,L,80,Lahore,Clear,1
2011,2026-03-30,235.2,62.3,16,1,M,119,Islamabad,Rain,1
2012,2026-03-23,227.2,44.2,32,0,L,76,Lahore,Rain,0
2013,2026-04-08,235.2,68.4,11,0,L,42,Karachi,Clear,1
2014,2026-03-17,227.0,37.5,100,1,M,86,Karachi,Clear,1
2015,2026-04-04,230.2,60.5,10,2,H,147,Islamabad,Humid,1
2016,2026-03-17,235.0,52.6,90,1,M,180,Islamabad,Clear,1
2017,2026-04-09,233.0,57.5,32,2,H,124,Lahore,Clear,0
2018,2026-04-01,231.8,64.7,11,2,H,20,Islamabad,Humid,1
2019,2026-03-31,225.5,37.5,26,1,M,124,Islamabad,Hot,0
2020,2026-04-11,236.2,70.2,17,2,H,112,Karachi,Humid,1
2021,2026-03-24,225.2,29.7,35,2,H,180,Karachi,Humid,1
2022,2026-03-16,236.8,66.5,43,2,H,168,Lahore,Rain,0
2023,2026-04-07,230.2,58.7,10,1,M,111,Islamabad,Humid,1
2024,2026-03-25,225.0,27.9,19,2,H,100,Islamabad,Clear,1
2025,2026-04-07,235.2,50.8,35,1,M,180,Karachi,Clear,1
2026,2026-03-17,232.8,64.7,10,2,H,25,Islamabad,Clear,1
2027,2026-04-06,229.8,52.0,53,0,L,147,Karachi,Hot,0
2028,2026-04-06,234.8,64.1,10,1,M,180,Lahore,Clear,1
2029,2026-03-16,224.0,35.1,13,0,L,180,Karachi,Hot,1
2030,2026-03-23,238.5,72.0,11,0,L,130,Islamabad,Clear,0
2031,2026-04-02,232.5,58.7,66,1,M,84,Lahore,Humid,0
2032,2026-03-16,231.5,42.4,46,2,H,69,Karachi,Rain,0
2033,2026-04-11,226.8,42.4,16,0,L,180,Karachi,Clear,0
2034,2026-04-02,224.2,35.7,40,2,H,180,Lahore,Hot,1
2035,2026-03-16,225.8,36.3,35,1,M,111,Lahore,Hot,0
2036,2026-03-29,234.0,68.4,15,0,L,32,Karachi,Rain,1
2037,2026-04-07,233.0,62.3,17,2,H,130,Islamabad,Clear,1
2038,2026-04-04,228.2,49.6,44,1,M,37,Karachi,Humid,0
2039,2026-03-17,232.8,64.7,10,2,H,25,Lahore,Clear,1
2040,2026-03-19,239.0,73.2,20,2,H,34,Karachi,Clear,0
2041,2026-03-25,227.5,37.5,40,1,M,28,Lahore,Rain,0
2042,2026-04-10,235.5,64.1,16,0,L,67,Lahore,Clear,0
2043,2026-04-07,225.8,30.3,21,1,M,54,Islamabad,Humid,0
2044,2026-03-21,232.8,45.4,40,2,H,67,Lahore,Hot,0
2045,2026-03-20,231.5,63.5,21,1,M,110,Lahore,Rain,0
2046,2026-03-28,237.2,69.0,100,1,M,65,Islamabad,Humid,1
2047,2026-04-12,230.5,41.2,24,2,H,40,Lahore,Hot,1
2048,2026-03-15,232.5,46.0,72,0,L,180,Islamabad,Rain,1
2049,2026-04-09,229.2,39.3,16,0,L,180,Islamabad,Rain,1
2050,2026-03-31,235.0,50.2,17,1,M,180,Lahore,Hot,1
2051,2026-03-31,230.5,50.8,100,2,H,81,Lahore,Hot,1
2052,2026-03-28,228.2,32.7,49,1,M,177,Karachi,Humid,0
2053,2026-03-24,230.5,51.4,20,2,H,180,Islamabad,Clear,1
2054,2026-04-13,228.2,34.5,23,1,M,16,Karachi,Clear,0
2055,2026-03-22,232.5,55.1,100,1,M,100,Lahore,Clear,1
2056,2026-03-22,230.0,52.0,27,2,H,18,Karachi,Clear,0
2057,2026-03-28,225.5,32.1,26,2,H,161,Islamabad,Clear,0
2058,2026-03-21,222.0,23.0,29,0,L,90,Karachi,Humid,0
2059,2026-03-20,233.8,60.5,10,0,L,180,Islamabad,Rain,1
2060,2026-03-18,231.5,62.9,17,1,M,161,Lahore,Humid,1
2061,2026-03-15,229.5,39.3,35,0,L,132,Lahore,Humid,0
2062,2026-03-29,230.0,49.0,22,1,M,36,Islamabad,Humid,0
2063,2026-04-08,232.8,64.7,10,2,H,25,Lahore,Rain,1
2064,2026-03-29,231.0,59.3,100,1,M,180,Lahore,Humid,1
2065,2026-03-15,224.5,28.5,41,2,H,38,Lahore,Humid,0
2066,2026-04-03,234.5,67.7,14,1,M,2,Lahore,Rain,1
2067,2026-03-17,225.2,29.7,35,2,H,180,Islamabad,Humid,1
2068,2026-04-06,235.8,69.6,56,0,L,28,Karachi,Clear,0
2069,2026-03-19,226.5,36.3,20,0,L,180,Karachi,Hot,1
2070,2026-03-19,235.2,69.0,17,0,L,180,Lahore,Humid,1
2071,2026-03-18,233.5,56.9,27,0,L,159,Karachi,Hot,0
2072,2026-03-31,230.2,35.7,14,0,L,31,Karachi,Humid,1
2073,2026-04-04,233.0,62.3,17,2,H,130,Lahore,Humid,1
2074,2026-04-03,233.0,59.9,37,1,M,180,Lahore,Clear,0
2075,2026-03-28,234.2,48.4,49,1,M,180,Karachi,Rain,1
2076,2026-04-09,233.0,62.3,17,2,H,130,Islamabad,Hot,1
2077,2026-04-12,233.0,62.9,25,2,H,174,Lahore,Rain,0
2078,2026-03-22,231.2,52.6,16,2,H,180,Islamabad,Clear,1
2079,2026-03-16,225.8,38.1,44,2,H,2,Karachi,Clear,0
2080,2026-03-22,238.2,73.2,21,0,L,28,Lahore,Hot,0
2081,2026-03-15,231.0,62.3,29,0,L,180,Islamabad,Rain,0
2082,2026-04-12,235.8,69.6,20,2,H,80,Lahore,Clear,0
2083,2026-03-18,233.5,59.3,34,2,H,120,Karachi,Humid,0
2084,2026-04-02,227.0,33.3,40,0,L,112,Islamabad,Humid,0
2085,2026-03-19,225.0,36.3,24,0,L,148,Karachi,Humid,0
2086,2026-04-12,230.0,49.6,46,0,L,120,Karachi,Rain,0
2087,2026-03-19,231.5,42.4,10,1,M,111,Lahore,Humid,1
2088,2026-04-04,230.2,51.4,22,1,M,110,Islamabad,Humid,0
2089,2026-04-11,227.2,44.2,19,0,L,180,Karachi,Clear,1
2090,2026-04-03,225.5,37.5,33,1,M,105,Karachi,Clear,0
2091,2026-04-07,224.2,35.7,40,2,H,180,Islamabad,Humid,1
2092,2026-04-02,230.0,53.2,32,0,L,14,Karachi,Humid,0
2093,2026-03-26,226.2,36.9,22,1,M,19,Karachi,Clear,1
2094,2026-04-03,238.5,71.4,100,0,L,5,Islamabad,Hot,1
2095,2026-03-15,230.8,41.2,19,0,L,149,Islamabad,Rain,0
2096,2026-03-21,235.2,52.6,14,0,L,180,Islamabad,Rain,1
2097,2026-03-31,228.8,39.3,52,1,M,170,Islamabad,Clear,0
2098,2026-03-16,227.5,32.1,15,0,L,91,Lahore,Rain,0
2099,2026-03-25,233.0,57.5,100,0,L,15,Islamabad,Clear,1
2100,2026-03-21,232.2,64.7,15,1,M,6,Lahore,Clear,1
2101,2026-03-31,229.8,40.5,55,2,H,73,Lahore,Clear,0
2102,2026-04-10,237.2,67.7,10,0,L,144,Lahore,Clear,0
2103,2026-03-17,226.2,32.1,20,0,L,180,Karachi,Hot,1
2104,2026-04-12,228.8,37.5,32,1,M,161,Lahore,Humid,0
2105,2026-04-05,232.5,55.1,100,1,M,100,Lahore,Humid,1
2106,2026-03-20,235.2,62.3,16,1,M,119,Karachi,Hot,1
2107,2026-04-05,235.8,62.9,36,0,L,10,Karachi,Rain,0
2108,2026-03-25,224.2,27.9,59,1,M,72,Karachi,Rain,0
2109,2026-04-12,226.5,32.1,26,1,M,180,Islamabad,Humid,1
2110,2026-04-01,233.0,58.7,20,0,L,180,Karachi,Rain,1
2111,2026-04-01,231.8,64.7,11,2,H,20,Karachi,Humid,1
2112,2026-04-05,235.0,69.0,16,1,M,180,Lahore,Humid,1
2113,2026-03-24,237.0,65.3,49,0,L,66,Karachi,Hot,0
2114,2026-03-19,230.5,50.2,19,2,H,180,Islamabad,Rain,1
2115,2026-04-13,236.8,64.7,28,0,L,180,Karachi,Hot,1
2116,2026-04-06,227.8,43.6,24,2,H,180,Islamabad,Humid,0
2117,2026-04-06,228.2,43.6,41,0,L,180,Karachi,Humid,0
2118,2026-04-04,231.8,52.0,41,0,L,180,Karachi,Humid,0
2119,2026-04-07,225.0,27.9,19,2,H,100,Karachi,Clear,1
2120,2026-04-09,230.2,52.0,33,1,M,130,Karachi,Clear,0
2121,2026-04-05,231.2,64.1,13,0,L,92,Islamabad,Clear,1
2122,2026-03-29,228.8,46.6,49,1,M,179,Islamabad,Hot,1
2123,2026-04-04,230.2,51.4,13,2,H,159,Lahore,Humid,1
2124,2026-04-03,233.0,59.3,68,1,M,23,Islamabad,Rain,0
2125,2026-04-06,232.0,41.8,32,1,M,27,Karachi,Hot,0
2126,2026-03-18,231.5,41.8,35,1,M,50,Lahore,Hot,0
2127,2026-04-04,235.8,70.8,100,1,M,71,Lahore,Hot,1
2128,2026-04-04,230.8,43.0,46,2,H,180,Lahore,Rain,0
2129,2026-03-15,234.8,64.1,32,1,M,180,Karachi,Humid,0
2130,2026-03-29,234.5,67.7,31,0,L,180,Islamabad,Clear,0
2131,2026-03-31,232.5,52.6,14,1,M,180,Karachi,Humid,0
2132,2026-04-02,230.5,51.4,20,2,H,180,Lahore,Humid,1
2133,2026-03-28,227.5,36.3,24,0,L,52,Karachi,Hot,0
2134,2026-04-10,238.0,72.6,29,2,H,0,Karachi,Hot,0
2135,2026-04-02,225.5,35.7,21,0,L,85,Islamabad,Hot,0
2136,2026-04-01,226.5,37.5,62,2,H,49,Islamabad,Clear,0
2137,2026-04-11,232.0,58.7,26,1,M,153,Lahore,Clear,0
2138,2026-03-16,236.5,69.0,57,2,H,40,Karachi,Clear,0
2139,2026-03-20,226.8,42.4,34,1,M,163,Karachi,Humid,0
2140,2026-03-27,234.8,68.4,10,0,L,180,Islamabad,Hot,1
2141,2026-03-31,231.5,46.6,23,1,M,35,Karachi,Rain,0
2142,2026-03-20,226.8,32.7,42,1,M,180,Karachi,Humid,0
2143,2026-04-04,238.8,72.6,10,2,H,161,Karachi,Clear,1
2144,2026-04-05,231.8,59.9,17,1,M,73,Islamabad,Rain,1
2145,2026-03-19,221.2,21.8,22,2,H,69,Lahore,Rain,0
2146,2026-03-21,230.8,49.6,29,0,L,180,Lahore,Hot,0
2147,2026-03-15,236.2,65.3,48,0,L,58,Karachi,Rain,0
2148,2026-03-27,232.5,61.1,16,1,M,180,Lahore,Clear,1
2149,2026-04-02,224.2,27.3,23,2,H,64,Islamabad,Hot,0
2150,2026-04-05,233.5,61.7,44,1,M,77,Islamabad,Rain,0
2151,2026-03-15,236.2,69.0,46,0,L,180,Lahore,Hot,0
2152,2026-03-27,232.2,52.6,24,1,M,180,Lahore,Rain,0
2153,2026-03-25,226.2,36.3,17,0,L,180,Karachi,Humid,1
2154,2026-04-10,234.5,50.2,33,1,M,76,Lahore,Humid,0
2155,2026-03-21,236.8,65.3,21,2,H,180,Karachi,Clear,1
2156,2026-04-03,233.2,62.9,14,0,L,180,Karachi,Humid,1
2157,2026-03-17,232.8,45.4,55,1,M,114,Islamabad,Humid,0
2158,2026-04-09,230.8,47.8,28,1,M,180,Islamabad,Humid,0
2159,2026-04-08,227.5,42.4,74,2,H,98,Islamabad,Rain,0
2160,2026-03-15,231.2,41.2,25,2,H,107,Islamabad,Rain,0
2161,2026-03-22,223.0,24.8,34,2,H,33,Lahore,Hot,0
2162,2026-03-31,230.5,50.8,100,2,H,81,Islamabad,Rain,1
2163,2026-03-27,230.5,41.2,24,2,H,40,Lahore,Humid,1
2164,2026-03-28,231.0,40.5,20,1,M,64,Islamabad,Rain,1
2165,2026-03-19,230.5,41.2,24,2,H,40,Lahore,Clear,1
2166,2026-04-09,230.5,43.0,24,2,H,0,Karachi,Hot,0
2167,2026-04-07,228.2,36.3,48,0,L,90,Lahore,Hot,0
2168,2026-04-05,232.8,64.7,10,2,H,25,Lahore,Rain,1
2169,2026-04-06,229.2,52.0,18,2,H,180,Islamabad,Humid,1
2170,2026-04-10,235.5,50.2,19,2,H,180,Lahore,Hot,0
2171,2026-04-07,232.2,64.7,15,1,M,6,Karachi,Clear,1
2172,2026-04-12,225.2,29.7,35,2,H,180,Karachi,Clear,1
2173,2026-03-20,236.2,54.5,100,1,M,143,Islamabad,Hot,1
2174,2026-04-10,228.0,46.0,22,0,L,120,Karachi,Humid,0
2175,2026-04-05,235.8,51.4,17,2,H,108,Lahore,Humid,0
2176,2026-04-10,228.8,49.0,58,0,L,118,Karachi,Rain,0
2177,2026-03-20,226.8,44.2,27,1,M,83,Islamabad,Rain,0
2178,2026-04-04,234.2,53.8,33,1,M,126,Lahore,Hot,0
2179,2026-03-22,232.2,43.0,72,0,L,158,Islamabad,Rain,0
2180,2026-03-27,230.5,42.4,17,0,L,180,Lahore,Rain,1
2181,2026-04-01,233.0,57.5,100,0,L,15,Karachi,Rain,1
2182,2026-04-06,231.0,41.8,28,0,L,164,Islamabad,Clear,0
2183,2026-03-18,229.8,49.0,26,2,H,113,Islamabad,Rain,0
2184,2026-03-31,235.5,70.8,13,2,H,66,Lahore,Hot,1
2185,2026-04-12,231.8,43.6,27,0,L,32,Islamabad,Humid,0
2186,2026-03-19,230.0,59.3,24,0,L,180,Lahore,Rain,1
2187,2026-03-17,225.2,29.7,35,2,H,180,Lahore,Humid,1
2188,2026-03-18,230.8,48.4,29,0,L,69,Lahore,Rain,0
2189,2026-04-06,232.2,58.1,11,1,M,75,Lahore,Hot,1
2190,2026-03-19,226.8,32.7,18,0,L,63,Karachi,Clear,0
2191,2026-03-28,231.5,42.4,10,1,M,111,Lahore,Hot,1
2192,2026-03-29,229.2,52.0,18,2,H,180,Islamabad,Clear,1
2193,2026-04-03,231.0,41.8,11,1,M,171,Karachi,Rain,0
2194,2026-03-31,233.0,64.1,13,0,L,154,Islamabad,Rain,1
2195,2026-03-20,230.8,41.8,29,1,M,129,Karachi,Clear,0
2196,2026-04-10,233.0,62.3,51,1,M,180,Lahore,Hot,1
2197,2026-03-24,228.8,46.6,49,1,M,179,Karachi,Hot,1
2198,2026-04-05,228.5,38.1,43,1,M,0,Karachi,Clear,0
2199,2026-04-06,230.8,36.9,19,1,M,65,Islamabad,Rain,0
2200,2026-03-30,232.8,57.5,28,2,H,58,Islamabad,Clear,0
2201,2026-03-31,231.0,59.3,100,1,M,180,Lahore,Rain,1
2202,2026-03-28,236.5,64.1,25,1,M,180,Karachi,Clear,1
2203,2026-04-03,230.5,51.4,20,2,H,180,Karachi,Rain,1
2204,2026-03-26,227.0,32.7,20,0,L,61,Karachi,Clear,1
2205,2026-03-23,233.0,58.1,22,2,H,51,Lahore,Humid,0
2206,2026-03-29,231.0,40.5,20,1,M,64,Lahore,Rain,1
2207,2026-03-26,235.2,69.0,11,1,M,69,Lahore,Hot,1
2208,2026-03-28,235.8,70.8,100,1,M,71,Lahore,Clear,1
2209,2026-04-09,224.5,29.7,100,0,L,18,Lahore,Hot,1
2210,2026-04-05,226.0,29.1,29,2,H,180,Islamabad,Clear,0
2211,2026-04-01,230.5,41.2,24,2,H,40,Karachi,Hot,1
2212,2026-04-03,233.8,56.9,53,1,M,43,Karachi,Hot,0
2213,2026-03-20,235.8,51.4,28,0,L,153,Karachi,Clear,0
2214,2026-03-18,228.5,35.7,14,1,M,56,Karachi,Clear,0
2215,2026-04-09,229.0,47.2,27,1,M,119,Karachi,Hot,0
2216,2026-04-06,233.0,58.1,31,1,M,152,Karachi,Hot,0
2217,2026-03-26,231.2,58.7,13,0,L,47,Karachi,Hot,1
2218,2026-03-27,235.8,62.9,11,0,L,16,Karachi,Rain,0
2219,2026-04-02,227.5,34.5,49,0,L,125,Islamabad,Rain,0
2220,2026-04-05,231.5,52.6,17,2,H,12,Karachi,Humid,0
2221,2026-03-27,231.0,40.5,23,2,H,37,Islamabad,Rain,0
2222,2026-03-26,233.2,56.3,20,1,M,180,Lahore,Rain,0
2223,2026-04-03,229.2,52.0,17,1,M,45,Karachi,Clear,1
2224,2026-03-17,232.5,52.0,19,1,M,180,Lahore,Humid,0
2225,2026-04-11,232.5,61.1,16,1,M,180,Lahore,Humid,1
2226,2026-03-17,230.2,60.5,10,2,H,147,Lahore,Rain,1
2227,2026-03-28,230.2,41.8,19,1,M,180,Islamabad,Clear,0
2228,2026-04-01,234.2,69.0,11,1,M,44,Lahore,Clear,1
2229,2026-04-10,229.5,36.9,26,0,L,48,Lahore,Humid,0
2230,2026-04-02,229.0,39.3,30,1,M,46,Lahore,Clear,0
2231,2026-04-12,232.0,60.5,26,2,H,148,Karachi,Hot,0
2232,2026-04-11,234.2,63.5,44,1,M,157,Karachi,Rain,0
2233,2026-04-13,233.0,63.5,16,2,H,101,Islamabad,Hot,1
2234,2026-03-24,236.2,64.7,38,1,M,167,Islamabad,Humid,0
2235,2026-03-31,235.5,70.8,13,2,H,66,Karachi,Humid,1
2236,2026-03-29,236.5,65.3,31,0,L,180,Islamabad,Clear,0
2237,2026-04-02,224.2,27.3,10,0,L,62,Karachi,Clear,0
2238,2026-03-23,224.2,35.7,40,2,H,180,Lahore,Humid,1
2239,2026-03-18,221.8,23.0,13,0,L,65,Lahore,Humid,0
2240,2026-03-29,230.2,52.0,71,2,H,157,Islamabad,Hot,0
2241,2026-04-02,230.5,51.4,35,1,M,116,Karachi,Hot,0
2242,2026-03-30,226.5,32.1,26,1,M,180,Karachi,Clear,1
2243,2026-03-22,236.8,70.8,28,1,M,139,Islamabad,Hot,0
2244,2026-03-31,229.0,38.1,17,1,M,180,Karachi,Clear,0
2245,2026-04-04,239.2,73.8,13,1,M,75,Lahore,Clear,0
2246,2026-03-15,231.8,44.2,35,2,H,25,Islamabad,Rain,0
2247,2026-03-21,233.0,62.3,51,1,M,180,Islamabad,Clear,1
2248,2026-04-04,231.2,41.8,57,2,H,180,Karachi,Hot,0
2249,2026-04-01,233.0,59.9,22,1,M,20,Islamabad,Humid,1
2250,2026-03-26,226.5,37.5,62,2,H,49,Karachi,Humid,0
2251,2026-03-30,235.2,62.3,16,1,M,119,Karachi,Hot,1
2252,2026-04-13,238.0,72.0,23,1,M,180,Karachi,Humid,0
2253,2026-03-15,225.5,38.7,75,2,H,136,Karachi,Clear,0
2254,2026-04-10,233.5,64.7,22,2,H,130,Karachi,Humid,0
2255,2026-03-29,234.0,61.7,55,2,H,5,Islamabad,Hot,0
2256,2026-03-21,227.0,35.7,18,2,H,180,Lahore,Humid,0
2257,2026-04-11,230.5,51.4,20,2,H,180,Lahore,Clear,1
2258,2026-03-31,229.2,52.0,18,2,H,180,Islamabad,Clear,1
2259,2026-03-17,226.8,32.1,29,0,L,69,Islamabad,Hot,0
2260,2026-03-25,231.8,52.6,22,0,L,180,Lahore,Hot,1
2261,2026-03-20,235.0,64.7,58,1,M,177,Lahore,Hot,0
2262,2026-03-20,228.5,44.2,17,1,M,49,Lahore,Rain,0
2263,2026-03-29,229.2,52.0,18,2,H,180,Lahore,Rain,1
2264,2026-03-21,234.5,64.1,24,0,L,169,Lahore,Clear,1
2265,2026-03-25,234.5,49.6,29,0,L,128,Karachi,Rain,0
2266,2026-04-13,232.8,64.7,10,2,H,25,Islamabad,Rain,1
2267,2026-04-10,227.5,38.1,47,1,M,18,Karachi,Humid,0
2268,2026-03-31,226.0,28.5,33,2,H,180,Lahore,Rain,0
2269,2026-04-06,233.0,64.1,13,0,L,154,Lahore,Humid,1
2270,2026-04-01,232.2,61.7,13,0,L,159,Lahore,Hot,1
2271,2026-04-05,232.0,57.5,25,2,H,124,Karachi,Humid,0
2272,2026-04-12,225.2,29.7,35,2,H,180,Karachi,Humid,1
2273,2026-04-07,229.5,52.6,19,1,M,81,Lahore,Hot,0
2274,2026-04-12,229.0,49.0,32,2,H,158,Karachi,Hot,0
2275,2026-04-04,228.0,32.1,60,1,M,137,Karachi,Clear,0
2276,2026-04-09,224.5,36.3,58,1,M,163,Lahore,Clear,0
2277,2026-04-02,232.0,57.5,34,2,H,43,Karachi,Clear,0
2278,2026-04-10,229.0,44.8,49,1,M,180,Islamabad,Clear,0
2279,2026-03-22,235.0,69.0,16,1,M,180,Islamabad,Humid,1
2280,2026-04-07,228.8,33.3,61,1,M,180,Islamabad,Humid,0
2281,2026-04-03,226.5,32.7,10,0,L,50,Islamabad,Clear,0
2282,2026-03-22,238.2,69.6,12,0,L,71,Lahore,Rain,0
2283,2026-04-04,231.0,59.3,100,1,M,180,Lahore,Clear,1
2284,2026-04-12,232.2,61.1,13,1,M,88,Lahore,Rain,1
2285,2026-03-25,230.0,49.0,16,0,L,23,Islamabad,Hot,0
2286,2026-04-04,232.8,58.1,16,0,L,180,Islamabad,Humid,1
2287,2026-03-17,230.5,41.2,24,2,H,40,Karachi,Humid,1
2288,2026-04-06,233.2,56.9,29,1,M,91,Karachi,Rain,0
2289,2026-04-10,233.5,59.3,20,1,M,125,Islamabad,Clear,0
2290,2026-03-28,229.2,38.1,43,2,H,0,Islamabad,Humid,0
2291,2026-04-10,226.5,32.7,21,0,L,111,Islamabad,Rain,0
2292,2026-03-23,234.5,62.9,34,2,H,81,Islamabad,Hot,0
2293,2026-04-08,229.8,39.3,52,0,L,100,Karachi,Hot,0
2294,2026-03-15,235.2,62.9,28,0,L,110,Islamabad,Humid,0
2295,2026-03-15,227.2,31.5,31,1,M,78,Karachi,Clear,0
2296,2026-04-09,232.5,55.1,100,1,M,100,Islamabad,Rain,1
2297,2026-04-11,224.2,35.7,40,2,H,180,Islamabad,Humid,1
2298,2026-03-26,226.8,40.5,49,0,L,180,Islamabad,Hot,0
2299,2026-03-25,234.5,64.1,43,2,H,180,Karachi,Clear,1
2300,2026-04-04,238.0,72.6,16,0,L,180,Karachi,Rain,1
2301,2026-03-15,226.0,30.3,16,0,L,180,Lahore,Humid,1
2302,2026-04-03,231.0,61.7,17,1,M,12,Islamabad,Rain,1
2303,2026-03-26,235.5,64.1,25,0,L,84,Lahore,Clear,0
2304,2026-03-31,233.2,60.5,49,0,L,25,Lahore,Clear,0
2305,2026-03-29,233.2,64.1,13,1,M,111,Karachi,Hot,1
2306,2026-03-16,231.8,64.7,11,2,H,20,Karachi,Clear,1
2307,2026-04-01,231.2,52.6,29,0,L,10,Lahore,Humid,0
2308,2026-03-30,234.5,64.1,43,2,H,180,Islamabad,Rain,1
2309,2026-03-18,238.8,72.6,10,2,H,161,Karachi,Clear,1
2310,2026-03-22,233.8,65.9,13,1,M,180,Islamabad,Clear,1
2311,2026-03-16,234.2,68.4,30,0,L,180,Islamabad,Humid,1
2312,2026-03-28,233.2,53.8,65,2,H,122,Lahore,Rain,0
2313,2026-04-08,236.5,64.1,25,1,M,180,Lahore,Rain,1
2314,2026-03-29,232.0,41.2,10,2,H,180,Lahore,Hot,0
2315,2026-04-11,233.5,66.5,17,1,M,117,Lahore,Hot,1
2316,2026-03-23,231.0,61.7,17,1,M,12,Karachi,Rain,1
2317,2026-03-16,233.8,60.5,20,1,M,20,Karachi,Humid,0
2318,2026-03-31,234.5,63.5,60,0,L,180,Lahore,Humid,0
2319,2026-04-09,231.2,47.8,10,0,L,62,Karachi,Hot,1
2320,2026-03-24,229.5,39.3,35,0,L,132,Lahore,Clear,0
2321,2026-03-23,226.8,44.2,34,1,M,180,Islamabad,Humid,1
2322,2026-03-16,232.2,56.9,18,0,L,70,Islamabad,Clear,0
2323,2026-04-07,221.8,23.6,37,0,L,74,Islamabad,Humid,0
2324,2026-04-13,226.0,32.1,41,0,L,180,Lahore,Rain,1
2325,2026-04-02,230.5,50.2,19,2,H,180,Islamabad,Hot,1
2326,2026-03-31,225.0,29.7,46,2,H,180,Karachi,Clear,0
2327,2026-03-25,232.2,61.7,16,1,M,126,Islamabad,Clear,1
2328,2026-03-31,225.2,30.3,11,0,L,180,Islamabad,Rain,1
2329,2026-03-24,226.2,38.7,10,0,L,180,Islamabad,Humid,1
2330,2026-04-01,231.2,64.1,13,0,L,92,Karachi,Clear,1
2331,2026-04-06,226.5,31.5,40,1,M,9,Lahore,Humid,0
2332,2026-04-11,230.5,51.4,20,2,H,180,Karachi,Rain,1
2333,2026-03-20,237.5,70.8,19,0,L,123,Lahore,Hot,0
2334,2026-03-30,233.2,64.1,13,1,M,111,Lahore,Clear,1
2335,2026-04-11,235.2,50.8,51,1,M,165,Islamabad,Humid,0
2336,2026-04-10,237.8,70.2,100,1,M,26,Lahore,Clear,1
2337,2026-04-01,229.8,38.1,48,1,M,180,Karachi,Humid,0
2338,2026-04-03,233.2,54.5,20,0,L,180,Karachi,Humid,1
2339,2026-04-01,233.2,65.9,20,1,M,52,Lahore,Humid,0
2340,2026-03-15,233.8,66.5,16,0,L,106,Islamabad,Rain,1
2341,2026-04-11,236.5,65.3,10,1,M,180,Islamabad,Hot,1
2342,2026-03-17,226.2,38.7,40,0,L,11,Karachi,Clear,0
2343,2026-03-29,235.5,69.0,18,0,L,34,Islamabad,Hot,1
2344,2026-04-03,225.8,37.5,39,1,M,32,Lahore,Humid,0
2345,2026-03-24,236.5,64.1,25,1,M,180,Lahore,Humid,1
2346,2026-04-04,230.5,59.3,22,2,H,116,Karachi,Hot,0
2347,2026-03-19,227.8,44.2,20,2,H,180,Lahore,Hot,0
2348,2026-03-29,230.2,60.5,10,2,H,147,Karachi,Clear,1
2349,2026-04-06,226.2,32.7,44,0,L,39,Lahore,Humid,0
2350,2026-03-28,228.5,41.8,100,0,L,143,Karachi,Hot,1
2351,2026-03-29,231.8,64.7,11,2,H,20,Islamabad,Rain,1
2352,2026-03-24,235.5,62.9,10,0,L,139,Lahore,Humid,1
2353,2026-04-07,226.5,32.1,31,2,H,54,Lahore,Humid,0
2354,2026-03-23,233.2,64.1,13,1,M,111,Karachi,Clear,1
2355,2026-03-26,233.0,59.9,37,0,L,180,Karachi,Rain,1
2356,2026-03-21,226.8,32.7,32,1,M,18,Lahore,Clear,0
2357,2026-03-19,230.0,59.9,52,0,L,0,Karachi,Rain,0
2358,2026-04-08,226.5,43.6,55,1,M,19,Lahore,Clear,0
2359,2026-04-07,228.5,46.0,39,2,H,0,Islamabad,Rain,0
2360,2026-03-24,231.8,58.1,17,2,H,156,Karachi,Rain,0
2361,2026-04-08,229.2,52.0,18,2,H,180,Lahore,Rain,1
2362,2026-04-09,234.5,48.4,25,0,L,81,Islamabad,Hot,0
2363,2026-03-22,228.8,41.2,23,2,H,135,Islamabad,Humid,0
2364,2026-04-05,232.0,60.5,64,2,H,119,Lahore,Rain,0
2365,2026-04-03,229.8,39.3,30,1,M,84,Karachi,Hot,0
2366,2026-04-08,230.0,60.5,19,1,M,142,Lahore,Hot,1
2367,2026-03-30,230.5,53.2,11,0,L,180,Islamabad,Clear,1
2368,2026-03-26,232.2,54.5,29,0,L,180,Lahore,Humid,1
2369,2026-03-23,226.8,39.3,41,2,H,174,Karachi,Humid,0
2370,2026-03-24,232.2,56.3,30,1,M,163,Islamabad,Clear,0
2371,2026-03-30,230.5,55.7,49,0,L,30,Lahore,Humid,0
2372,2026-03-24,238.8,72.6,10,2,H,161,Karachi,Clear,1
2373,2026-03-23,226.2,36.3,15,0,L,180,Islamabad,Hot,1
2374,2026-04-13,227.5,38.7,22,1,M,119,Karachi,Hot,1
2375,2026-04-09,231.2,64.1,13,0,L,92,Islamabad,Rain,1
2376,2026-03-17,224.8,36.9,30,0,L,171,Lahore,Clear,0
2377,2026-04-10,236.5,65.3,10,1,M,180,Karachi,Hot,1
2378,2026-04-11,225.5,29.7,78,1,M,68,Islamabad,Hot,0
2379,2026-04-02,231.2,43.0,11,0,L,180,Karachi,Clear,1
2380,2026-03-25,227.0,41.2,16,2,H,85,Karachi,Hot,0
2381,2026-03-20,226.0,30.3,37,1,M,93,Lahore,Humid,0
2382,2026-03-20,226.2,33.3,13,0,L,180,Karachi,Hot,0
2383,2026-03-29,230.5,50.2,33,0,L,2,Islamabad,Clear,0
2384,2026-04-12,232.0,44.2,20,1,M,12,Islamabad,Humid,0
2385,2026-03-29,231.0,60.5,16,0,L,174,Islamabad,Humid,1
2386,2026-03-27,228.5,39.9,22,2,H,29,Islamabad,Hot,0
2387,2026-04-05,227.5,36.9,33,1,M,56,Lahore,Rain,0
2388,2026-03-19,221.0,21.8,17,0,L,180,Karachi,Humid,1
2389,2026-03-28,231.0,38.1,34,0,L,90,Lahore,Clear,0
2390,2026-04-04,227.5,36.3,10,0,L,180,Karachi,Rain,1
2391,2026-03-16,231.0,49.6,42,1,M,38,Karachi,Rain,0
2392,2026-04-13,227.5,38.7,22,1,M,119,Karachi,Humid,1
2393,2026-04-06,225.0,30.3,64,2,H,180,Lahore,Hot,0
2394,2026-03-26,231.8,50.2,29,0,L,180,Karachi,Rain,0
2395,2026-04-03,235.0,50.2,17,1,M,180,Lahore,Hot,1
2396,2026-03-28,228.2,35.1,20,0,L,0,Islamabad,Humid,1
2397,2026-04-02,232.0,62.9,17,1,M,144,Islamabad,Clear,1
2398,2026-04-07,233.8,56.9,16,0,L,37,Karachi,Rain,0
2399,2026-04-03,233.8,65.9,55,0,L,180,Lahore,Clear,0
2400,2026-03-29,230.5,51.4,20,2,H,180,Islamabad,Hot,1
2401,2026-04-10,235.0,50.2,20,0,L,14,Lahore,Hot,0
2402,2026-04-03,232.8,52.6,40,0,L,38,Lahore,Clear,0
2403,2026-04-07,229.5,50.8,69,1,M,180,Karachi,Humid,0
2404,2026-03-31,230.5,41.2,24,2,H,40,Islamabad,Humid,1
2405,2026-04-08,227.0,36.3,47,1,M,180,Karachi,Rain,0
2406,2026-03-28,235.8,70.8,100,1,M,71,Karachi,Rain,1
2407,2026-04-06,228.8,46.6,10,2,H,87,Islamabad,Humid,0
2408,2026-04-11,233.0,53.8,79,0,L,105,Islamabad,Humid,0
2409,2026-04-01,229.8,40.5,60,1,M,78,Lahore,Clear,0
2410,2026-04-10,230.2,60.5,10,2,H,147,Islamabad,Hot,1
2411,2026-04-11,231.2,47.8,10,0,L,62,Lahore,Hot,1
2412,2026-04-05,227.2,43.6,10,0,L,76,Lahore,Rain,1
2413,2026-04-07,231.2,47.2,21,2,H,161,Lahore,Humid,0
2414,2026-04-10,230.8,51.4,16,2,H,102,Islamabad,Clear,0
2415,2026-03-19,227.5,36.3,28,1,M,176,Karachi,Rain,1
2416,2026-04-05,228.0,36.9,61,1,M,118,Lahore,Clear,0
2417,2026-03-26,235.8,69.6,17,0,L,30,Karachi,Humid,1
2418,2026-03-24,228.8,34.5,17,0,L,170,Karachi,Humid,0
2419,2026-03-22,231.0,41.2,10,1,M,180,Islamabad,Humid,1
2420,2026-04-12,235.8,69.6,17,0,L,30,Karachi,Hot,1
2421,2026-03-20,229.0,39.3,26,1,M,173,Karachi,Humid,0
2422,2026-04-11,233.0,63.5,16,2,H,101,Islamabad,Rain,1
2423,2026-04-08,230.5,50.8,100,2,H,81,Lahore,Hot,1
2424,2026-03-29,231.8,58.1,13,2,H,30,Karachi,Clear,0
2425,2026-03-26,229.8,48.4,37,1,M,162,Islamabad,Rain,0
2426,2026-04-08,228.2,32.7,27,2,H,156,Karachi,Rain,0
2427,2026-04-08,234.0,62.3,55,2,H,116,Karachi,Clear,0
2428,2026-03-20,233.5,57.5,23,0,L,129,Lahore,Hot,0
2429,2026-03-26,235.0,52.6,67,2,H,47,Karachi,Rain,0
2430,2026-03-29,232.5,58.1,18,0,L,180,Islamabad,Rain,1
2431,2026-03-26,233.5,54.5,10,0,L,177,Karachi,Rain,1
2432,2026-03-23,234.2,48.4,49,1,M,180,Lahore,Hot,1
2433,2026-04-02,230.5,41.2,24,2,H,40,Lahore,Hot,1
2434,2026-04-04,233.0,63.5,16,2,H,101,Islamabad,Hot,1
2435,2026-03-16,231.8,57.5,29,1,M,144,Lahore,Rain,0
2436,2026-04-11,232.5,58.7,12,0,L,180,Karachi,Humid,0
2437,2026-03-27,227.2,44.2,20,0,L,180,Lahore,Clear,0
2438,2026-03-27,229.0,47.2,40,2,H,180,Islamabad,Humid,0
2439,2026-03-22,230.5,42.4,17,0,L,180,Lahore,Hot,1
2440,2026-04-10,228.8,44.2,24,1,M,111,Lahore,Rain,0
2441,2026-03-27,238.8,73.2,83,1,M,45,Lahore,Rain,0
2442,2026-03-18,226.8,37.5,19,2,H,98,Islamabad,Humid,0
2443,2026-03-20,237.2,69.0,100,1,M,65,Lahore,Humid,1
2444,2026-03-20,233.0,61.7,26,1,M,140,Lahore,Clear,0
2445,2026-04-04,225.0,36.9,100,0,L,125,Karachi,Rain,1
2446,2026-03-26,226.0,38.1,21,0,L,180,Islamabad,Humid,1
2447,2026-03-26,230.5,50.8,100,2,H,81,Lahore,Clear,1
2448,2026-03-31,236.5,64.1,25,1,M,180,Islamabad,Hot,1
2449,2026-04-10,230.5,50.8,100,2,H,81,Lahore,Humid,1
2450,2026-03-21,232.8,64.7,10,2,H,25,Lahore,Hot,1
2451,2026-04-09,225.2,36.9,19,1,M,180,Lahore,Clear,0
2452,2026-03-29,227.0,31.5,32,2,H,180,Karachi,Hot,0
2453,2026-04-07,235.5,70.8,13,2,H,66,Karachi,Rain,1
2454,2026-03-31,238.5,72.6,52,0,L,106,Karachi,Rain,0
2455,2026-03-24,227.8,33.3,62,2,H,179,Islamabad,Hot,0
2456,2026-04-06,233.2,61.1,51,1,M,83,Islamabad,Rain,0
2457,2026-04-03,233.0,62.3,17,2,H,130,Karachi,Clear,1
2458,2026-03-20,232.2,41.8,32,2,H,180,Islamabad,Rain,0
2459,2026-03-23,225.2,38.1,19,1,M,101,Lahore,Hot,0
2460,2026-03-29,228.2,45.4,30,0,L,101,Lahore,Hot,0
2461,2026-03-30,233.0,63.5,13,0,L,97,Lahore,Hot,1
2462,2026-04-04,232.0,62.9,17,1,M,144,Karachi,Humid,1
2463,2026-03-22,229.2,52.0,18,2,H,180,Islamabad,Hot,1
2464,2026-03-30,238.5,72.0,24,0,L,12,Karachi,Clear,0
2465,2026-03-19,227.5,44.2,21,2,H,82,Islamabad,Rain,0
2466,2026-04-01,231.2,42.4,43,1,M,89,Lahore,Rain,0
2467,2026-04-03,236.2,70.2,17,2,H,112,Karachi,Humid,1
2468,2026-03-28,226.0,32.7,42,1,M,143,Islamabad,Humid,0
2469,2026-03-16,228.0,38.1,50,2,H,8,Islamabad,Clear,0
2470,2026-04-06,231.8,55.1,11,0,L,49,Lahore,Hot,1
2471,2026-04-06,229.8,33.9,33,1,M,10,Karachi,Humid,0
2472,2026-04-13,229.8,39.9,25,2,H,16,Karachi,Rain,0
2473,2026-03-17,227.2,36.9,22,1,M,27,Karachi,Humid,0
2474,2026-03-28,234.8,62.3,47,0,L,139,Lahore,Humid,0
2475,2026-04-12,227.2,44.2,25,1,M,71,Karachi,Hot,0
2476,2026-03-21,231.2,52.6,16,2,H,180,Lahore,Humid,1
2477,2026-03-29,227.2,44.8,34,1,M,109,Lahore,Clear,0
2478,2026-03-31,229.2,39.3,16,0,L,180,Lahore,Rain,1
2479,2026-03-15,234.2,51.4,25,0,L,66,Islamabad,Hot,0
2480,2026-03-23,225.0,27.9,19,2,H,100,Karachi,Rain,1
2481,2026-04-05,233.0,63.5,16,2,H,101,Karachi,Clear,1
2482,2026-04-12,232.8,55.7,20,1,M,5,Lahore,Clear,0
2483,2026-03-28,229.8,52.6,80,1,M,180,Lahore,Humid,1
2484,2026-03-30,230.2,43.0,20,0,L,180,Karachi,Humid,1
2485,2026-04-11,232.2,52.6,28,1,M,33,Lahore,Humid,0
2486,2026-04-04,230.2,51.4,13,2,H,159,Karachi,Rain,1
2487,2026-03-27,234.0,66.5,13,1,M,164,Islamabad,Clear,1
2488,2026-03-20,231.5,42.4,10,1,M,111,Lahore,Hot,1
2489,2026-04-05,230.5,51.4,20,2,H,180,Karachi,Humid,1
2490,2026-03-15,228.0,32.7,61,0,L,131,Lahore,Rain,0
2491,2026-04-04,235.5,52.6,13,0,L,180,Karachi,Humid,1
2492,2026-04-08,231.0,42.4,85,2,H,137,Karachi,Clear,0
2493,2026-03-18,238.8,72.6,10,2,H,161,Lahore,Hot,1
2494,2026-03-17,238.8,71.4,31,2,H,154,Islamabad,Clear,0
2495,2026-03-31,227.2,41.8,32,1,M,131,Karachi,Rain,0
2496,2026-04-13,229.8,52.6,37,1,M,82,Karachi,Humid,0
2497,2026-03-16,230.2,52.0,34,2,H,166,Karachi,Clear,0
2498,2026-04-02,226.2,32.7,16,2,H,180,Islamabad,Rain,0
2499,2026-04-03,232.2,43.0,59,2,H,168,Islamabad,Humid,0
2500,2026-04-06,228.2,43.6,41,0,L,180,Lahore,Hot,0
2501,2026-04-05,235.8,70.2,44,1,M,81,Islamabad,Clear,0
2502,2026-04-10,226.5,32.7,25,1,M,18,Lahore,Humid,0
2503,2026-03-22,235.2,69.0,49,2,H,175,Lahore,Humid,0
2504,2026-04-13,230.2,51.4,13,2,H,159,Islamabad,Humid,1
2505,2026-04-08,233.8,67.1,48,0,L,25,Lahore,Humid,0
2506,2026-03-29,231.8,64.7,11,2,H,20,Islamabad,Clear,1
2507,2026-03-20,235.0,62.3,25,2,H,152,Lahore,Humid,0
2508,2026-04-06,233.5,66.5,17,1,M,117,Islamabad,Rain,1
2509,2026-04-03,230.0,60.5,19,1,M,142,Islamabad,Clear,1
2510,2026-03-16,230.8,41.8,25,0,L,180,Lahore,Humid,0
2511,2026-04-08,231.8,64.1,16,0,L,67,Karachi,Clear,1
2512,2026-04-08,233.0,63.5,16,2,H,101,Lahore,Rain,1
2514,2026-03-29,231.8,64.1,17,0,L,80,Karachi,Clear,1
2515,2026-04-03,232.0,54.5,18,0,L,180,Lahore,Humid,1
2516,2026-03-26,230.5,41.2,24,2,H,40,Lahore,Humid,1
2517,2026-03-17,233.8,60.5,20,1,M,20,Lahore,Rain,0
2518,2026-03-24,228.2,43.6,41,0,L,180,Karachi,Humid,0
2519,2026-03-28,225.0,27.9,19,2,H,100,Islamabad,Rain,1
2520,2026-04-10,226.0,38.7,69,2,H,158,Lahore,Humid,0
2521,2026-04-05,232.2,54.5,29,0,L,180,Lahore,Rain,1
2522,2026-04-13,231.0,58.1,16,0,L,70,Lahore,Hot,1
2523,2026-03-28,232.0,64.7,10,0,L,180,Lahore,Humid,1
2524,2026-03-17,231.2,42.4,40,1,M,44,Lahore,Humid,0
2525,2026-03-15,232.0,64.7,25,0,L,180,Islamabad,Humid,1
2526,2026-04-03,227.2,32.1,27,1,M,157,Islamabad,Clear,0
2527,2026-03-15,225.5,30.3,10,0,L,153,Lahore,Humid,1
2528,2026-03-16,231.2,52.6,16,2,H,180,Karachi,Clear,1
2529,2026-04-02,234.8,51.4,32,0,L,180,Islamabad,Clear,0
2530,2026-04-07,221.8,23.0,20,0,L,84,Karachi,Rain,0
2531,2026-03-24,230.5,51.4,20,2,H,180,Islamabad,Clear,1
2532,2026-03-18,225.5,29.1,22,1,M,127,Lahore,Clear,0
2533,2026-03-18,234.8,68.4,28,0,L,180,Islamabad,Hot,0
2534,2026-03-27,227.8,43.0,12,0,L,20,Lahore,Humid,1
2535,2026-04-09,233.5,56.3,48,1,M,34,Islamabad,Clear,0
2536,2026-03-23,232.2,55.7,38,1,M,109,Lahore,Humid,0
2537,2026-03-21,235.5,69.0,10,0,L,59,Lahore,Clear,1
2538,2026-03-30,228.2,38.7,28,0,L,95,Lahore,Rain,0
2539,2026-04-01,226.5,36.3,16,0,L,180,Lahore,Hot,1
2540,2026-03-17,235.5,70.8,13,2,H,66,Karachi,Clear,1
2541,2026-04-03,232.2,56.9,35,0,L,159,Lahore,Humid,0
2542,2026-04-03,235.5,70.8,13,2,H,66,Karachi,Rain,1
2543,2026-03-24,234.0,61.7,31,1,M,91,Karachi,Humid,0
2544,2026-04-07,236.2,66.5,43,2,H,117,Lahore,Rain,0
2545,2026-04-09,221.5,23.0,10,1,M,89,Karachi,Hot,1
2546,2026-04-13,231.2,62.9,14,0,L,106,Islamabad,Rain,1
2548,2026-04-09,230.5,59.9,17,0,L,180,Karachi,Humid,1
2549,2026-04-05,230.0,48.4,34,0,L,25,Lahore,Clear,0
2550,2026-03-30,238.8,72.6,10,2,H,161,Lahore,Rain,1
2551,2026-03-17,235.5,64.1,25,0,L,84,Lahore,Humid,0
2552,2026-03-25,238.2,71.4,17,0,L,180,Karachi,Clear,1
2553,2026-04-08,229.8,40.5,60,1,M,78,Islamabad,Hot,0
2554,2026-03-24,233.0,62.3,17,2,H,130,Islamabad,Humid,1
2555,2026-03-30,227.5,44.2,19,0,L,80,Karachi,Clear,0
2556,2026-03-22,231.0,61.7,17,1,M,12,Lahore,Humid,1
2557,2026-03-23,238.2,70.8,10,1,M,2,Karachi,Rain,0
2558,2026-03-29,235.0,69.0,16,1,M,180,Karachi,Clear,1
2559,2026-04-04,233.2,64.1,10,0,L,114,Karachi,Rain,1
2560,2026-03-17,233.5,60.5,20,0,L,180,Lahore,Hot,0
2561,2026-03-18,231.0,61.1,18,1,M,166,Karachi,Rain,1
2562,2026-04-13,226.5,31.5,23,1,M,6,Lahore,Clear,0
2563,2026-03-27,235.8,53.8,20,2,H,180,Karachi,Humid,0
2564,2026-03-26,229.2,52.0,18,2,H,180,Islamabad,Clear,1
2565,2026-04-04,230.5,41.2,32,0,L,77,Karachi,Rain,0
2566,2026-03-23,229.2,52.0,18,2,H,180,Karachi,Rain,1
2567,2026-04-08,235.5,70.8,13,2,H,66,Islamabad,Humid,1
2568,2026-03-28,231.2,52.6,16,2,H,180,Lahore,Hot,1
2569,2026-04-02,224.2,35.7,40,2,H,180,Lahore,Clear,1
2570,2026-03-21,226.8,40.5,24,1,M,132,Karachi,Humid,0
2571,2026-03-30,228.8,46.0,40,0,L,31,Islamabad,Humid,0
2572,2026-04-05,236.5,65.3,10,1,M,180,Lahore,Humid,1
2573,2026-04-03,227.0,33.3,36,2,H,47,Karachi,Clear,0
2574,2026-03-19,226.5,32.1,31,2,H,54,Islamabad,Clear,0
2575,2026-04-13,235.0,69.6,42,0,L,141,Lahore,Clear,0
2576,2026-03-24,232.2,50.8,19,0,L,24,Lahore,Hot,0
2577,2026-04-01,236.8,65.3,21,2,H,180,Islamabad,Humid,1
2578,2026-03-25,232.0,60.5,44,1,M,94,Islamabad,Rain,0
2579,2026-03-21,230.5,50.2,19,2,H,180,Islamabad,Rain,1
2580,2026-03-28,221.2,21.8,13,2,H,135,Islamabad,Humid,0
2581,2026-04-03,230.0,52.0,73,1,M,15,Karachi,Rain,0
2582,2026-04-01,229.5,39.3,10,0,L,12,Islamabad,Hot,1
2583,2026-03-25,226.2,41.8,17,1,M,30,Lahore,Hot,1
2584,2026-04-05,230.0,47.2,17,2,H,148,Lahore,Clear,0
2585,2026-04-10,230.2,39.9,100,0,L,180,Karachi,Clear,1
2586,2026-03-26,226.2,43.6,47,1,M,14,Lahore,Clear,0
2587,2026-04-01,238.2,72.0,32,2,H,142,Lahore,Clear,0
2588,2026-04-09,232.5,61.1,10,2,H,101,Islamabad,Clear,1
2589,2026-03-16,233.2,65.9,25,2,H,123,Lahore,Rain,0
2590,2026-04-06,226.0,32.1,17,1,M,180,Karachi,Rain,0
2591,2026-03-15,233.2,62.9,14,0,L,180,Islamabad,Clear,1
2592,2026-04-06,226.0,31.5,14,1,M,180,Islamabad,Hot,1
2593,2026-03-24,233.2,64.1,10,0,L,114,Karachi,Rain,1
2594,2026-04-04,220.5,21.2,39,2,H,180,Islamabad,Hot,0
2595,2026-03-15,235.5,51.4,47,1,M,97,Islamabad,Hot,0
2596,2026-03-20,233.0,62.3,16,1,M,67,Karachi,Humid,1
2597,2026-03-21,226.8,33.3,59,2,H,28,Islamabad,Humid,0
2598,2026-03-31,225.2,29.7,35,2,H,180,Karachi,Clear,1
2599,2026-03-23,228.2,39.3,54,1,M,21,Karachi,Hot,0
2600,2026-03-21,232.2,49.0,61,0,L,97,Lahore,Rain,0
2601,2026-03-31,233.5,56.3,31,0,L,2,Lahore,Humid,0
2602,2026-03-17,235.0,54.5,47,0,L,150,Islamabad,Humid,0
2603,2026-03-30,232.2,58.1,11,1,M,75,Islamabad,Hot,1
2604,2026-03-19,226.0,38.1,21,0,L,180,Karachi,Humid,1
2605,2026-04-03,230.5,41.2,24,2,H,40,Islamabad,Humid,1
2606,2026-04-01,238.5,71.4,100,0,L,5,Karachi,Rain,1
2607,2026-03-15,225.2,29.7,35,2,H,180,Karachi,Hot,1
2608,2026-03-18,234.8,69.6,26,2,H,80,Islamabad,Humid,0
2609,2026-04-06,228.8,35.7,33,1,M,96,Karachi,Hot,0
2610,2026-03-25,237.5,70.8,20,1,M,158,Lahore,Humid,0
2611,2026-04-03,226.0,32.1,41,0,L,180,Islamabad,Rain,1
2612,2026-03-23,234.5,49.6,31,2,H,27,Lahore,Hot,0
2613,2026-04-13,236.2,52.6,13,2,H,62,Islamabad,Humid,0
2614,2026-03-22,230.0,60.5,19,1,M,142,Karachi,Rain,1
2615,2026-03-22,235.2,69.0,49,2,H,175,Islamabad,Humid,0
2616,2026-03-19,235.0,52.0,34,2,H,92,Lahore,Hot,0
2617,2026-03-26,233.8,66.5,14,0,L,174,Karachi,Humid,1
2618,2026-03-15,234.5,49.6,31,2,H,27,Islamabad,Hot,0
2619,2026-03-29,231.8,57.5,100,1,M,21,Islamabad,Hot,1
2620,2026-04-08,236.8,65.3,21,2,H,180,Islamabad,Humid,1
2621,2026-04-01,231.2,46.0,39,0,L,38,Lahore,Rain,0
2622,2026-03-20,229.2,39.3,37,1,M,150,Lahore,Clear,0
2623,2026-03-24,232.2,58.1,11,1,M,75,Islamabad,Rain,1
2624,2026-03-28,221.2,22.4,100,0,L,149,Karachi,Rain,1
2625,2026-04-04,232.8,60.5,25,0,L,2,Karachi,Humid,0
2626,2026-04-09,226.5,32.7,28,0,L,180,Lahore,Rain,1
2627,2026-04-12,231.8,43.0,17,2,H,104,Karachi,Rain,0
2628,2026-03-22,225.5,29.1,17,0,L,140,Lahore,Clear,0
2629,2026-04-10,231.5,46.6,26,2,H,19,Islamabad,Rain,0
2630,2026-03-17,231.8,64.7,11,2,H,20,Lahore,Clear,1
2631,2026-04-05,237.5,72.0,20,2,H,129,Lahore,Humid,0
2632,2026-04-05,231.0,40.5,20,1,M,64,Islamabad,Clear,1
2633,2026-04-09,232.2,59.3,100,0,L,124,Karachi,Hot,1
2634,2026-04-02,234.2,49.0,18,2,H,50,Lahore,Hot,0
2635,2026-03-26,231.8,56.9,23,0,L,108,Lahore,Clear,0
2636,2026-03-26,233.5,64.7,10,1,M,125,Islamabad,Hot,1
2637,2026-03-29,229.2,52.0,18,2,H,180,Karachi,Humid,1
2638,2026-04-11,230.0,52.6,40,0,L,149,Lahore,Hot,0
2639,2026-03-21,234.5,64.1,43,2,H,180,Islamabad,Clear,1
2640,2026-04-10,225.8,38.7,22,1,M,180,Lahore,Humid,1
2641,2026-03-18,232.0,64.7,25,0,L,180,Islamabad,Hot,1
2642,2026-04-04,227.8,38.1,15,1,M,104,Karachi,Humid,0
2643,2026-03-23,232.0,64.1,25,0,L,68,Karachi,Clear,0
2644,2026-04-05,230.5,50.8,100,2,H,81,Karachi,Hot,1
2645,2026-03-30,232.5,58.1,26,1,M,7,Karachi,Humid,0
2646,2026-04-09,233.2,66.5,16,0,L,115,Lahore,Humid,1
2647,2026-03-27,235.8,53.8,20,1,M,180,Lahore,Hot,0
2648,2026-03-18,232.8,44.8,38,2,H,149,Karachi,Humid,0
2649,2026-04-07,226.5,43.0,25,2,H,21,Karachi,Humid,0
2650,2026-03-23,236.2,69.0,41,1,M,56,Karachi,Clear,0
2651,2026-04-09,232.2,61.1,13,1,M,88,Lahore,Clear,1
2652,2026-04-04,235.5,70.8,13,2,H,66,Karachi,Clear,1
2653,2026-04-01,227.2,33.9,32,0,L,106,Karachi,Clear,0
2654,2026-03-29,232.2,56.9,47,2,H,49,Karachi,Clear,0
2655,2026-03-29,227.0,36.3,23,0,L,180,Islamabad,Clear,1
2656,2026-03-20,227.2,33.3,10,0,L,137,Karachi,Hot,0
2657,2026-03-25,232.0,53.2,28,0,L,47,Islamabad,Clear,0
2658,2026-04-11,230.8,42.4,28,0,L,180,Islamabad,Humid,0
2659,2026-03-22,230.0,47.2,17,2,H,148,Karachi,Hot,0
2660,2026-04-12,226.8,31.5,18,1,M,97,Islamabad,Humid,0
2661,2026-04-04,230.8,43.0,17,0,L,180,Karachi,Clear,1
2662,2026-03-31,238.8,72.6,10,2,H,161,Lahore,Clear,1
2663,2026-04-07,227.2,33.9,19,1,M,175,Lahore,Humid,0
2664,2026-04-08,231.5,63.5,13,0,L,55,Lahore,Humid,1
2665,2026-03-31,234.5,62.3,32,2,H,47,Lahore,Humid,0
2666,2026-04-07,229.0,49.6,14,2,H,68,Islamabad,Rain,0
2667,2026-04-09,230.8,43.0,46,2,H,180,Karachi,Rain,0
2668,2026-04-11,230.2,51.4,13,2,H,159,Karachi,Rain,1
2669,2026-04-01,234.0,66.5,13,1,M,164,Karachi,Rain,1
2670,2026-03-18,235.2,69.0,11,1,M,69,Lahore,Hot,1
2671,2026-04-12,229.2,52.0,18,2,H,180,Lahore,Clear,1
2672,2026-03-29,232.0,54.5,18,0,L,180,Karachi,Humid,1
2673,2026-03-16,226.8,43.6,20,0,L,24,Lahore,Clear,0
2674,2026-03-16,228.2,43.6,31,0,L,180,Karachi,Humid,1
2675,2026-03-24,226.5,32.1,26,1,M,180,Karachi,Clear,1
2676,2026-03-17,234.8,51.4,25,0,L,180,Karachi,Hot,0
2677,2026-04-13,229.2,52.0,17,1,M,45,Karachi,Rain,1
2678,2026-03-22,225.2,38.1,71,0,L,104,Karachi,Clear,0
2679,2026-04-03,229.2,52.0,11,1,M,73,Karachi,Humid,0
2680,2026-03-21,234.0,66.5,13,1,M,164,Karachi,Clear,1
2681,2026-03-26,234.5,64.1,43,2,H,180,Lahore,Hot,1
2682,2026-04-09,229.2,52.0,18,2,H,180,Karachi,Hot,1
2683,2026-04-02,231.0,58.1,16,0,L,70,Karachi,Clear,1
2684,2026-04-09,232.2,52.6,29,1,M,180,Lahore,Rain,0
2685,2026-04-11,236.5,64.1,25,1,M,180,Lahore,Humid,1
2686,2026-04-13,224.2,27.9,20,2,H,180,Lahore,Hot,0
2687,2026-03-29,229.0,38.1,14,0,L,180,Karachi,Hot,1
2688,2026-03-28,231.0,62.9,18,1,M,107,Islamabad,Clear,1
2689,2026-03-30,232.0,60.5,10,0,L,90,Islamabad,Hot,1
2690,2026-04-12,221.8,23.6,69,0,L,72,Lahore,Hot,0
2691,2026-04-10,235.0,50.8,63,1,M,179,Islamabad,Humid,0
2692,2026-03-28,235.0,69.0,49,1,M,180,Lahore,Rain,0
2693,2026-03-17,230.5,50.2,19,2,H,180,Karachi,Humid,1
2694,2026-04-01,231.5,62.9,17,1,M,161,Islamabad,Rain,1
2695,2026-04-12,232.0,51.4,100,0,L,17,Karachi,Humid,1
2696,2026-04-11,232.5,62.9,16,0,L,155,Islamabad,Clear,1
2697,2026-04-05,230.2,41.8,10,0,L,180,Karachi,Hot,1
2698,2026-03-20,226.2,39.3,40,0,L,46,Islamabad,Rain,0
2699,2026-03-31,235.2,61.7,78,0,L,36,Karachi,Clear,0
2700,2026-04-06,232.5,59.9,52,0,L,27,Karachi,Hot,0
2701,2026-04-11,233.2,62.3,24,0,L,152,Islamabad,Hot,0
2702,2026-03-28,232.8,44.2,32,1,M,141,Karachi,Hot,0
2703,2026-03-28,235.2,53.2,73,0,L,180,Karachi,Humid,0
2704,2026-04-03,232.5,61.1,11,0,L,8,Karachi,Clear,1
2705,2026-03-27,236.8,70.2,26,2,H,180,Islamabad,Clear,0
2706,2026-04-10,226.2,39.9,16,0,L,172,Islamabad,Hot,1
2707,2026-04-11,233.5,66.5,23,1,M,180,Karachi,Rain,0
2708,2026-03-17,227.2,38.1,38,0,L,162,Karachi,Clear,0
2709,2026-03-27,229.8,40.5,55,2,H,73,Islamabad,Humid,0
2710,2026-04-12,235.2,62.3,16,1,M,119,Islamabad,Rain,1
2711,2026-04-07,234.8,69.6,16,0,L,62,Karachi,Rain,1
2712,2026-03-16,234.5,67.7,14,1,M,2,Karachi,Rain,1
2713,2026-03-23,235.2,50.2,22,0,L,53,Karachi,Rain,0
2714,2026-03-27,226.0,29.7,35,0,L,180,Lahore,Clear,0
2715,2026-03-22,229.2,46.6,20,0,L,91,Islamabad,Hot,0
2716,2026-03-30,234.2,61.1,35,0,L,31,Lahore,Rain,0
2717,2026-04-07,234.5,64.1,43,2,H,180,Islamabad,Humid,1
2718,2026-04-12,232.8,64.7,10,2,H,25,Islamabad,Humid,1
2719,2026-03-17,229.8,33.9,30,0,L,180,Islamabad,Hot,1
2720,2026-03-27,225.8,32.7,24,1,M,180,Islamabad,Clear,0
2721,2026-03-18,236.0,69.6,13,0,L,114,Islamabad,Hot,0
2722,2026-04-01,238.8,72.6,10,2,H,161,Islamabad,Rain,1
2723,2026-03-16,225.2,28.5,10,1,M,105,Islamabad,Clear,1
2724,2026-04-03,229.8,34.5,50,2,H,180,Lahore,Clear,0
2725,2026-04-05,224.2,27.9,13,2,H,177,Karachi,Rain,0
2726,2026-04-04,236.2,65.3,31,0,L,162,Karachi,Humid,0
2727,2026-03-29,232.8,64.7,10,2,H,25,Lahore,Rain,1
2728,2026-03-31,227.5,36.3,28,1,M,176,Lahore,Hot,1
2729,2026-04-12,233.2,52.6,40,0,L,174,Lahore,Rain,0
2730,2026-03-24,228.8,46.0,67,1,M,180,Lahore,Humid,1
2731,2026-03-15,229.5,33.3,25,1,M,46,Islamabad,Rain,0
2732,2026-03-20,234.2,69.0,11,1,M,44,Karachi,Hot,1
2733,2026-03-17,231.0,55.1,37,0,L,7,Islamabad,Hot,0
2734,2026-04-02,228.2,35.1,14,0,L,6,Karachi,Humid,0
2735,2026-03-21,231.8,42.4,17,0,L,180,Karachi,Hot,1
2736,2026-03-27,238.8,72.6,10,2,H,161,Lahore,Hot,1
2737,2026-03-27,233.8,58.7,32,0,L,113,Islamabad,Rain,0
2738,2026-03-31,234.8,62.3,41,1,M,136,Lahore,Clear,0
2739,2026-03-15,226.5,38.7,23,0,L,20,Islamabad,Hot,1
2740,2026-03-28,230.5,51.4,20,2,H,180,Karachi,Hot,1
2741,2026-04-12,228.0,35.7,22,2,H,45,Lahore,Humid,0
2742,2026-04-09,229.0,46.6,20,1,M,180,Lahore,Humid,1
2743,2026-03-17,225.5,28.5,22,2,H,133,Karachi,Rain,0
2744,2026-03-28,235.5,50.8,28,0,L,180,Karachi,Rain,0
2745,2026-04-07,230.2,51.4,13,2,H,159,Karachi,Hot,1
2746,2026-03-15,228.8,33.9,19,0,L,180,Lahore,Clear,0
2747,2026-03-30,232.8,56.3,17,1,M,49,Islamabad,Clear,0
2748,2026-03-24,232.2,58.1,64,0,L,146,Lahore,Rain,0
2749,2026-03-27,227.5,36.3,28,1,M,176,Islamabad,Humid,1
2750,2026-03-18,237.0,70.2,23,0,L,162,Lahore,Hot,0
2751,2026-03-23,236.0,64.1,10,0,L,0,Lahore,Hot,1
2752,2026-03-28,230.5,41.2,24,2,H,40,Karachi,Clear,1
2753,2026-03-18,231.8,64.7,11,2,H,20,Islamabad,Rain,1
2754,2026-03-24,238.8,72.6,10,2,H,161,Lahore,Clear,1
2755,2026-03-22,232.8,64.7,10,2,H,25,Lahore,Clear,1
2756,2026-04-06,224.2,35.7,40,2,H,180,Karachi,Rain,1
2757,2026-03-17,230.5,50.2,19,2,H,180,Karachi,Humid,1
2758,2026-04-06,234.8,68.4,10,0,L,180,Islamabad,Hot,1
2759,2026-03-21,231.2,58.7,11,0,L,40,Lahore,Humid,1
2760,2026-03-24,227.0,37.5,100,1,M,86,Islamabad,Rain,1
2761,2026-03-17,226.8,40.5,24,1,M,132,Lahore,Rain,0
2762,2026-03-16,233.0,55.7,60,2,H,59,Islamabad,Hot,0
2763,2026-03-29,233.0,59.9,22,1,M,20,Karachi,Humid,1
2764,2026-03-23,230.5,50.8,100,2,H,81,Lahore,Hot,1
2765,2026-03-29,230.8,43.0,23,2,H,180,Islamabad,Clear,0
2766,2026-03-31,232.5,57.5,14,1,M,0,Karachi,Clear,1
2767,2026-04-13,227.0,37.5,100,1,M,86,Karachi,Clear,1
2768,2026-03-21,230.2,51.4,13,2,H,159,Islamabad,Humid,1
2769,2026-04-03,233.2,64.1,10,0,L,114,Lahore,Clear,1
2770,2026-04-01,229.5,52.6,26,0,L,0,Lahore,Hot,0
2771,2026-03-29,224.2,35.7,40,2,H,180,Karachi,Humid,1
2772,2026-04-01,230.2,51.4,13,2,H,159,Lahore,Hot,1
2773,2026-04-07,231.5,42.4,30,0,L,91,Lahore,Rain,0
2774,2026-04-06,232.0,63.5,72,1,M,131,Lahore,Humid,0
2775,2026-03-26,226.5,33.9,20,2,H,43,Karachi,Hot,0
2776,2026-04-06,225.0,38.7,43,2,H,166,Islamabad,Hot,0
2777,2026-04-04,235.5,70.8,13,2,H,66,Lahore,Humid,1
2778,2026-04-13,232.5,61.1,16,1,M,180,Karachi,Rain,1
2779,2026-04-09,224.0,35.1,24,0,L,3,Karachi,Humid,0
2780,2026-03-22,231.8,64.1,45,2,H,62,Islamabad,Clear,0
2781,2026-04-13,235.0,52.6,90,1,M,180,Lahore,Clear,1
2782,2026-03-16,230.2,51.4,46,0,L,145,Lahore,Rain,1
2783,2026-03-16,230.2,39.9,100,0,L,180,Islamabad,Hot,1
2784,2026-03-19,232.2,61.7,14,0,L,109,Islamabad,Hot,1
2785,2026-03-15,235.5,52.6,13,0,L,180,Karachi,Hot,1
2786,2026-04-05,237.5,71.4,29,1,M,175,Karachi,Humid,0
2787,2026-03-18,231.0,50.8,34,0,L,180,Islamabad,Humid,0
2788,2026-03-20,232.8,58.1,16,0,L,180,Lahore,Rain,1
2789,2026-04-06,227.8,33.3,23,2,H,2,Karachi,Clear,0
2790,2026-03-27,225.0,27.9,19,2,H,100,Karachi,Hot,1
2791,2026-04-02,225.5,31.5,79,0,L,180,Lahore,Clear,0
2792,2026-03-25,231.2,41.8,100,0,L,142,Karachi,Humid,1
2793,2026-03-27,223.5,25.4,24,0,L,3,Lahore,Humid,0
2794,2026-03-22,225.2,35.1,18,0,L,98,Lahore,Humid,0
2795,2026-03-21,230.2,49.6,29,1,M,122,Lahore,Clear,0
2796,2026-03-27,230.5,50.8,100,2,H,81,Islamabad,Rain,1
2797,2026-03-15,232.8,64.7,10,2,H,25,Islamabad,Rain,1
2798,2026-03-20,226.8,44.2,34,1,M,180,Islamabad,Humid,1
2799,2026-03-21,228.2,33.3,27,0,L,180,Lahore,Hot,0
2800,2026-03-30,229.5,39.9,53,0,L,41,Lahore,Clear,0
2801,2026-04-13,236.5,65.3,10,1,M,180,Islamabad,Humid,1
2802,2026-04-10,231.8,64.7,11,2,H,20,Karachi,Clear,1
2803,2026-03-29,231.2,50.8,47,1,M,180,Lahore,Clear,1
2804,2026-04-03,226.5,40.5,15,1,M,74,Karachi,Rain,0
2805,2026-04-13,231.8,52.6,34,0,L,180,Karachi,Humid,0
2806,2026-03-16,229.2,52.0,18,2,H,180,Lahore,Rain,1
2807,2026-04-09,230.5,50.8,100,2,H,81,Lahore,Humid,1
2808,2026-04-08,225.5,29.7,22,0,L,149,Karachi,Clear,0
2809,2026-04-06,233.8,46.6,41,1,M,180,Karachi,Rain,0
2810,2026-03-30,230.5,51.4,20,2,H,180,Islamabad,Clear,1
2811,2026-03-31,235.0,69.0,10,0,L,51,Islamabad,Humid,1
2812,2026-04-07,233.2,61.1,15,1,M,180,Lahore,Hot,1
2813,2026-03-29,228.2,38.1,18,2,H,0,Islamabad,Rain,0
2814,2026-03-17,236.2,66.5,10,1,M,122,Islamabad,Rain,1
2815,2026-03-18,226.2,41.8,13,1,M,11,Islamabad,Clear,0
2816,2026-03-26,233.2,56.3,14,2,H,134,Islamabad,Clear,0
2817,2026-03-19,239.2,73.2,50,2,H,65,Karachi,Hot,0
2818,2026-03-31,229.2,33.3,23,1,M,139,Lahore,Rain,0
2819,2026-03-20,232.0,63.5,26,0,L,180,Islamabad,Humid,0
2820,2026-03-24,236.2,68.4,26,0,L,48,Karachi,Humid,0
2821,2026-04-05,235.0,53.2,20,0,L,180,Karachi,Rain,0
2822,2026-04-01,227.2,43.6,10,0,L,76,Karachi,Rain,1
2823,2026-04-10,235.5,70.8,13,2,H,66,Islamabad,Rain,1
2824,2026-03-24,231.8,64.7,11,2,H,20,Islamabad,Hot,1
2825,2026-03-20,236.2,70.2,17,2,H,112,Lahore,Humid,1
2826,2026-04-07,232.5,61.1,16,1,M,180,Islamabad,Humid,1
2827,2026-03-20,225.5,30.9,17,2,H,174,Islamabad,Clear,0
2828,2026-04-03,226.5,32.1,40,1,M,29,Karachi,Clear,0
2829,2026-03-29,230.8,41.8,15,1,M,163,Lahore,Rain,0
2830,2026-03-18,230.5,50.2,19,2,H,180,Islamabad,Clear,1
2831,2026-04-08,227.8,41.2,79,0,L,59,Islamabad,Hot,0
2832,2026-03-30,232.8,45.4,40,2,H,67,Karachi,Humid,0
2833,2026-04-05,229.8,50.8,35,0,L,75,Karachi,Humid,0
2834,2026-04-07,230.2,51.4,13,2,H,159,Islamabad,Clear,1
2835,2026-03-22,227.8,43.6,50,1,M,180,Lahore,Rain,0
2836,2026-03-21,236.2,70.2,17,2,H,112,Lahore,Clear,1
2837,2026-04-02,236.0,70.8,16,0,L,90,Karachi,Rain,1
2838,2026-04-09,229.8,40.5,60,1,M,78,Karachi,Hot,0
2839,2026-03-31,234.5,64.1,43,2,H,180,Islamabad,Humid,1
2840,2026-04-04,230.5,41.2,24,2,H,40,Karachi,Hot,1
2841,2026-03-27,235.5,70.8,13,2,H,66,Islamabad,Humid,1
2842,2026-03-29,223.8,26.0,12,1,M,24,Lahore,Hot,1
2843,2026-04-09,235.2,68.4,35,1,M,75,Lahore,Clear,0
2844,2026-04-09,238.8,72.0,22,1,M,180,Islamabad,Hot,1
2845,2026-03-16,232.8,44.8,17,0,L,180,Karachi,Hot,1
2846,2026-04-11,233.0,46.0,10,0,L,180,Lahore,Clear,1
2847,2026-03-24,232.5,61.1,10,2,H,101,Karachi,Humid,1
2848,2026-03-27,229.2,49.0,13,2,H,143,Lahore,Humid,0
2849,2026-04-01,227.0,35.1,26,1,M,88,Islamabad,Clear,0
2850,2026-04-13,224.8,36.9,29,2,H,104,Islamabad,Hot,0
2851,2026-04-06,232.2,61.7,16,1,M,126,Islamabad,Hot,1
2852,2026-03-25,235.0,62.3,29,1,M,147,Lahore,Hot,0
2853,2026-03-27,231.2,47.8,10,0,L,62,Karachi,Rain,1
2854,2026-04-02,226.8,31.5,18,1,M,97,Karachi,Humid,0
2855,2026-04-12,230.2,60.5,10,2,H,147,Karachi,Hot,1
2856,2026-04-07,231.2,59.3,100,0,L,180,Lahore,Humid,1
2857,2026-04-08,227.2,32.1,26,1,M,122,Lahore,Hot,0
2858,2026-04-13,231.0,46.0,19,0,L,11,Lahore,Clear,0
2859,2026-04-12,235.2,62.3,16,1,M,119,Lahore,Clear,1
2860,2026-04-07,230.2,60.5,10,2,H,147,Lahore,Humid,1
2861,2026-04-05,233.5,66.5,17,1,M,117,Karachi,Humid,1
2862,2026-03-19,226.0,31.5,23,0,L,180,Lahore,Clear,1
2863,2026-03-17,224.5,29.7,100,0,L,18,Lahore,Rain,1
2864,2026-04-02,233.0,53.2,11,0,L,118,Karachi,Clear,0
2865,2026-04-06,230.5,40.5,17,0,L,180,Lahore,Hot,0
2866,2026-03-27,233.0,59.9,22,1,M,20,Karachi,Rain,1
2867,2026-03-19,234.2,67.7,15,0,L,9,Karachi,Clear,1
2868,2026-03-26,234.5,64.1,43,2,H,180,Islamabad,Rain,1
2869,2026-03-28,235.2,50.8,35,1,M,180,Islamabad,Rain,1
2870,2026-03-20,234.8,51.4,10,1,M,165,Islamabad,Rain,0
2871,2026-04-13,228.2,42.4,61,1,M,17,Islamabad,Humid,0
2872,2026-04-05,233.8,60.5,65,0,L,45,Lahore,Clear,0
2873,2026-03-23,233.5,56.9,75,0,L,131,Islamabad,Humid,0
2874,2026-03-31,230.5,42.4,43,0,L,92,Karachi,Humid,0
2875,2026-03-22,225.0,27.9,19,2,H,100,Lahore,Hot,1
2876,2026-04-09,226.0,29.7,28,1,M,180,Islamabad,Hot,0
2877,2026-03-27,233.0,64.1,13,0,L,154,Karachi,Rain,1
2878,2026-04-12,230.0,41.2,22,0,L,129,Lahore,Rain,0
2879,2026-03-19,228.5,44.8,10,0,L,66,Lahore,Hot,0
2880,2026-04-12,236.2,65.3,28,0,L,180,Islamabad,Hot,0
2881,2026-04-05,225.5,32.1,43,0,L,80,Lahore,Clear,0
2882,2026-04-05,232.0,64.7,10,0,L,180,Karachi,Rain,1
2883,2026-03-31,232.0,62.9,17,1,M,144,Lahore,Rain,1
2884,2026-03-17,235.0,52.6,90,1,M,180,Karachi,Hot,1
2885,2026-04-11,221.5,23.0,10,1,M,89,Lahore,Clear,1
2886,2026-03-20,233.2,49.6,10,0,L,149,Islamabad,Hot,1
2887,2026-03-28,227.5,44.8,25,0,L,134,Karachi,Hot,1
2888,2026-03-29,232.0,64.7,10,0,L,180,Lahore,Humid,1
2889,2026-03-28,236.5,65.3,31,0,L,180,Lahore,Rain,0
2890,2026-03-25,235.2,62.9,36,1,M,49,Lahore,Clear,0
2891,2026-03-25,231.0,61.1,18,1,M,166,Karachi,Humid,1
2892,2026-03-23,232.0,57.5,21,1,M,180,Karachi,Rain,0
2893,2026-03-20,226.8,37.5,11,0,L,180,Karachi,Hot,1
2894,2026-03-29,225.8,36.3,28,2,H,70,Islamabad,Clear,0
2895,2026-03-26,230.5,50.8,100,2,H,81,Islamabad,Rain,1
2896,2026-04-12,230.2,51.4,13,2,H,159,Karachi,Hot,1
2897,2026-03-20,231.0,40.5,20,1,M,64,Lahore,Humid,1
2898,2026-03-15,233.2,61.1,51,1,M,83,Islamabad,Clear,0
2899,2026-04-08,231.8,55.7,19,0,L,74,Karachi,Rain,0
2900,2026-03-30,233.8,47.2,55,1,M,150,Lahore,Humid,0
2901,2026-04-03,232.0,60.5,17,0,L,85,Islamabad,Hot,1
2902,2026-03-29,232.0,64.7,15,0,L,10,Lahore,Hot,1
2903,2026-03-16,232.5,57.5,14,1,M,0,Lahore,Rain,1
2904,2026-03-31,234.8,64.7,100,1,M,2,Lahore,Hot,1
2905,2026-03-17,227.2,31.5,29,2,H,98,Lahore,Clear,0
2906,2026-03-17,227.8,36.9,23,1,M,93,Islamabad,Rain,0
2907,2026-03-19,235.5,52.0,17,0,L,180,Islamabad,Humid,1
2908,2026-03-31,231.0,49.0,23,2,H,64,Islamabad,Rain,0
2909,2026-04-06,231.5,53.2,18,0,L,19,Karachi,Rain,0
2910,2026-04-12,232.5,46.6,30,1,M,146,Islamabad,Humid,0
2911,2026-03-31,231.5,49.6,25,0,L,34,Lahore,Hot,0
2912,2026-04-03,228.8,36.9,60,0,L,83,Islamabad,Humid,0
2913,2026-03-20,232.8,64.7,10,2,H,25,Lahore,Clear,1
2914,2026-03-15,231.0,39.9,40,1,M,15,Karachi,Hot,0
2915,2026-03-21,227.0,43.6,17,0,L,74,Lahore,Rain,0
2916,2026-04-09,229.2,53.8,52,1,M,119,Lahore,Hot,0
2917,2026-03-29,230.2,60.5,10,2,H,147,Lahore,Hot,1
2918,2026-03-21,235.0,69.0,16,1,M,180,Karachi,Clear,1
2919,2026-04-02,232.2,54.5,29,0,L,180,Islamabad,Hot,1
2920,2026-04-03,235.2,69.0,11,1,M,69,Islamabad,Hot,1
2921,2026-04-05,231.2,52.6,16,2,H,180,Karachi,Hot,1
2922,2026-04-13,235.2,69.0,14,1,M,180,Lahore,Rain,1
2923,2026-03-25,233.0,63.5,13,0,L,97,Islamabad,Hot,1
2924,2026-04-06,232.8,44.8,17,0,L,180,Karachi,Humid,1
2925,2026-03-28,232.5,61.1,10,2,H,101,Islamabad,Hot,1
2926,2026-03-27,227.2,32.1,38,1,M,141,Karachi,Clear,0
2927,2026-04-03,234.5,67.7,14,1,M,2,Lahore,Hot,1
2928,2026-04-09,230.5,50.2,19,2,H,180,Islamabad,Hot,1
2929,2026-04-10,231.2,48.4,56,0,L,180,Karachi,Rain,0
2930,2026-04-08,235.5,70.8,13,2,H,66,Islamabad,Humid,1
2931,2026-03-23,237.8,67.1,100,0,L,113,Islamabad,Hot,0
2932,2026-03-23,231.5,42.4,31,0,L,173,Islamabad,Humid,0
2933,2026-03-30,235.2,61.7,13,2,H,31,Islamabad,Clear,0
2934,2026-03-26,230.8,56.3,87,1,M,176,Karachi,Rain,0
2935,2026-03-24,235.2,69.0,11,1,M,69,Lahore,Humid,1
2936,2026-03-20,232.5,57.5,59,2,H,8,Karachi,Rain,0
2937,2026-04-01,229.0,40.5,20,2,H,180,Karachi,Hot,0
2938,2026-03-16,226.2,43.0,15,0,L,110,Karachi,Clear,0
2939,2026-04-10,225.0,36.9,100,0,L,125,Lahore,Rain,1
2940,2026-04-03,228.2,44.2,29,0,L,115,Islamabad,Hot,0
2941,2026-03-23,228.8,46.6,14,0,L,138,Islamabad,Humid,0
2942,2026-04-02,236.2,64.7,25,0,L,180,Islamabad,Clear,1
2943,2026-03-20,226.2,36.9,22,1,M,19,Lahore,Clear,1
2944,2026-03-16,225.2,29.7,35,2,H,180,Islamabad,Humid,1
2945,2026-03-29,230.0,47.2,23,0,L,127,Lahore,Humid,0
2946,2026-03-31,225.5,29.7,24,1,M,60,Islamabad,Clear,0
2947,2026-03-30,231.5,50.2,96,0,L,32,Islamabad,Rain,0
2948,2026-04-11,229.8,47.2,23,1,M,82,Karachi,Clear,0
2949,2026-04-04,233.8,53.8,32,2,H,90,Lahore,Humid,0
2950,2026-03-22,228.2,35.1,20,0,L,0,Karachi,Rain,1
2951,2026-03-24,230.5,50.2,19,2,H,180,Karachi,Hot,1
2952,2026-03-24,226.2,36.9,22,1,M,19,Karachi,Clear,1
2953,2026-04-01,232.5,61.1,17,1,M,180,Lahore,Humid,1
2954,2026-03-24,235.0,52.6,90,1,M,180,Lahore,Hot,1
2955,2026-03-23,226.2,37.5,79,0,L,41,Islamabad,Clear,0
2956,2026-04-11,230.8,61.1,16,1,M,6,Karachi,Clear,1
2957,2026-04-07,232.5,56.9,32,2,H,83,Islamabad,Rain,0
2958,2026-04-02,233.0,63.5,13,0,L,97,Karachi,Humid,1
2959,2026-03-15,235.5,70.8,13,2,H,66,Lahore,Hot,1
2960,2026-03-18,228.2,35.7,33,0,L,47,Lahore,Clear,0
2961,2026-04-07,232.8,64.7,10,2,H,25,Lahore,Rain,1
2962,2026-03-17,231.8,64.7,11,2,H,20,Karachi,Hot,1
2963,2026-03-24,234.5,68.4,17,1,M,60,Lahore,Hot,1
2964,2026-03-26,230.5,42.4,17,0,L,180,Karachi,Clear,1
2965,2026-04-01,230.5,50.2,19,2,H,180,Islamabad,Hot,1
2966,2026-04-06,227.5,33.9,12,0,L,141,Karachi,Clear,0
2967,2026-04-03,229.2,45.4,19,0,L,180,Islamabad,Rain,1
2968,2026-03-20,235.0,69.6,38,2,H,143,Karachi,Rain,0
2969,2026-04-04,231.8,59.9,17,1,M,73,Islamabad,Hot,1
2970,2026-03-16,235.8,70.8,100,1,M,71,Lahore,Clear,1
2971,2026-03-24,237.2,69.0,100,1,M,65,Islamabad,Humid,1
2972,2026-03-16,231.0,62.9,18,1,M,107,Lahore,Rain,1
2973,2026-04-13,227.8,34.5,20,2,H,97,Lahore,Clear,0
2974,2026-03-23,226.2,36.9,22,1,M,19,Islamabad,Clear,1
2975,2026-04-10,237.0,66.5,32,1,M,76,Karachi,Clear,0
2976,2026-03-24,232.5,53.2,68,1,M,44,Karachi,Hot,0
2977,2026-03-16,232.2,52.0,25,2,H,55,Karachi,Humid,0
2978,2026-03-22,230.2,35.7,14,0,L,31,Karachi,Hot,1
2979,2026-04-07,238.5,71.4,10,0,L,180,Karachi,Rain,1
2980,2026-03-31,231.8,52.6,22,0,L,180,Lahore,Hot,1
2981,2026-03-31,229.2,53.2,14,1,M,113,Karachi,Clear,1
2982,2026-04-12,233.0,62.3,17,2,H,130,Lahore,Hot,1
2983,2026-03-18,229.2,39.3,32,1,M,94,Lahore,Clear,0
2984,2026-04-01,234.0,66.5,13,1,M,164,Lahore,Humid,1
2985,2026-03-26,226.8,43.6,64,0,L,40,Islamabad,Hot,0
2986,2026-03-31,231.2,52.6,16,2,H,180,Islamabad,Hot,1
2987,2026-03-23,237.0,70.8,32,2,H,154,Lahore,Hot,0
2988,2026-04-12,229.8,50.8,35,0,L,75,Islamabad,Clear,0
2989,2026-04-02,233.0,59.9,22,1,M,20,Karachi,Clear,1
2990,2026-03-28,233.0,52.0,23,0,L,101,Karachi,Hot,0
2991,2026-03-28,230.5,50.2,19,2,H,180,Lahore,Hot,1
2992,2026-04-13,234.2,67.7,10,0,L,180,Karachi,Humid,1
2993,2026-03-31,225.8,29.7,22,2,H,105,Lahore,Humid,0
2994,2026-03-16,234.5,69.0,68,0,L,78,Lahore,Rain,0
2995,2026-03-22,221.2,22.4,96,2,H,105,Karachi,Humid,0
2996,2026-03-19,230.2,47.8,20,2,H,119,Islamabad,Humid,0
2997,2026-04-10,225.2,35.1,37,0,L,33,Karachi,Humid,0
2998,2026-03-21,232.0,64.7,25,0,L,180,Karachi,Clear,1
2999,2026-04-05,231.8,59.9,17,1,M,73,Lahore,Humid,1
3000,2026-04-12,233.0,54.5,35,1,M,59,Lahore,Humid,0
3001,2026-03-30,236.2,70.2,17,2,H,112,Lahore,Hot,1
3002,2026-03-30,232.0,60.5,17,0,L,85,Lahore,Clear,1
3003,2026-03-31,227.8,37.5,64,2,H,34,Islamabad,Rain,0
3004,2026-04-05,235.0,49.6,29,0,L,167,Islamabad,Rain,0
3005,2026-04-10,233.8,65.9,13,1,M,180,Islamabad,Humid,1
3006,2026-03-21,227.0,37.5,100,1,M,86,Lahore,Rain,1
3007,2026-04-03,238.5,72.0,31,1,M,121,Lahore,Rain,0
3008,2026-03-22,229.2,39.3,32,0,L,45,Lahore,Rain,0
3009,2026-03-22,228.5,46.0,17,1,M,95,Islamabad,Humid,0
3010,2026-04-06,236.5,64.1,25,1,M,180,Lahore,Rain,1
3011,2026-03-25,226.2,41.8,17,1,M,30,Karachi,Humid,1
3012,2026-03-29,229.8,52.6,80,1,M,180,Karachi,Hot,1
3013,2026-04-01,228.0,45.4,25,1,M,74,Lahore,Hot,0
3014,2026-03-20,232.5,58.1,18,0,L,180,Karachi,Rain,1
3015,2026-04-05,237.8,71.4,30,0,L,154,Karachi,Hot,0
3016,2026-03-26,232.2,59.3,25,0,L,110,Islamabad,Humid,0
3017,2026-03-29,220.5,21.2,18,1,M,180,Lahore,Hot,0
3018,2026-04-11,232.5,61.1,10,2,H,101,Lahore,Rain,1
3019,2026-04-06,229.0,51.4,22,0,L,180,Islamabad,Humid,1
3020,2026-03-20,231.2,50.8,47,1,M,180,Karachi,Clear,1
3021,2026-04-01,235.8,53.2,17,0,L,154,Karachi,Humid,0
3022,2026-04-07,235.2,62.3,16,1,M,119,Lahore,Hot,1
3023,2026-04-03,234.5,61.7,28,1,M,36,Karachi,Clear,0
3024,2026-03-23,230.5,51.4,20,2,H,180,Islamabad,Humid,1
3025,2026-03-22,231.0,61.7,17,1,M,12,Islamabad,Clear,1
3026,2026-03-28,233.8,65.9,13,1,M,180,Lahore,Clear,1
3027,2026-04-02,236.8,65.3,21,2,H,180,Islamabad,Clear,1
3028,2026-04-02,225.2,29.7,35,2,H,180,Islamabad,Humid,1
3029,2026-03-22,234.5,64.1,43,2,H,180,Lahore,Hot,1
3030,2026-03-16,232.2,61.7,14,1,M,134,Islamabad,Humid,1
3031,2026-04-08,228.8,46.0,22,0,L,180,Islamabad,Hot,0
3032,2026-03-18,226.8,34.5,10,0,L,82,Islamabad,Humid,0
3033,2026-03-20,231.0,61.7,17,1,M,12,Karachi,Humid,1
3034,2026-03-17,230.8,43.0,17,0,L,180,Lahore,Humid,1
3035,2026-03-17,236.8,65.3,21,2,H,180,Lahore,Hot,1
3036,2026-04-02,235.2,69.0,11,1,M,69,Lahore,Humid,1
3037,2026-03-25,231.5,51.4,23,0,L,31,Karachi,Clear,0
3038,2026-04-12,230.0,60.5,19,1,M,142,Karachi,Humid,1
3039,2026-03-24,230.5,51.4,20,2,H,180,Lahore,Clear,1
3040,2026-03-26,235.2,70.2,22,1,M,101,Karachi,Rain,1
3041,2026-03-28,236.8,69.6,10,0,L,94,Lahore,Rain,1
3042,2026-04-13,235.2,62.3,28,2,H,38,Karachi,Hot,0
3043,2026-04-13,233.5,56.3,48,1,M,34,Islamabad,Hot,0
3044,2026-04-11,229.8,48.4,42,0,L,53,Islamabad,Rain,0
3045,2026-04-01,227.8,43.0,37,2,H,180,Lahore,Humid,0
3046,2026-04-07,236.2,70.2,17,2,H,112,Karachi,Humid,1
3047,2026-03-23,231.2,52.6,17,1,M,28,Karachi,Humid,0
3048,2026-03-29,230.5,48.4,31,0,L,74,Islamabad,Rain,0
3049,2026-04-07,232.5,53.8,10,1,M,161,Islamabad,Clear,0
3050,2026-04-09,228.5,35.7,36,1,M,59,Karachi,Hot,0
3051,2026-03-17,229.8,49.0,17,1,M,147,Karachi,Clear,0
3052,2026-04-06,235.5,70.8,13,2,H,66,Karachi,Rain,1
3053,2026-03-25,238.8,73.2,62,0,L,180,Karachi,Clear,0
3054,2026-03-24,239.0,72.0,37,1,M,168,Karachi,Humid,0
3055,2026-04-01,229.5,49.6,44,1,M,92,Karachi,Humid,0
3056,2026-03-18,235.0,69.0,20,0,L,180,Lahore,Clear,0
3057,2026-04-11,226.0,38.1,100,2,H,84,Karachi,Rain,0
3058,2026-03-27,235.8,53.2,24,1,M,151,Islamabad,Clear,0
3059,2026-04-13,225.2,29.7,35,2,H,180,Lahore,Humid,1
3060,2026-04-12,237.2,69.0,100,1,M,65,Karachi,Humid,1
3061,2026-03-20,225.2,29.7,63,1,M,91,Islamabad,Rain,0
3062,2026-04-10,227.5,32.7,32,2,H,146,Lahore,Clear,0
3063,2026-04-04,227.8,32.1,30,2,H,134,Islamabad,Humid,0
3064,2026-03-27,235.5,52.6,13,0,L,180,Karachi,Humid,1
3065,2026-04-08,230.0,50.2,38,2,H,144,Karachi,Clear,0
3066,2026-04-09,232.2,53.8,34,0,L,3,Karachi,Clear,0
3067,2026-04-03,231.0,43.0,23,0,L,180,Karachi,Hot,1
3068,2026-03-19,227.5,32.1,24,2,H,16,Lahore,Rain,0
3069,2026-04-03,233.0,62.3,18,0,L,166,Lahore,Rain,1
3070,2026-03-28,233.8,53.2,100,2,H,95,Islamabad,Clear,0
3071,2026-03-27,224.2,35.7,40,2,H,180,Karachi,Rain,1
3072,2026-03-28,224.2,26.6,100,0,L,180,Islamabad,Humid,1
3073,2026-03-22,225.2,36.9,30,1,M,54,Lahore,Clear,0
3074,2026-03-30,229.2,53.2,14,1,M,113,Karachi,Clear,1
3075,2026-03-27,230.5,41.2,24,2,H,40,Karachi,Clear,1
3076,2026-04-07,231.0,50.8,26,1,M,180,Lahore,Hot,0
3077,2026-03-29,235.5,70.8,13,2,H,66,Lahore,Rain,1
3078,2026-04-02,225.2,30.3,20,2,H,180,Lahore,Hot,0
3079,2026-03-15,230.5,51.4,20,2,H,180,Lahore,Humid,1
3080,2026-04-05,236.2,69.6,62,1,M,109,Lahore,Rain,0
3081,2026-03-16,227.0,30.9,23,0,L,35,Karachi,Hot,0
3082,2026-04-01,230.5,50.8,100,2,H,81,Lahore,Clear,1
3083,2026-04-02,233.5,55.1,23,1,M,156,Karachi,Hot,0
3084,2026-03-22,227.5,36.3,23,1,M,180,Karachi,Clear,0
3085,2026-03-17,226.8,32.7,17,0,L,180,Lahore,Hot,1
3086,2026-04-06,226.5,33.3,100,0,L,127,Lahore,Hot,1
3087,2026-04-09,228.5,46.0,43,2,H,180,Karachi,Hot,0
3088,2026-03-28,231.0,61.7,17,1,M,12,Lahore,Clear,1
3089,2026-04-09,231.2,50.8,41,1,M,180,Lahore,Hot,0
3090,2026-03-23,228.2,35.1,20,0,L,0,Lahore,Rain,1
3091,2026-04-12,229.2,47.2,22,1,M,124,Islamabad,Rain,0
3092,2026-03-22,225.2,30.3,11,0,L,180,Karachi,Rain,1
3093,2026-03-31,225.5,39.3,10,2,H,141,Islamabad,Clear,0
3094,2026-04-06,229.2,33.3,30,0,L,144,Lahore,Clear,0
3095,2026-04-06,227.8,34.5,20,2,H,97,Islamabad,Rain,0
3096,2026-04-07,230.5,50.2,20,2,H,180,Lahore,Rain,0
3097,2026-03-30,230.8,43.6,15,1,M,180,Islamabad,Rain,0
3098,2026-03-24,224.8,36.3,39,2,H,118,Lahore,Humid,0
3099,2026-04-04,234.8,64.7,100,1,M,2,Islamabad,Rain,1
3100,2026-03-24,226.8,37.5,22,0,L,179,Islamabad,Hot,0
3101,2026-04-08,235.2,51.4,17,0,L,180,Islamabad,Humid,1
3102,2026-04-08,237.2,69.0,100,1,M,65,Karachi,Humid,1
3103,2026-04-07,231.2,52.6,16,2,H,180,Islamabad,Clear,1
3104,2026-03-20,231.0,58.1,16,0,L,70,Karachi,Hot,1
3105,2026-04-05,232.5,61.1,13,0,L,180,Lahore,Clear,1
3106,2026-03-31,231.8,42.4,17,0,L,180,Islamabad,Clear,1
3107,2026-04-12,233.8,62.3,64,1,M,111,Lahore,Hot,0
3108,2026-03-30,228.5,46.6,38,1,M,149,Lahore,Clear,0
3109,2026-03-29,236.5,65.3,10,1,M,180,Islamabad,Hot,1
3110,2026-04-05,225.5,29.7,36,2,H,63,Karachi,Hot,0
3111,2026-03-28,227.2,32.1,16,0,L,110,Islamabad,Clear,0
3112,2026-03-18,227.8,38.1,56,0,L,168,Lahore,Rain,0
3113,2026-03-18,230.5,41.2,24,2,H,40,Lahore,Clear,1
3114,2026-04-13,226.8,30.9,16,2,H,176,Islamabad,Humid,0
3115,2026-03-16,231.8,57.5,100,1,M,21,Karachi,Clear,1
3116,2026-04-12,230.5,51.4,20,2,H,180,Karachi,Hot,1
3117,2026-03-25,232.0,56.9,29,1,M,180,Lahore,Humid,0
3118,2026-04-13,233.0,53.2,25,0,L,84,Lahore,Hot,0
3119,2026-03-18,225.2,29.7,35,2,H,180,Karachi,Rain,1
3120,2026-04-04,231.2,52.0,42,0,L,3,Islamabad,Rain,0
3121,2026-04-12,229.2,52.0,18,2,H,180,Lahore,Humid,1
3122,2026-04-11,232.0,57.5,25,2,H,124,Karachi,Rain,0
3123,2026-04-04,225.0,27.9,19,2,H,100,Lahore,Rain,1
3124,2026-03-30,231.0,41.8,74,0,L,180,Islamabad,Clear,0
3125,2026-04-04,236.8,65.3,21,2,H,180,Karachi,Clear,1
3126,2026-03-18,228.8,46.6,49,1,M,179,Lahore,Rain,1
3127,2026-03-15,233.8,60.5,10,0,L,180,Islamabad,Rain,1
3128,2026-04-13,231.5,42.4,10,1,M,111,Lahore,Clear,1
3129,2026-04-09,235.5,70.8,13,2,H,66,Islamabad,Rain,1
3130,2026-04-07,226.8,37.5,48,2,H,81,Islamabad,Rain,0
3131,2026-04-02,227.0,36.3,23,0,L,180,Karachi,Hot,1
3132,2026-03-16,232.0,59.9,27,2,H,180,Islamabad,Rain,0
3133,2026-03-23,233.0,57.5,100,0,L,15,Lahore,Humid,1
3134,2026-04-06,233.0,63.5,16,2,H,101,Islamabad,Hot,1
3135,2026-04-08,237.5,69.0,20,1,M,34,Islamabad,Humid,0
3136,2026-03-27,231.0,62.3,12,0,L,134,Karachi,Rain,1
3137,2026-04-01,231.5,43.0,53,0,L,43,Islamabad,Clear,0
3138,2026-03-30,227.0,30.9,12,0,L,180,Islamabad,Hot,1
3139,2026-03-30,230.5,51.4,79,1,M,180,Lahore,Clear,0
3140,2026-04-08,238.8,72.6,10,2,H,161,Karachi,Hot,1
3141,2026-03-24,236.2,70.2,17,2,H,112,Karachi,Clear,1
3142,2026-03-23,221.0,21.8,29,1,M,171,Karachi,Hot,0
3143,2026-03-25,226.0,33.3,35,2,H,117,Islamabad,Hot,0
3144,2026-04-08,231.0,62.9,16,1,M,61,Karachi,Humid,1
3145,2026-04-09,236.8,65.3,21,2,H,180,Islamabad,Clear,1
3146,2026-04-12,234.0,49.0,32,1,M,135,Islamabad,Humid,0
3147,2026-04-09,227.0,40.5,22,2,H,143,Lahore,Humid,0
3148,2026-03-18,228.2,33.9,16,2,H,46,Lahore,Clear,0
3149,2026-03-24,234.0,48.4,43,1,M,55,Lahore,Hot,0
3150,2026-03-17,235.0,69.0,10,0,L,51,Lahore,Humid,1
3151,2026-03-20,235.2,62.9,26,0,L,143,Lahore,Clear,0
3152,2026-03-17,234.0,55.1,64,1,M,31,Islamabad,Hot,0
3153,2026-04-10,223.0,25.4,32,0,L,138,Islamabad,Humid,0
3154,2026-03-23,229.5,49.6,14,0,L,98,Karachi,Humid,0
3155,2026-03-17,232.2,64.7,15,1,M,6,Islamabad,Humid,1
3156,2026-04-01,230.5,50.2,19,2,H,180,Islamabad,Hot,1
3157,2026-03-22,230.2,58.7,10,1,M,111,Lahore,Humid,1
3158,2026-04-05,237.2,69.0,100,1,M,65,Islamabad,Hot,1
3159,2026-03-22,233.2,64.1,13,1,M,111,Lahore,Rain,1
3160,2026-03-29,229.8,46.6,35,2,H,179,Karachi,Humid,0
3161,2026-03-27,230.5,50.2,19,2,H,180,Karachi,Rain,1
3162,2026-03-21,225.2,37.5,33,0,L,68,Islamabad,Clear,0
3163,2026-04-02,236.2,55.1,29,2,H,52,Karachi,Humid,0
3164,2026-03-22,230.2,41.2,55,0,L,130,Islamabad,Clear,0
3165,2026-03-24,236.8,65.3,21,2,H,180,Karachi,Clear,1
3166,2026-03-31,223.5,26.6,44,2,H,146,Lahore,Clear,0
3167,2026-03-15,232.5,59.3,23,1,M,53,Lahore,Rain,0
3168,2026-03-27,229.5,52.6,15,1,M,126,Lahore,Hot,0
3169,2026-04-12,233.2,58.1,23,1,M,129,Lahore,Rain,0
3170,2026-04-09,234.0,61.7,33,0,L,180,Islamabad,Rain,1
3171,2026-03-27,235.0,50.2,17,1,M,180,Karachi,Clear,1
3172,2026-04-07,231.2,62.9,13,0,L,53,Islamabad,Humid,1
3173,2026-03-30,233.5,57.5,27,0,L,107,Lahore,Hot,0
3174,2026-04-12,237.2,71.4,20,1,M,162,Islamabad,Clear,0
3175,2026-03-23,234.5,64.1,43,2,H,180,Karachi,Hot,1
3176,2026-03-24,235.8,70.8,100,1,M,71,Islamabad,Rain,1
3177,2026-03-20,238.0,71.4,37,0,L,14,Karachi,Hot,0
3178,2026-03-19,232.0,41.2,10,2,H,180,Islamabad,Hot,0
3179,2026-03-16,233.0,62.3,17,2,H,130,Karachi,Humid,1
3180,2026-03-25,235.0,50.2,17,1,M,180,Karachi,Clear,1
3181,2026-03-23,230.2,52.0,71,2,H,157,Lahore,Hot,0
3182,2026-03-20,231.2,41.8,33,2,H,166,Karachi,Hot,0
3183,2026-03-22,229.0,49.0,41,0,L,180,Lahore,Rain,0
3184,2026-03-23,236.5,64.1,25,1,M,180,Lahore,Rain,1
3185,2026-03-23,236.8,65.3,21,2,H,180,Lahore,Hot,1
3186,2026-03-22,228.8,46.0,67,1,M,180,Islamabad,Clear,1
3187,2026-03-26,238.8,72.6,10,2,H,161,Islamabad,Hot,1
3188,2026-04-09,227.0,37.5,100,1,M,86,Islamabad,Hot,1
3189,2026-03-22,236.8,65.3,21,2,H,180,Islamabad,Humid,1
3190,2026-03-17,231.0,61.1,18,1,M,166,Karachi,Clear,1
3191,2026-03-27,235.5,70.8,13,2,H,66,Karachi,Humid,1
3192,2026-04-02,228.2,36.9,24,2,H,60,Islamabad,Clear,0
3193,2026-03-16,235.0,69.0,16,1,M,180,Karachi,Clear,1
3194,2026-03-31,238.8,72.6,10,2,H,161,Karachi,Clear,1
3195,2026-03-30,227.0,38.1,34,0,L,168,Lahore,Humid,0
3196,2026-03-18,236.2,54.5,30,1,M,140,Lahore,Humid,0
3197,2026-04-01,232.5,61.1,10,2,H,101,Lahore,Humid,1
3198,2026-03-28,226.2,32.1,46,2,H,9,Lahore,Rain,0
3199,2026-04-13,233.5,55.1,51,0,L,170,Karachi,Humid,0
3200,2026-03-16,230.5,41.2,24,2,H,40,Islamabad,Rain,1
3201,2026-03-27,232.5,43.6,28,0,L,19,Karachi,Rain,0
3202,2026-04-10,230.0,60.5,19,1,M,142,Karachi,Rain,1
3203,2026-04-10,232.8,64.7,10,2,H,25,Karachi,Hot,1
3204,2026-04-04,232.5,54.5,32,1,M,171,Lahore,Hot,0
3205,2026-04-03,231.5,42.4,23,0,L,157,Lahore,Hot,0
3206,2026-03-31,235.0,69.0,16,1,M,180,Lahore,Rain,1
3207,2026-03-29,231.2,52.6,16,2,H,180,Islamabad,Rain,1
3208,2026-04-08,230.5,50.8,100,2,H,81,Karachi,Clear,1
3209,2026-04-13,232.5,61.1,13,0,L,180,Islamabad,Rain,1
3210,2026-04-03,229.2,47.8,28,1,M,180,Lahore,Hot,0
3211,2026-03-19,231.0,38.1,31,2,H,85,Islamabad,Rain,0
3212,2026-03-21,234.0,53.8,47,2,H,180,Karachi,Rain,0
3213,2026-04-01,231.8,41.8,35,0,L,159,Karachi,Clear,0
3214,2026-04-07,233.5,51.4,10,1,M,180,Lahore,Rain,1
3215,2026-03-25,232.8,64.7,10,2,H,25,Lahore,Humid,1
3216,2026-04-01,232.8,64.7,10,2,H,25,Islamabad,Clear,1
3217,2026-04-10,224.5,26.6,40,2,H,75,Lahore,Rain,0
3218,2026-04-09,233.5,52.6,100,0,L,170,Lahore,Rain,1
3219,2026-03-19,234.8,55.7,26,0,L,180,Karachi,Clear,1
3220,2026-03-27,229.2,49.0,25,0,L,28,Lahore,Rain,0
3221,2026-04-11,232.0,57.5,11,1,M,139,Lahore,Hot,0
3222,2026-04-01,233.2,59.9,17,0,L,180,Karachi,Humid,0
3223,2026-03-16,232.5,61.1,16,1,M,180,Karachi,Humid,1
3224,2026-04-03,232.2,58.1,49,1,M,40,Islamabad,Hot,0
3225,2026-03-18,235.2,62.3,16,1,M,119,Lahore,Rain,1
3226,2026-03-27,235.5,69.0,18,0,L,34,Karachi,Rain,1
3227,2026-04-07,229.5,38.7,95,0,L,98,Islamabad,Humid,1
3228,2026-04-12,231.5,62.9,17,1,M,161,Islamabad,Rain,1
3229,2026-03-30,225.2,30.3,30,0,L,175,Lahore,Humid,0
3230,2026-03-20,238.8,72.6,10,2,H,161,Lahore,Humid,1
3231,2026-04-09,234.8,64.7,100,1,M,2,Islamabad,Hot,1
3232,2026-03-22,229.5,38.7,32,1,M,133,Karachi,Humid,0
3233,2026-03-30,230.5,41.2,24,2,H,40,Islamabad,Rain,1
3234,2026-03-27,231.2,63.5,13,0,L,148,Lahore,Rain,1
3235,2026-04-06,226.8,34.5,10,2,H,91,Karachi,Clear,0
3236,2026-04-12,229.2,52.0,18,2,H,180,Karachi,Rain,1
3237,2026-04-09,229.2,50.8,29,2,H,180,Islamabad,Clear,0
3238,2026-03-18,231.8,64.7,11,2,H,20,Lahore,Humid,1
3239,2026-03-16,233.0,62.3,17,2,H,130,Islamabad,Rain,1
3240,2026-03-23,236.5,64.1,46,0,L,36,Islamabad,Hot,0
3241,2026-04-01,229.0,46.0,35,1,M,112,Islamabad,Hot,0
3242,2026-03-31,233.0,52.6,16,0,L,66,Karachi,Hot,1
3243,2026-03-22,227.8,38.1,19,1,M,13,Karachi,Humid,0
3244,2026-04-09,230.5,35.7,21,1,M,180,Lahore,Humid,0
3245,2026-03-29,236.5,65.9,33,0,L,180,Lahore,Clear,0
3246,2026-03-23,230.8,51.4,29,2,H,180,Islamabad,Hot,0
3247,2026-03-31,236.5,70.2,25,0,L,119,Islamabad,Clear,0
3248,2026-04-06,226.2,32.1,65,1,M,41,Islamabad,Clear,0
3249,2026-03-16,235.2,62.3,16,1,M,119,Lahore,Rain,1
3250,2026-03-20,235.2,51.4,17,0,L,180,Karachi,Rain,1
3251,2026-04-12,233.8,66.5,14,0,L,174,Karachi,Hot,1
3252,2026-04-10,231.8,43.6,41,0,L,32,Islamabad,Humid,0
3253,2026-03-19,235.2,69.0,14,1,M,180,Islamabad,Rain,1
3254,2026-03-31,228.2,49.6,44,1,M,37,Islamabad,Humid,0
3255,2026-03-16,231.2,43.0,11,0,L,180,Islamabad,Clear,1
3256,2026-04-01,231.2,52.6,16,2,H,180,Lahore,Clear,1
3257,2026-03-24,230.8,41.8,26,1,M,15,Karachi,Clear,0
3258,2026-03-24,234.0,68.4,15,0,L,32,Islamabad,Clear,1
3259,2026-03-20,235.2,52.6,14,0,L,180,Lahore,Hot,1
3260,2026-04-10,225.0,35.7,42,2,H,92,Islamabad,Clear,0
3261,2026-03-26,234.5,64.1,43,2,H,180,Islamabad,Rain,1
3262,2026-03-31,229.2,52.0,18,2,H,180,Karachi,Clear,1
3263,2026-04-10,226.2,36.9,22,1,M,19,Islamabad,Humid,1
3264,2026-03-27,235.0,51.4,25,2,H,175,Karachi,Rain,0
3265,2026-04-03,232.2,61.1,13,1,M,88,Karachi,Humid,1
3266,2026-04-11,231.5,52.0,45,0,L,180,Karachi,Humid,1
3267,2026-03-30,223.2,25.4,34,2,H,28,Lahore,Hot,0
3268,2026-03-24,234.5,68.4,17,1,M,60,Lahore,Hot,1
3269,2026-04-10,226.0,30.3,100,2,H,98,Karachi,Humid,0
3270,2026-04-04,233.5,66.5,17,1,M,117,Islamabad,Humid,1
3271,2026-03-16,237.8,70.8,49,1,M,180,Karachi,Clear,0
3272,2026-03-16,232.2,41.8,41,2,H,180,Islamabad,Rain,0
3273,2026-04-06,229.2,52.0,21,0,L,99,Karachi,Clear,0
3274,2026-03-21,231.0,56.3,25,2,H,180,Islamabad,Hot,0
3275,2026-03-20,230.0,60.5,19,1,M,142,Lahore,Hot,1
3276,2026-03-15,228.5,49.0,53,1,M,92,Islamabad,Clear,0
3277,2026-03-26,225.2,30.3,48,0,L,180,Karachi,Rain,0
3278,2026-03-27,237.5,70.8,16,0,L,180,Lahore,Humid,1
3279,2026-03-26,226.0,31.5,49,0,L,145,Islamabad,Clear,0
3280,2026-04-02,233.0,62.3,17,2,H,130,Islamabad,Hot,1
3281,2026-03-23,238.0,72.6,16,0,L,180,Islamabad,Rain,1
3282,2026-03-24,232.2,61.7,13,0,L,159,Islamabad,Hot,1
3283,2026-03-31,232.5,55.1,100,1,M,100,Islamabad,Rain,1
3284,2026-04-01,226.5,31.5,59,1,M,38,Lahore,Rain,0
3285,2026-03-22,229.0,38.7,49,2,H,111,Lahore,Rain,0
3286,2026-03-21,234.5,64.1,43,2,H,180,Lahore,Clear,1
3287,2026-03-23,224.8,37.5,31,0,L,180,Lahore,Clear,1
3288,2026-03-24,230.8,37.5,23,2,H,68,Karachi,Clear,0
3289,2026-03-26,233.2,59.9,23,2,H,174,Lahore,Rain,0
3290,2026-03-29,231.8,60.5,10,1,M,79,Islamabad,Rain,1
3291,2026-03-29,232.8,64.7,10,2,H,25,Islamabad,Hot,1
3292,2026-04-11,225.2,36.9,41,1,M,57,Lahore,Humid,0
3293,2026-03-18,234.2,68.4,76,0,L,0,Islamabad,Clear,0
3294,2026-03-18,238.5,72.0,59,2,H,17,Lahore,Rain,0
3295,2026-04-06,225.5,31.5,13,0,L,172,Islamabad,Hot,1
3296,2026-03-15,232.5,61.1,13,0,L,180,Karachi,Hot,1
3297,2026-04-09,233.0,63.5,16,2,H,101,Karachi,Hot,1
3298,2026-03-26,231.5,42.4,10,1,M,111,Lahore,Clear,1
3299,2026-04-08,231.8,64.7,11,2,H,20,Lahore,Clear,1
3300,2026-03-16,238.8,72.6,10,2,H,161,Lahore,Humid,1
3301,2026-03-29,236.8,65.3,21,2,H,180,Islamabad,Hot,1
3302,2026-03-31,226.0,33.3,13,1,M,151,Lahore,Clear,1
3303,2026-03-21,236.8,65.3,21,2,H,180,Karachi,Hot,1
3304,2026-03-20,233.8,56.9,34,1,M,28,Islamabad,Rain,0
3305,2026-03-26,233.5,59.3,34,2,H,120,Lahore,Hot,0
3306,2026-04-02,233.2,64.1,13,1,M,111,Islamabad,Humid,1
3307,2026-03-15,235.5,70.8,13,2,H,66,Islamabad,Clear,1
3308,2026-04-11,238.0,72.6,16,0,L,180,Lahore,Rain,1
3309,2026-04-04,230.5,58.7,23,1,M,180,Islamabad,Clear,0
3310,2026-04-09,230.5,41.2,24,2,H,40,Karachi,Rain,1
3311,2026-03-28,228.5,47.8,31,1,M,180,Karachi,Hot,0
3312,2026-03-18,235.5,62.3,17,2,H,154,Islamabad,Hot,0
3313,2026-03-19,231.2,47.8,28,0,L,173,Lahore,Humid,0
3314,2026-03-15,225.2,29.7,35,2,H,180,Islamabad,Humid,1
3315,2026-03-15,233.8,53.8,32,2,H,90,Karachi,Rain,0
3316,2026-04-04,232.2,52.6,43,2,H,43,Islamabad,Humid,0
3317,2026-03-20,233.5,64.7,10,1,M,125,Islamabad,Humid,1
3318,2026-03-19,226.8,32.1,17,1,M,71,Karachi,Humid,0
3319,2026-03-16,235.0,50.8,28,1,M,180,Islamabad,Humid,0
3320,2026-04-08,225.0,27.9,19,2,H,100,Islamabad,Hot,1
3321,2026-04-04,230.5,59.3,13,1,M,180,Lahore,Humid,1
3322,2026-04-10,229.2,51.4,30,2,H,40,Lahore,Hot,0
3323,2026-04-10,229.5,40.5,25,0,L,160,Karachi,Hot,0
3324,2026-03-19,228.0,43.6,25,1,M,22,Karachi,Clear,0
3325,2026-04-09,234.8,64.1,10,1,M,180,Karachi,Hot,1
3326,2026-03-23,232.8,45.4,55,1,M,114,Lahore,Hot,0
3327,2026-04-02,232.5,61.1,13,0,L,180,Karachi,Humid,1
3328,2026-04-04,233.0,59.9,37,0,L,180,Karachi,Hot,1
3329,2026-03-29,227.8,43.0,12,0,L,20,Karachi,Rain,1
3330,2026-03-27,232.5,53.8,46,2,H,180,Lahore,Humid,0
3331,2026-03-26,232.5,51.4,46,2,H,161,Islamabad,Humid,0
3332,2026-03-19,234.5,64.7,35,2,H,164,Karachi,Humid,0
3333,2026-03-16,232.5,57.5,40,2,H,72,Islamabad,Clear,0
3334,2026-04-10,233.0,63.5,13,0,L,97,Karachi,Humid,1
3335,2026-03-18,230.2,60.5,10,2,H,147,Islamabad,Hot,1
3336,2026-04-10,233.2,59.3,19,1,M,168,Lahore,Rain,0
3337,2026-04-10,234.8,49.6,29,2,H,60,Lahore,Humid,0
3338,2026-04-01,227.0,33.3,47,2,H,158,Karachi,Humid,0
3339,2026-04-04,231.8,58.1,25,1,M,118,Islamabad,Rain,0
3340,2026-03-24,228.0,41.2,25,0,L,180,Lahore,Humid,1
3341,2026-03-27,226.8,32.7,29,2,H,150,Karachi,Clear,0
3342,2026-03-26,230.5,41.8,17,2,H,32,Karachi,Hot,0
3343,2026-03-16,224.2,35.7,40,2,H,180,Lahore,Rain,1
3344,2026-04-09,233.5,50.2,19,0,L,128,Lahore,Rain,0
3345,2026-03-29,228.0,37.5,39,1,M,142,Karachi,Clear,0
3346,2026-03-28,235.0,69.0,16,1,M,180,Islamabad,Hot,1
3347,2026-04-08,226.2,36.9,22,1,M,19,Islamabad,Clear,1
3348,2026-03-24,231.8,59.9,17,1,M,73,Islamabad,Hot,1
3349,2026-04-05,231.2,64.1,100,1,M,84,Karachi,Clear,1
3350,2026-03-22,234.2,49.0,32,2,H,87,Lahore,Humid,0
3351,2026-04-08,235.0,50.8,28,1,M,180,Karachi,Clear,0
3352,2026-03-29,229.5,48.4,52,0,L,48,Lahore,Rain,0
3353,2026-03-27,228.2,33.9,16,2,H,46,Islamabad,Rain,0
3354,2026-03-22,233.2,64.1,13,1,M,111,Islamabad,Rain,1
3355,2026-04-04,229.2,53.2,14,1,M,113,Lahore,Clear,1
3356,2026-04-04,230.0,59.3,40,0,L,124,Lahore,Rain,0
3357,2026-04-05,230.5,42.4,17,0,L,180,Karachi,Rain,1
3358,2026-03-28,231.8,59.9,17,1,M,73,Islamabad,Humid,1
3359,2026-03-15,228.8,49.0,24,1,M,180,Karachi,Humid,0
3360,2026-03-27,230.5,41.2,32,0,L,77,Karachi,Hot,0
3361,2026-04-10,229.8,38.1,48,1,M,180,Karachi,Hot,0
3362,2026-03-22,236.5,65.3,10,1,M,180,Islamabad,Hot,1
3363,2026-04-01,238.0,72.6,16,0,L,180,Karachi,Clear,1
3364,2026-04-05,229.5,39.9,28,0,L,92,Karachi,Hot,0
3365,2026-04-13,224.8,37.5,31,0,L,180,Karachi,Clear,1
3366,2026-04-13,234.5,68.4,21,0,L,67,Karachi,Clear,0
3367,2026-03-23,231.0,62.9,16,1,M,61,Karachi,Hot,1
3368,2026-03-27,230.2,47.8,20,2,H,119,Karachi,Hot,0
3369,2026-03-17,234.2,69.0,11,1,M,44,Islamabad,Clear,1
3370,2026-04-01,231.0,41.2,10,1,M,180,Karachi,Humid,1
3371,2026-03-24,232.5,52.6,24,0,L,49,Lahore,Rain,0
3372,2026-03-19,226.2,38.7,79,2,H,180,Karachi,Rain,0
3373,2026-04-10,231.2,42.4,18,0,L,92,Karachi,Rain,1
3374,2026-04-08,228.5,33.9,19,0,L,62,Islamabad,Humid,0
3375,2026-03-20,227.0,38.7,54,0,L,112,Islamabad,Clear,0
3376,2026-04-13,227.5,41.2,34,1,M,44,Lahore,Hot,0
3377,2026-03-22,233.8,56.9,53,1,M,43,Lahore,Clear,0
3378,2026-04-07,231.5,63.5,13,0,L,55,Islamabad,Clear,1
3379,2026-03-21,225.8,37.5,34,0,L,179,Islamabad,Hot,0
3380,2026-04-04,231.2,41.8,33,2,H,166,Karachi,Humid,0
3381,2026-04-01,230.2,40.5,16,0,L,180,Islamabad,Rain,1
3382,2026-03-28,230.2,60.5,10,2,H,147,Lahore,Rain,1
3383,2026-03-29,233.0,62.3,17,2,H,130,Karachi,Clear,1
3384,2026-03-24,232.2,61.1,13,1,M,88,Lahore,Humid,1
3385,2026-04-09,236.8,53.2,26,0,L,91,Karachi,Rain,1
3386,2026-04-04,227.5,38.7,22,1,M,119,Islamabad,Humid,1
3387,2026-03-26,230.5,41.2,24,2,H,40,Lahore,Hot,1
3388,2026-03-21,235.2,70.2,10,0,L,148,Karachi,Clear,1
3389,2026-04-11,237.5,70.2,50,1,M,105,Karachi,Clear,0
3390,2026-04-11,230.5,41.8,39,0,L,60,Islamabad,Humid,0
3391,2026-03-21,225.5,36.9,30,0,L,79,Islamabad,Rain,0
3392,2026-03-25,231.8,59.9,17,0,L,126,Islamabad,Humid,1
3393,2026-03-27,234.8,64.1,10,1,M,180,Lahore,Hot,1
3394,2026-03-29,228.5,41.8,100,0,L,143,Karachi,Rain,1
3395,2026-04-01,237.5,72.0,59,0,L,163,Islamabad,Rain,0
3396,2026-03-21,233.2,58.7,24,0,L,180,Lahore,Humid,1
3397,2026-03-20,235.5,62.9,10,0,L,139,Lahore,Hot,1
3398,2026-04-06,234.2,67.7,13,0,L,180,Lahore,Rain,1
3399,2026-03-25,232.0,46.6,40,1,M,134,Islamabad,Clear,0
3400,2026-03-22,230.2,49.6,17,2,H,8,Islamabad,Hot,0
3401,2026-04-03,232.8,64.7,10,2,H,25,Karachi,Rain,1
3402,2026-03-15,225.0,27.9,35,0,L,110,Karachi,Humid,0
3403,2026-03-22,234.5,64.1,43,2,H,180,Islamabad,Rain,1
3404,2026-03-22,231.0,42.4,23,2,H,45,Lahore,Clear,0
3405,2026-04-02,235.0,61.7,22,2,H,147,Lahore,Hot,0
3406,2026-03-17,236.2,65.9,48,0,L,46,Lahore,Rain,0
3407,2026-03-19,235.5,70.8,13,2,H,66,Karachi,Clear,1
3408,2026-04-13,232.2,54.5,29,0,L,180,Lahore,Rain,1
3409,2026-03-17,227.2,42.4,44,1,M,22,Karachi,Rain,0
3410,2026-03-29,231.0,49.6,29,1,M,180,Karachi,Hot,0
3411,2026-03-28,228.0,35.1,67,0,L,180,Lahore,Humid,1
3412,2026-04-04,234.5,62.3,47,1,M,12,Lahore,Humid,0
3413,2026-03-29,232.5,57.5,14,1,M,0,Islamabad,Clear,1
3414,2026-04-07,236.0,68.4,22,0,L,83,Islamabad,Clear,0
3415,2026-03-31,229.0,44.8,24,2,H,9,Lahore,Clear,0
3416,2026-04-01,223.0,24.8,75,1,M,38,Karachi,Hot,0
3417,2026-03-16,233.2,62.9,14,0,L,180,Karachi,Humid,1
3418,2026-03-26,232.2,54.5,29,0,L,180,Karachi,Clear,1
3419,2026-03-30,224.5,26.6,20,2,H,94,Karachi,Clear,0
3420,2026-03-18,234.5,64.1,43,2,H,180,Karachi,Rain,1
3421,2026-04-08,231.2,41.8,33,2,H,166,Islamabad,Rain,0
3422,2026-03-16,233.0,53.2,31,1,M,66,Lahore,Clear,0
3423,2026-04-11,230.5,51.4,20,2,H,180,Islamabad,Rain,1
3424,2026-03-28,231.2,64.1,13,0,L,92,Karachi,Rain,1
3425,2026-03-25,235.5,70.8,13,2,H,66,Karachi,Rain,1
3426,2026-03-27,235.2,70.2,10,0,L,148,Karachi,Hot,1
3427,2026-04-11,234.2,53.2,12,0,L,18,Karachi,Clear,1
3428,2026-04-08,226.0,30.3,16,0,L,180,Lahore,Clear,1
3429,2026-03-21,231.2,52.6,16,2,H,180,Karachi,Rain,1
3430,2026-03-24,232.5,61.1,10,2,H,101,Lahore,Hot,1
3431,2026-04-07,226.5,32.1,26,2,H,108,Karachi,Rain,0
3432,2026-03-15,234.0,61.7,17,1,M,98,Lahore,Hot,0
3433,2026-04-12,230.2,51.4,13,2,H,159,Islamabad,Clear,1
3434,2026-04-04,235.8,70.8,100,1,M,71,Karachi,Rain,1
3435,2026-04-08,225.2,29.7,35,2,H,180,Lahore,Clear,1
3436,2026-04-11,227.2,43.6,10,0,L,76,Islamabad,Hot,1
3437,2026-03-18,229.2,39.9,11,0,L,28,Karachi,Humid,0
3438,2026-04-01,227.0,43.6,24,0,L,63,Karachi,Hot,0
3439,2026-03-20,229.5,52.6,53,1,M,108,Karachi,Humid,0
3440,2026-03-16,229.8,48.4,23,0,L,39,Lahore,Clear,0
3441,2026-03-17,233.2,54.5,20,0,L,180,Lahore,Clear,1
3442,2026-03-28,230.5,41.2,24,2,H,40,Islamabad,Rain,1
3443,2026-03-22,232.5,52.0,30,2,H,175,Lahore,Humid,0
3444,2026-03-30,231.2,55.1,29,0,L,54,Lahore,Hot,0
3445,2026-04-02,233.8,66.5,16,0,L,106,Karachi,Clear,1
3446,2026-04-01,229.0,41.8,38,1,M,65,Karachi,Humid,0
3447,2026-03-20,220.8,21.8,20,2,H,0,Karachi,Hot,0
3448,2026-03-28,233.0,62.3,17,2,H,130,Karachi,Humid,1
3449,2026-03-17,233.2,62.3,32,1,M,72,Karachi,Hot,0
3450,2026-03-30,234.2,67.7,15,0,L,8,Karachi,Hot,1
3451,2026-03-15,232.5,61.1,11,0,L,8,Karachi,Hot,1
3452,2026-03-26,225.2,29.7,35,2,H,180,Islamabad,Hot,1
3453,2026-04-13,230.2,51.4,13,2,H,159,Islamabad,Humid,1
3454,2026-03-28,227.0,32.7,20,0,L,61,Islamabad,Humid,1
3455,2026-04-02,228.0,33.9,25,0,L,180,Islamabad,Rain,0
3456,2026-04-05,229.8,52.6,34,1,M,19,Karachi,Humid,0
3457,2026-04-02,230.5,41.2,24,2,H,40,Islamabad,Humid,1
3458,2026-03-23,232.2,43.6,17,0,L,42,Karachi,Rain,0
3459,2026-03-21,235.5,70.8,13,2,H,66,Islamabad,Humid,1
3460,2026-03-28,230.8,52.0,24,0,L,103,Lahore,Hot,0
3461,2026-03-19,234.5,54.5,25,0,L,180,Islamabad,Clear,0
3462,2026-04-01,224.0,34.5,17,1,M,36,Islamabad,Clear,0
3463,2026-03-23,234.8,54.5,25,1,M,145,Karachi,Rain,0
3464,2026-04-04,235.5,70.8,13,2,H,66,Islamabad,Humid,1
3465,2026-03-21,231.8,64.7,11,2,H,20,Lahore,Humid,1
3466,2026-03-23,228.0,41.8,22,0,L,15,Karachi,Rain,0
3467,2026-03-18,229.0,38.7,49,2,H,111,Karachi,Clear,0
3468,2026-04-08,236.8,69.6,10,0,L,94,Islamabad,Hot,1
3469,2026-03-31,234.5,64.1,43,2,H,180,Karachi,Humid,1
3470,2026-03-26,232.5,61.1,16,0,L,41,Karachi,Rain,1
3471,2026-03-20,233.0,63.5,16,2,H,101,Karachi,Hot,1
3472,2026-04-01,230.5,55.7,26,1,M,15,Karachi,Rain,0
3473,2026-03-22,227.2,44.2,19,0,L,180,Karachi,Rain,1
3474,2026-04-04,227.2,33.3,23,0,L,34,Karachi,Rain,0
3475,2026-03-29,227.2,44.2,19,0,L,180,Lahore,Clear,1
3476,2026-03-17,230.5,50.2,19,2,H,180,Islamabad,Clear,1
3477,2026-03-16,234.0,61.7,56,2,H,4,Lahore,Rain,0
3478,2026-04-07,232.0,64.7,25,0,L,180,Karachi,Humid,1
3479,2026-04-06,227.5,39.3,41,1,M,41,Karachi,Hot,0
3480,2026-03-23,232.5,53.2,14,0,L,180,Islamabad,Humid,1
3481,2026-03-22,231.0,62.9,16,1,M,61,Lahore,Clear,1
3482,2026-04-10,234.0,61.7,33,0,L,180,Islamabad,Hot,1
3483,2026-03-18,233.2,59.9,47,0,L,180,Lahore,Rain,0
3484,2026-03-16,228.2,32.1,35,1,M,168,Karachi,Humid,0
3485,2026-03-28,229.2,53.2,14,1,M,113,Islamabad,Humid,1
3486,2026-04-12,235.2,69.0,11,1,M,69,Islamabad,Rain,1
3487,2026-03-16,224.8,30.3,37,0,L,98,Karachi,Humid,0
3488,2026-03-16,231.2,43.0,11,0,L,180,Islamabad,Clear,1
3489,2026-04-13,234.8,64.1,10,1,M,180,Lahore,Rain,1
3490,2026-04-10,226.8,33.9,50,2,H,180,Lahore,Humid,0
3491,2026-04-11,226.2,39.9,29,1,M,43,Lahore,Rain,0
3492,2026-04-05,232.0,62.9,17,1,M,144,Lahore,Hot,1
3493,2026-03-21,233.5,46.6,42,1,M,125,Karachi,Rain,0
3494,2026-03-26,225.8,38.1,100,0,L,57,Islamabad,Humid,1
3495,2026-03-20,230.5,50.2,19,2,H,180,Lahore,Clear,1
3496,2026-04-01,238.0,71.4,31,0,L,180,Karachi,Rain,0
3497,2026-03-18,223.8,26.0,12,1,M,24,Islamabad,Rain,1
3498,2026-04-02,227.8,32.1,30,2,H,134,Islamabad,Humid,0
3499,2026-04-10,232.8,57.5,25,1,M,157,Karachi,Clear,0
3500,2026-03-27,231.0,50.8,28,2,H,180,Karachi,Clear,0
3501,2026-04-03,229.2,49.6,23,1,M,180,Lahore,Hot,0
3502,2026-04-04,229.2,52.0,18,2,H,180,Islamabad,Hot,1
3503,2026-04-06,231.0,59.3,100,1,M,180,Islamabad,Humid,1
3504,2026-04-13,232.5,61.1,17,1,M,180,Karachi,Clear,1
3505,2026-04-08,234.5,50.2,46,0,L,38,Islamabad,Clear,0
3506,2026-04-10,232.8,56.9,19,0,L,125,Lahore,Hot,0
3507,2026-03-16,232.5,57.5,14,1,M,0,Islamabad,Hot,1
3508,2026-03-22,226.0,31.5,35,1,M,147,Karachi,Humid,0
3509,2026-04-02,234.8,61.7,67,0,L,180,Karachi,Clear,0
3510,2026-03-23,228.8,46.6,27,2,H,132,Lahore,Rain,0
3511,2026-04-09,233.2,61.1,53,2,H,180,Lahore,Hot,0
3512,2026-04-11,236.0,70.8,16,0,L,90,Islamabad,Humid,1
3513,2026-03-18,233.5,62.9,71,0,L,77,Islamabad,Clear,0
3514,2026-03-30,227.5,41.8,20,1,M,167,Karachi,Clear,0
3515,2026-04-02,236.8,65.3,21,2,H,180,Lahore,Hot,1
3516,2026-03-24,232.5,56.9,17,1,M,92,Lahore,Humid,1
3517,2026-03-20,233.0,61.7,22,2,H,180,Lahore,Rain,0
3518,2026-03-30,227.0,32.1,30,0,L,90,Islamabad,Hot,0
3519,2026-03-24,230.5,42.4,17,0,L,180,Lahore,Humid,1
3520,2026-03-27,235.5,69.0,18,0,L,34,Karachi,Clear,1
3521,2026-03-23,230.2,51.4,13,2,H,159,Karachi,Rain,1
3522,2026-03-21,231.0,58.1,49,0,L,14,Islamabad,Humid,0
3523,2026-03-18,233.5,64.7,24,0,L,146,Islamabad,Rain,0
3524,2026-04-02,230.5,41.2,24,2,H,40,Lahore,Humid,1
3525,2026-04-09,224.8,27.9,61,0,L,86,Islamabad,Humid,0
3526,2026-03-18,236.5,69.0,57,2,H,40,Karachi,Humid,0
3527,2026-04-02,239.2,73.8,37,0,L,25,Lahore,Humid,0
3528,2026-04-11,236.5,65.3,10,1,M,180,Karachi,Rain,1
3529,2026-04-02,224.2,35.7,40,2,H,180,Lahore,Hot,1
3530,2026-03-26,226.5,38.7,23,0,L,20,Islamabad,Rain,1
3531,2026-04-13,231.8,43.0,17,2,H,104,Lahore,Humid,0
3532,2026-03-27,224.2,35.7,40,2,H,180,Lahore,Rain,1
3533,2026-04-08,225.2,28.5,10,1,M,105,Karachi,Rain,1
3534,2026-03-18,230.5,50.2,19,2,H,180,Karachi,Rain,1
3535,2026-04-08,234.2,67.7,15,0,L,8,Lahore,Humid,1
3536,2026-04-11,226.5,33.9,26,1,M,68,Islamabad,Rain,0
3537,2026-03-24,231.0,56.9,42,2,H,39,Islamabad,Clear,0
3538,2026-04-04,232.8,64.7,10,2,H,25,Karachi,Humid,1
3539,2026-03-21,230.2,58.7,10,1,M,111,Islamabad,Rain,1
3540,2026-04-13,231.2,52.6,16,2,H,180,Karachi,Clear,1
3541,2026-03-19,225.5,31.5,13,0,L,172,Islamabad,Rain,1
3542,2026-03-31,224.2,27.9,13,2,H,177,Lahore,Hot,0
3543,2026-04-01,235.5,70.8,13,2,H,66,Karachi,Rain,1
3544,2026-03-25,231.5,52.0,45,0,L,180,Karachi,Rain,1
3545,2026-03-29,233.0,46.0,10,0,L,180,Lahore,Hot,1
3546,2026-04-04,234.5,61.1,28,0,L,111,Karachi,Humid,0
3547,2026-04-05,233.8,55.1,39,1,M,180,Islamabad,Hot,0
3548,2026-03-21,234.2,53.2,12,0,L,18,Islamabad,Humid,1
3549,2026-04-01,234.2,69.0,11,1,M,44,Karachi,Hot,1
3550,2026-04-09,231.2,52.6,10,0,L,160,Islamabad,Rain,0
3551,2026-04-08,234.2,62.3,24,2,H,51,Karachi,Rain,0
3552,2026-03-20,229.2,33.3,17,2,H,129,Lahore,Humid,0
3553,2026-04-01,228.8,39.3,52,1,M,170,Karachi,Humid,0
3554,2026-03-30,233.2,64.1,17,0,L,93,Lahore,Clear,1
3555,2026-03-16,233.2,60.5,78,1,M,20,Islamabad,Clear,0
3556,2026-04-02,226.8,34.5,10,2,H,91,Lahore,Rain,0
3557,2026-03-15,227.0,33.9,29,1,M,154,Islamabad,Rain,0
3558,2026-04-08,230.5,50.2,19,2,H,180,Karachi,Clear,1
3559,2026-04-13,238.8,72.6,10,2,H,161,Islamabad,Clear,1
3560,2026-04-09,232.2,51.4,21,2,H,180,Karachi,Humid,0
3561,2026-03-25,233.2,58.7,82,2,H,180,Karachi,Hot,0
3562,2026-04-03,229.0,38.1,33,2,H,5,Lahore,Humid,0
3563,2026-03-19,230.2,60.5,10,2,H,147,Lahore,Clear,1
3564,2026-03-30,231.8,64.7,11,2,H,20,Lahore,Rain,1
3565,2026-04-06,228.5,41.2,17,1,M,117,Lahore,Clear,0
3566,2026-03-15,232.5,57.5,14,1,M,0,Islamabad,Rain,1
3567,2026-04-02,232.2,59.3,100,0,L,124,Islamabad,Rain,1
3568,2026-03-28,225.5,29.7,35,2,H,79,Islamabad,Rain,0
3569,2026-03-17,235.5,69.0,18,0,L,34,Karachi,Rain,1
3570,2026-03-16,236.0,64.1,80,1,M,180,Islamabad,Hot,0
3571,2026-04-07,231.2,52.6,16,2,H,180,Islamabad,Clear,1
3572,2026-03-19,228.5,38.1,20,1,M,15,Islamabad,Humid,0
3573,2026-03-31,231.2,42.4,44,2,H,68,Lahore,Rain,0
3574,2026-04-11,235.2,69.0,11,1,M,69,Islamabad,Rain,1
3575,2026-04-01,232.5,43.6,44,2,H,23,Karachi,Humid,0
3576,2026-03-15,231.0,61.1,18,1,M,166,Lahore,Humid,1
3577,2026-03-29,229.2,53.2,14,1,M,113,Karachi,Rain,1
3578,2026-04-05,229.8,52.6,32,1,M,71,Islamabad,Humid,0
3579,2026-03-23,235.2,50.8,10,0,L,180,Lahore,Humid,1
3580,2026-04-10,230.0,42.4,22,1,M,180,Karachi,Hot,0
3581,2026-04-06,231.2,42.4,49,0,L,180,Islamabad,Humid,0
3582,2026-03-19,228.2,32.1,35,1,M,168,Karachi,Clear,0
3583,2026-04-11,230.2,41.2,36,0,L,143,Karachi,Clear,0
3584,2026-03-27,226.5,32.1,14,1,M,51,Karachi,Clear,0
3585,2026-04-02,224.2,35.7,40,2,H,180,Islamabad,Rain,1
3586,2026-04-11,230.2,60.5,10,2,H,147,Islamabad,Clear,1
3587,2026-04-11,236.2,70.2,17,2,H,112,Karachi,Hot,1
3588,2026-04-07,235.2,69.0,11,1,M,69,Lahore,Clear,1
3589,2026-03-24,226.5,32.1,26,1,M,180,Lahore,Rain,1
3590,2026-04-03,232.8,64.7,10,2,H,25,Islamabad,Hot,1
3591,2026-04-08,227.5,41.2,43,0,L,47,Islamabad,Clear,0
3592,2026-04-04,233.2,63.5,36,1,M,180,Islamabad,Hot,0
3593,2026-03-28,226.2,38.7,10,0,L,180,Islamabad,Hot,1
3594,2026-04-05,232.5,55.1,17,1,M,111,Islamabad,Rain,0
3595,2026-04-04,232.5,61.1,10,2,H,101,Lahore,Rain,1
3596,2026-04-09,224.8,37.5,31,0,L,180,Islamabad,Hot,1
3597,2026-03-26,236.5,64.1,25,1,M,180,Karachi,Clear,1
3598,2026-03-25,232.5,61.1,16,1,M,180,Karachi,Rain,1
3599,2026-04-06,236.0,64.7,18,1,M,176,Lahore,Hot,0
3600,2026-03-21,231.0,40.5,23,2,H,37,Karachi,Humid,0
3601,2026-03-31,236.2,54.5,100,1,M,143,Lahore,Humid,1
3602,2026-04-01,233.8,60.5,20,1,M,20,Lahore,Rain,0
3603,2026-03-21,230.2,60.5,10,2,H,147,Karachi,Clear,1
3604,2026-04-07,235.0,69.0,10,0,L,51,Islamabad,Humid,1
3605,2026-04-03,236.8,70.2,22,0,L,128,Karachi,Humid,0
3606,2026-03-20,230.8,52.0,34,1,M,100,Karachi,Humid,0
3607,2026-03-25,221.2,22.4,100,0,L,149,Lahore,Clear,1
3608,2026-03-26,233.0,62.3,17,2,H,130,Karachi,Clear,1
3609,2026-04-09,232.5,61.1,10,2,H,101,Lahore,Rain,1
3610,2026-03-30,226.0,29.1,10,0,L,180,Islamabad,Rain,1
3611,2026-04-02,234.2,48.4,49,1,M,180,Islamabad,Humid,1
3612,2026-04-06,232.2,59.9,13,0,L,85,Islamabad,Clear,1
3613,2026-04-10,231.0,56.9,42,2,H,39,Karachi,Hot,0
3614,2026-04-02,231.5,42.4,36,1,M,180,Lahore,Humid,0
3615,2026-03-25,230.5,51.4,20,2,H,180,Islamabad,Rain,1
3616,2026-03-30,235.5,64.1,40,0,L,69,Lahore,Clear,0
3617,2026-04-06,229.2,52.0,18,2,H,180,Lahore,Rain,1
3618,2026-04-11,227.5,44.8,10,1,M,104,Islamabad,Rain,0
3619,2026-04-10,232.5,53.8,20,2,H,180,Islamabad,Clear,0
3620,2026-03-26,227.5,37.5,98,0,L,31,Lahore,Humid,0
3621,2026-04-10,231.8,49.0,35,1,M,92,Islamabad,Clear,0
3622,2026-03-22,235.0,53.2,38,0,L,180,Lahore,Humid,0
3623,2026-03-17,236.0,70.2,77,1,M,2,Lahore,Rain,0
3624,2026-03-16,230.0,39.3,32,1,M,83,Islamabad,Clear,0
3625,2026-04-11,232.8,64.7,10,2,H,25,Karachi,Hot,1
3626,2026-03-20,231.2,62.9,15,0,L,168,Islamabad,Humid,1
3627,2026-03-30,229.2,52.0,17,1,M,45,Karachi,Hot,1
3628,2026-04-03,226.8,35.1,32,0,L,180,Lahore,Humid,0
3629,2026-04-07,232.5,52.6,11,0,L,180,Lahore,Clear,0
3630,2026-04-12,232.2,51.4,42,1,M,180,Karachi,Hot,0
3631,2026-03-29,236.8,65.3,21,2,H,180,Lahore,Clear,1
3632,2026-03-28,228.5,39.9,14,1,M,34,Karachi,Humid,0
3633,2026-03-16,232.5,61.1,17,1,M,180,Karachi,Humid,1
3634,2026-04-03,228.5,35.7,26,0,L,28,Lahore,Humid,0
3635,2026-04-01,232.0,57.5,30,1,M,180,Karachi,Humid,0
3636,2026-03-28,229.0,45.4,31,1,M,77,Islamabad,Rain,0
3637,2026-04-01,234.2,53.2,25,2,H,38,Islamabad,Humid,0
3638,2026-03-16,230.0,39.9,50,0,L,5,Lahore,Hot,0
3639,2026-03-15,238.0,72.6,16,0,L,180,Lahore,Humid,1
3640,2026-04-03,235.2,50.8,10,0,L,180,Karachi,Clear,1
3641,2026-03-16,231.0,41.8,27,1,M,180,Karachi,Rain,0
3642,2026-03-23,231.0,56.3,10,0,L,180,Karachi,Hot,1
3643,2026-03-23,227.5,36.3,28,1,M,176,Karachi,Rain,1
3644,2026-03-30,226.5,32.7,25,1,M,18,Islamabad,Rain,0
3645,2026-03-25,231.5,42.4,29,1,M,144,Islamabad,Rain,0
3646,2026-04-10,225.5,33.3,34,1,M,136,Lahore,Clear,0
3647,2026-04-06,230.8,59.3,58,1,M,180,Karachi,Rain,0
3648,2026-03-20,236.5,65.3,10,1,M,180,Karachi,Rain,1
3649,2026-03-26,235.0,52.6,90,1,M,180,Lahore,Humid,1
3650,2026-03-17,232.5,56.9,59,0,L,123,Karachi,Clear,0
3651,2026-04-13,234.2,67.7,13,0,L,180,Karachi,Hot,1
3652,2026-03-26,234.2,68.4,30,0,L,180,Karachi,Hot,1
3653,2026-04-13,233.8,60.5,10,0,L,180,Karachi,Hot,1
3654,2026-04-06,236.2,64.7,17,0,L,174,Karachi,Clear,0
3655,2026-03-15,229.8,39.9,16,0,L,9,Lahore,Hot,0
3656,2026-03-23,234.5,64.1,43,2,H,180,Karachi,Clear,1
3657,2026-04-03,229.2,34.5,41,2,H,135,Lahore,Humid,0
3658,2026-04-05,227.5,38.7,22,1,M,119,Karachi,Humid,1
3659,2026-03-20,230.0,42.4,29,1,M,180,Islamabad,Clear,0
3660,2026-03-25,225.0,36.9,30,1,M,81,Islamabad,Hot,0
3661,2026-03-17,229.8,47.8,26,2,H,119,Islamabad,Clear,0
3662,2026-03-18,238.2,70.8,55,0,L,42,Islamabad,Clear,0
3663,2026-04-12,231.5,52.0,45,0,L,180,Lahore,Rain,1
3664,2026-04-10,234.8,64.7,100,1,M,2,Lahore,Clear,1
3665,2026-03-24,231.2,52.6,16,2,H,180,Karachi,Rain,1
3666,2026-04-02,232.8,44.8,17,0,L,180,Islamabad,Humid,1
3667,2026-04-12,227.0,43.6,24,0,L,11,Lahore,Rain,0
3668,2026-03-20,232.2,56.3,25,0,L,42,Karachi,Clear,0
3669,2026-03-15,231.5,49.0,15,1,M,50,Karachi,Humid,0
3670,2026-03-22,229.2,43.0,61,2,H,77,Lahore,Rain,0
3671,2026-03-22,233.5,62.9,38,2,H,180,Islamabad,Clear,0
3672,2026-04-08,224.5,29.7,100,0,L,18,Karachi,Humid,1
3673,2026-03-20,235.5,69.0,18,0,L,34,Islamabad,Rain,1
3674,2026-03-31,233.2,64.1,17,0,L,93,Islamabad,Clear,1
3675,2026-04-02,228.2,47.2,41,0,L,100,Islamabad,Clear,0
3676,2026-03-15,233.8,51.4,10,0,L,180,Karachi,Hot,1
3677,2026-03-29,232.5,57.5,14,1,M,0,Islamabad,Hot,1
3678,2026-03-27,230.5,50.8,100,2,H,81,Karachi,Rain,1
3679,2026-04-04,233.0,59.9,41,0,L,46,Islamabad,Rain,0
3680,2026-03-17,225.5,30.9,31,0,L,170,Karachi,Rain,0
3681,2026-04-13,232.5,50.2,34,0,L,123,Islamabad,Clear,0
3682,2026-03-16,225.8,29.7,23,1,M,71,Lahore,Rain,0
3683,2026-03-17,221.2,22.4,54,1,M,94,Islamabad,Clear,0
3684,2026-03-23,233.0,62.3,17,2,H,130,Islamabad,Rain,1
3685,2026-04-10,238.8,72.6,10,2,H,161,Karachi,Clear,1
3686,2026-03-30,237.0,71.4,25,1,M,180,Karachi,Clear,0
3687,2026-04-07,233.2,54.5,20,0,L,98,Islamabad,Hot,0
3688,2026-03-27,230.2,51.4,18,0,L,180,Lahore,Humid,1
3689,2026-04-02,230.2,50.8,16,1,M,136,Lahore,Clear,0
3690,2026-04-10,229.0,49.6,31,2,H,63,Karachi,Rain,0
3691,2026-04-01,230.5,51.4,20,2,H,180,Lahore,Hot,1
3692,2026-04-04,227.5,33.3,50,1,M,107,Islamabad,Rain,0
3693,2026-03-26,227.5,37.5,23,1,M,23,Karachi,Rain,0
3694,2026-04-11,230.5,50.2,19,2,H,180,Islamabad,Clear,1
3695,2026-04-12,231.0,42.4,16,0,L,46,Karachi,Clear,0
3696,2026-03-26,235.2,69.0,11,0,L,180,Karachi,Humid,1
3697,2026-03-15,229.8,49.0,26,2,H,113,Karachi,Clear,0
3698,2026-04-03,229.2,47.8,66,0,L,22,Karachi,Clear,0
3699,2026-03-22,231.0,39.9,33,0,L,24,Lahore,Humid,0
3700,2026-03-31,234.5,62.3,33,1,M,21,Islamabad,Rain,0
3701,2026-04-04,229.0,51.4,22,0,L,180,Islamabad,Humid,1
3702,2026-04-11,234.8,50.8,52,2,H,180,Islamabad,Humid,0
3703,2026-04-03,233.8,60.5,10,0,L,180,Karachi,Humid,1
3704,2026-04-05,234.5,69.0,22,0,L,71,Lahore,Hot,0
3705,2026-03-21,227.5,37.5,25,0,L,51,Islamabad,Rain,0
3706,2026-03-23,237.8,70.2,100,1,M,26,Lahore,Hot,1
3707,2026-03-31,227.0,32.7,20,0,L,61,Karachi,Hot,1
3708,2026-04-10,226.8,40.5,31,1,M,180,Islamabad,Clear,0
3709,2026-03-24,231.0,52.6,52,0,L,170,Lahore,Humid,0
3710,2026-03-18,231.8,54.5,31,2,H,86,Karachi,Humid,0
3711,2026-04-05,230.5,50.2,19,2,H,180,Lahore,Hot,1
3712,2026-04-09,231.5,59.3,14,0,L,64,Islamabad,Clear,1
3713,2026-03-21,235.0,52.6,90,1,M,180,Islamabad,Clear,1
3714,2026-03-21,229.0,38.7,35,0,L,139,Karachi,Clear,0
3715,2026-03-22,229.8,52.6,24,1,M,61,Karachi,Rain,0
3716,2026-04-13,229.0,44.8,54,2,H,0,Karachi,Hot,0
3717,2026-04-09,236.0,53.8,65,1,M,156,Lahore,Rain,0
3718,2026-04-07,231.2,59.3,41,1,M,180,Lahore,Clear,0
3719,2026-04-07,228.0,39.3,30,2,H,180,Lahore,Clear,0
3720,2026-03-22,228.8,35.1,20,0,L,34,Karachi,Clear,0
3721,2026-03-30,234.5,67.7,34,0,L,180,Islamabad,Humid,0
3722,2026-03-26,227.5,41.8,20,1,M,167,Islamabad,Hot,0
3723,2026-03-29,225.8,38.7,41,0,L,154,Lahore,Humid,0
3724,2026-03-22,232.2,59.9,21,1,M,89,Lahore,Rain,0
3725,2026-04-05,232.8,51.4,43,2,H,132,Islamabad,Humid,0
3726,2026-03-23,234.0,49.0,55,1,M,42,Islamabad,Hot,0
3727,2026-03-17,231.8,64.7,11,2,H,20,Lahore,Humid,1
3728,2026-04-05,227.5,37.5,16,1,M,0,Lahore,Clear,0
3729,2026-04-04,233.2,56.3,21,1,M,161,Islamabad,Rain,0
3730,2026-03-30,231.8,53.8,26,2,H,69,Karachi,Rain,0
3731,2026-03-29,230.2,60.5,10,2,H,147,Lahore,Clear,1
3732,2026-04-07,238.8,72.6,10,2,H,161,Islamabad,Clear,1
3733,2026-03-18,228.2,38.1,27,2,H,10,Islamabad,Clear,0
3734,2026-04-03,234.2,62.3,14,1,M,67,Islamabad,Hot,0
3735,2026-04-12,227.2,32.7,33,1,M,163,Islamabad,Humid,0
3736,2026-03-30,237.8,70.8,36,1,M,180,Karachi,Rain,0
3737,2026-03-24,235.2,69.0,11,0,L,180,Islamabad,Humid,1
3738,2026-03-25,229.8,33.9,23,2,H,13,Lahore,Clear,0
3739,2026-04-09,234.0,49.0,100,0,L,64,Karachi,Clear,1
3740,2026-04-12,233.0,62.3,17,2,H,130,Islamabad,Humid,1
3741,2026-03-19,227.5,38.7,22,1,M,119,Karachi,Rain,1
3742,2026-03-25,232.0,64.7,15,0,L,10,Lahore,Hot,1
3743,2026-04-12,233.2,55.1,14,2,H,180,Islamabad,Humid,0
3744,2026-03-27,228.5,45.4,22,1,M,5,Lahore,Clear,0
3745,2026-03-29,232.2,61.1,13,1,M,88,Islamabad,Clear,1
3746,2026-03-20,227.8,36.3,56,0,L,71,Islamabad,Hot,0
3747,2026-03-30,234.0,61.7,55,2,H,5,Islamabad,Humid,0
3748,2026-03-29,230.8,44.2,17,2,H,180,Islamabad,Hot,0
3749,2026-03-25,236.2,70.2,17,2,H,112,Islamabad,Hot,1
3750,2026-04-03,229.2,50.8,33,2,H,112,Karachi,Rain,0
3751,2026-03-16,221.5,23.0,10,1,M,89,Islamabad,Rain,1
3752,2026-04-11,229.0,46.6,20,1,M,180,Islamabad,Clear,1
3753,2026-04-11,236.2,55.1,29,2,H,52,Karachi,Humid,0
3754,2026-04-13,227.2,36.9,16,0,L,180,Karachi,Rain,1
3755,2026-03-16,229.8,46.6,23,2,H,129,Karachi,Clear,0
3756,2026-03-26,227.5,44.2,22,1,M,180,Karachi,Humid,0
3757,2026-03-30,231.8,50.2,14,0,L,52,Karachi,Clear,0
3758,2026-04-02,226.8,33.9,50,2,H,180,Karachi,Rain,0
3759,2026-03-16,235.0,64.1,34,0,L,137,Islamabad,Clear,0
3760,2026-03-31,231.0,59.3,100,1,M,180,Islamabad,Humid,1
3761,2026-03-28,231.5,52.6,17,2,H,12,Lahore,Humid,0
3762,2026-04-07,233.5,54.5,10,0,L,177,Islamabad,Clear,1
3763,2026-04-11,235.2,69.0,14,1,M,180,Islamabad,Humid,1
3764,2026-03-30,229.2,47.8,28,1,M,180,Karachi,Clear,0
3765,2026-03-19,226.0,36.3,35,1,M,180,Karachi,Humid,0
3766,2026-03-24,232.0,64.7,25,0,L,180,Islamabad,Clear,1
3767,2026-03-31,230.5,50.8,100,2,H,81,Lahore,Clear,1
3768,2026-03-27,224.8,37.5,31,0,L,180,Karachi,Clear,1
3769,2026-03-30,226.8,37.5,11,0,L,180,Islamabad,Hot,1
3770,2026-03-23,228.8,50.2,29,1,M,163,Islamabad,Humid,0
3771,2026-04-07,230.0,51.4,14,1,M,136,Lahore,Rain,0
3772,2026-03-18,234.5,49.0,22,2,H,134,Lahore,Clear,0
3773,2026-04-07,232.5,56.3,32,0,L,119,Karachi,Hot,0
3774,2026-04-12,226.5,33.3,38,0,L,32,Lahore,Rain,0
3775,2026-04-11,232.5,61.1,10,2,H,101,Islamabad,Clear,1
3776,2026-04-12,233.0,63.5,16,2,H,101,Islamabad,Rain,1
3777,2026-04-09,230.5,50.8,100,2,H,81,Lahore,Hot,1
3778,2026-03-30,231.8,60.5,16,0,L,108,Lahore,Rain,1
3779,2026-04-06,233.5,64.7,10,1,M,125,Lahore,Clear,1
3780,2026-04-10,234.0,68.4,30,2,H,38,Lahore,Rain,0
3781,2026-03-25,230.2,60.5,10,2,H,147,Karachi,Rain,1
3782,2026-03-21,233.8,50.2,18,1,M,136,Lahore,Clear,1
3783,2026-03-31,230.2,48.4,17,0,L,105,Karachi,Hot,0
3784,2026-04-05,229.0,48.4,20,0,L,173,Islamabad,Hot,0
3785,2026-03-27,228.0,44.2,10,0,L,119,Lahore,Rain,1
3786,2026-03-18,233.8,66.5,14,0,L,174,Karachi,Humid,1
3787,2026-03-28,231.0,61.1,18,1,M,166,Lahore,Rain,1
3788,2026-03-24,233.8,50.2,18,1,M,136,Islamabad,Humid,1
3789,2026-03-24,230.2,39.9,13,0,L,76,Islamabad,Rain,0
3790,2026-03-24,234.0,68.4,39,0,L,14,Islamabad,Hot,0
3791,2026-04-10,232.0,64.7,25,0,L,180,Lahore,Rain,1
3792,2026-03-26,234.8,68.4,14,0,L,180,Lahore,Rain,1
3793,2026-03-16,238.5,71.4,92,1,M,22,Karachi,Humid,0
3794,2026-04-09,231.2,52.6,16,2,H,180,Islamabad,Hot,1
3795,2026-04-06,226.2,38.7,41,2,H,10,Lahore,Humid,0
3796,2026-03-23,233.5,59.3,26,2,H,149,Islamabad,Rain,0
3797,2026-04-12,230.5,51.4,20,2,H,180,Islamabad,Clear,1
3798,2026-03-19,237.8,70.2,100,1,M,26,Karachi,Rain,1
3799,2026-03-22,232.5,61.1,10,2,H,101,Karachi,Rain,1
3800,2026-04-04,233.8,58.7,22,0,L,166,Karachi,Humid,0
3801,2026-03-28,233.0,63.5,16,2,H,101,Karachi,Clear,1
3802,2026-03-21,233.2,62.9,14,0,L,180,Islamabad,Clear,1
3803,2026-03-21,233.0,45.4,38,1,M,159,Karachi,Humid,0
3804,2026-03-23,232.2,58.1,35,2,H,139,Karachi,Hot,0
3805,2026-03-17,233.0,63.5,16,2,H,101,Karachi,Clear,1
3806,2026-03-28,233.0,55.1,20,1,M,12,Karachi,Clear,0
3807,2026-03-31,233.8,62.3,35,1,M,71,Islamabad,Humid,0
3808,2026-04-01,226.0,32.1,31,0,L,150,Karachi,Hot,0
3809,2026-03-26,234.0,67.1,14,0,L,172,Islamabad,Hot,1
3810,2026-04-05,225.5,31.5,13,0,L,172,Lahore,Rain,1
3811,2026-03-28,226.2,41.8,17,1,M,30,Islamabad,Rain,1
3812,2026-04-09,225.0,27.9,19,2,H,100,Islamabad,Humid,1
3813,2026-04-09,231.8,41.8,35,0,L,159,Karachi,Hot,0
3814,2026-04-11,230.5,51.4,20,2,H,180,Lahore,Humid,1
3815,2026-03-27,234.8,50.8,61,0,L,49,Lahore,Rain,0
3816,2026-03-28,228.5,41.8,100,0,L,143,Lahore,Humid,1
3817,2026-03-23,232.0,55.7,35,0,L,55,Lahore,Humid,0
3818,2026-04-02,236.5,65.3,10,1,M,180,Islamabad,Clear,1
3819,2026-04-09,231.8,57.5,38,2,H,161,Lahore,Clear,0
3820,2026-03-16,226.8,33.9,26,0,L,180,Islamabad,Clear,0
3821,2026-03-25,227.5,38.7,22,1,M,119,Islamabad,Rain,1
3822,2026-03-31,231.2,50.8,47,1,M,180,Islamabad,Humid,1
3823,2026-03-16,228.5,41.8,100,0,L,143,Lahore,Clear,1
3824,2026-04-02,227.0,41.2,16,2,H,85,Karachi,Clear,0
3825,2026-03-21,230.5,50.8,100,2,H,81,Karachi,Clear,1
3826,2026-04-01,227.2,32.1,30,2,H,147,Lahore,Rain,0
3827,2026-03-27,224.2,35.7,40,2,H,180,Karachi,Rain,1
3828,2026-03-19,230.2,60.5,10,2,H,147,Karachi,Humid,1
3829,2026-04-01,237.8,69.0,31,0,L,92,Islamabad,Humid,0
3830,2026-04-06,229.5,46.6,17,2,H,86,Islamabad,Humid,0
3831,2026-04-09,232.8,53.2,26,2,H,180,Lahore,Clear,0
3832,2026-04-07,230.5,50.8,100,2,H,81,Lahore,Hot,1
3833,2026-04-07,238.8,73.8,26,0,L,37,Karachi,Rain,0
3834,2026-04-12,237.0,70.8,20,0,L,180,Islamabad,Clear,0
3835,2026-03-30,226.8,38.7,28,2,H,58,Lahore,Clear,0
3836,2026-03-29,234.2,53.8,19,2,H,121,Lahore,Humid,0
3837,2026-03-22,229.2,47.2,21,1,M,130,Lahore,Humid,0
3838,2026-04-09,234.2,49.0,32,2,H,87,Lahore,Clear,0
3839,2026-03-29,225.5,36.9,10,1,M,52,Lahore,Rain,0
3840,2026-04-08,227.0,32.7,27,2,H,63,Lahore,Rain,0
3841,2026-03-15,229.2,39.3,16,0,L,180,Karachi,Clear,1
3842,2026-04-11,233.5,64.1,32,1,M,88,Islamabad,Hot,0
3843,2026-03-31,232.0,54.5,18,0,L,180,Islamabad,Hot,1
3844,2026-04-13,229.2,52.0,17,1,M,45,Lahore,Rain,1
3845,2026-03-29,229.2,39.3,37,2,H,97,Islamabad,Humid,0
3846,2026-03-28,229.2,53.2,14,1,M,113,Islamabad,Hot,1
3847,2026-03-28,231.2,63.5,13,0,L,148,Islamabad,Hot,1
3848,2026-03-24,231.2,41.2,33,1,M,102,Lahore,Humid,0
3849,2026-03-16,236.8,65.9,22,1,M,180,Lahore,Hot,0
3850,2026-04-10,223.8,26.6,87,1,M,180,Islamabad,Clear,0
3851,2026-03-20,234.0,54.5,14,0,L,60,Islamabad,Hot,0
3852,2026-04-13,225.0,36.3,35,2,H,180,Lahore,Humid,0
3853,2026-03-31,229.2,47.2,23,0,L,158,Karachi,Clear,0
3854,2026-03-19,233.5,62.9,45,0,L,139,Islamabad,Hot,0
3855,2026-03-19,240.0,75.0,31,0,L,180,Karachi,Rain,1
3856,2026-03-29,226.2,41.8,21,1,M,43,Islamabad,Clear,0
3857,2026-03-29,234.8,69.0,23,1,M,180,Karachi,Clear,0
3858,2026-04-03,228.8,46.6,21,0,L,173,Karachi,Rain,0
3859,2026-03-25,225.8,38.7,22,1,M,180,Karachi,Rain,1
3860,2026-03-19,231.5,50.2,16,0,L,180,Lahore,Hot,1
3861,2026-04-11,233.0,53.8,28,2,H,175,Karachi,Hot,0
3862,2026-03-15,231.2,64.1,100,1,M,84,Karachi,Humid,1
3863,2026-03-25,227.0,43.0,34,0,L,180,Karachi,Humid,0
3864,2026-03-25,233.0,62.9,15,0,L,148,Islamabad,Clear,1
3865,2026-03-20,229.0,38.1,14,0,L,180,Karachi,Rain,1
3866,2026-04-06,229.8,50.2,43,0,L,175,Islamabad,Rain,0
3867,2026-03-22,225.5,37.5,11,0,L,67,Karachi,Humid,1
3868,2026-03-16,225.0,38.7,43,2,H,166,Karachi,Clear,0
3869,2026-03-29,229.5,38.1,51,0,L,148,Lahore,Clear,0
3870,2026-04-06,238.8,72.6,10,2,H,161,Islamabad,Humid,1
3871,2026-04-05,236.2,54.5,100,1,M,143,Karachi,Humid,1
3872,2026-03-23,234.5,64.1,43,2,H,180,Islamabad,Humid,1
3873,2026-03-29,232.5,55.1,100,1,M,100,Islamabad,Hot,1
3874,2026-03-22,233.0,62.3,18,0,L,34,Lahore,Clear,1
3875,2026-04-13,228.5,38.1,23,2,H,162,Lahore,Clear,0
3876,2026-03-30,226.5,36.3,16,0,L,180,Lahore,Clear,1
3877,2026-04-10,233.0,53.8,28,0,L,100,Lahore,Humid,0
3878,2026-03-28,232.2,64.7,15,1,M,6,Lahore,Humid,1
3879,2026-03-29,232.0,41.2,48,1,M,4,Lahore,Humid,0
3880,2026-04-03,231.5,59.3,47,1,M,19,Lahore,Humid,0
3881,2026-04-13,232.8,64.7,10,2,H,25,Lahore,Rain,1
3882,2026-03-27,231.2,64.1,100,1,M,84,Karachi,Humid,1
3883,2026-03-23,232.5,57.5,31,1,M,64,Islamabad,Hot,0
3884,2026-03-15,233.8,62.3,70,0,L,55,Lahore,Rain,0
3885,2026-04-10,230.5,41.8,17,0,L,108,Lahore,Rain,0
3886,2026-03-20,238.5,72.0,28,1,M,97,Islamabad,Humid,0
3887,2026-03-22,231.0,61.1,18,1,M,166,Karachi,Clear,1
3888,2026-04-10,231.2,64.1,13,0,L,92,Islamabad,Humid,1
3889,2026-04-10,231.2,52.6,16,2,H,180,Islamabad,Clear,1
3890,2026-04-03,227.8,33.3,62,2,H,179,Lahore,Humid,0
3891,2026-04-01,233.2,56.3,38,2,H,180,Islamabad,Humid,0
3892,2026-04-10,231.8,64.7,11,2,H,20,Islamabad,Clear,1
3893,2026-04-01,235.2,51.4,32,0,L,180,Lahore,Clear,1
3894,2026-04-09,229.8,40.5,24,0,L,180,Lahore,Clear,0
3895,2026-03-31,228.2,42.4,15,1,M,44,Lahore,Clear,0
3896,2026-04-04,235.2,70.2,22,1,M,101,Lahore,Hot,1
3897,2026-03-30,233.0,62.3,18,0,L,166,Islamabad,Clear,1
3898,2026-03-27,237.8,70.2,100,1,M,26,Islamabad,Humid,1
3899,2026-04-05,227.0,35.1,29,1,M,180,Karachi,Humid,0
3900,2026-03-18,224.2,35.7,40,2,H,180,Karachi,Hot,1
3901,2026-03-18,225.0,27.9,19,2,H,100,Islamabad,Clear,1
3902,2026-04-04,228.0,32.7,44,2,H,180,Karachi,Humid,0
3903,2026-03-28,233.0,54.5,37,1,M,150,Islamabad,Hot,0
3904,2026-03-19,226.0,33.3,13,1,M,151,Karachi,Humid,1
3905,2026-03-30,233.0,46.6,42,1,M,180,Lahore,Hot,0
3906,2026-03-28,232.5,61.1,10,2,H,101,Karachi,Hot,1
3907,2026-04-13,233.5,55.7,37,1,M,4,Lahore,Rain,0
3908,2026-03-28,228.5,33.3,34,1,M,176,Lahore,Rain,0
3909,2026-03-28,227.2,31.5,30,0,L,161,Lahore,Clear,0
3910,2026-04-08,230.5,41.2,24,2,H,40,Lahore,Rain,1
3911,2026-04-07,221.0,21.8,17,0,L,180,Karachi,Hot,1
3912,2026-04-08,225.2,32.1,34,1,M,171,Islamabad,Humid,0
3913,2026-04-12,231.8,42.4,17,0,L,180,Lahore,Humid,1
3914,2026-03-28,229.2,53.2,14,1,M,113,Karachi,Clear,1
3915,2026-04-02,235.2,52.0,45,0,L,52,Lahore,Rain,0
3916,2026-04-13,234.5,68.4,17,1,M,60,Karachi,Clear,1
3917,2026-03-17,230.2,60.5,10,2,H,147,Karachi,Hot,1
3918,2026-03-31,225.8,38.1,100,0,L,57,Karachi,Rain,1
3919,2026-03-28,234.0,53.8,47,2,H,180,Islamabad,Clear,0
3920,2026-03-24,221.5,23.0,10,1,M,89,Karachi,Humid,1
3921,2026-03-27,238.2,72.6,34,0,L,64,Karachi,Humid,0
3922,2026-04-05,233.2,59.9,26,1,M,43,Islamabad,Clear,0
3923,2026-03-18,228.5,39.9,34,0,L,180,Islamabad,Clear,0
3924,2026-03-25,223.8,26.0,12,1,M,24,Karachi,Clear,1
3925,2026-03-29,234.8,61.7,39,1,M,79,Islamabad,Hot,0
3926,2026-03-29,231.0,39.3,61,0,L,20,Lahore,Hot,0
3927,2026-04-13,231.2,52.6,16,2,H,180,Lahore,Humid,1
3928,2026-04-07,231.2,42.4,18,0,L,92,Islamabad,Hot,1
3929,2026-03-16,228.8,32.7,23,0,L,26,Islamabad,Hot,0
3930,2026-03-25,233.8,47.8,16,2,H,50,Karachi,Rain,0
3931,2026-03-16,230.5,50.8,100,2,H,81,Islamabad,Hot,1
3932,2026-04-06,224.8,35.1,15,1,M,102,Karachi,Rain,0
3933,2026-04-12,229.2,52.0,18,2,H,180,Lahore,Hot,1
3934,2026-03-19,230.5,51.4,20,2,H,180,Islamabad,Humid,1
3935,2026-03-27,230.2,60.5,10,2,H,147,Karachi,Clear,1
3936,2026-03-15,233.5,62.3,34,2,H,73,Karachi,Humid,0
3937,2026-03-21,230.2,51.4,13,2,H,159,Lahore,Hot,1
3938,2026-03-21,231.8,59.9,17,1,M,73,Islamabad,Clear,1
3939,2026-03-24,227.2,36.3,32,2,H,160,Lahore,Clear,0
3940,2026-03-20,229.2,53.2,14,1,M,113,Karachi,Clear,1
3941,2026-04-03,226.0,32.1,41,0,L,180,Karachi,Rain,1
3942,2026-03-26,231.5,52.6,17,2,H,12,Islamabad,Humid,0
3943,2026-03-27,233.2,52.6,36,1,M,121,Karachi,Rain,0
3944,2026-04-07,231.0,61.7,17,1,M,12,Islamabad,Clear,1
3945,2026-04-11,235.5,62.9,10,0,L,139,Lahore,Humid,1
3946,2026-03-25,230.8,41.2,33,2,H,53,Islamabad,Humid,0
3947,2026-04-01,236.5,70.2,97,0,L,180,Islamabad,Hot,0
3948,2026-03-16,229.2,42.4,36,1,M,70,Karachi,Rain,0
3949,2026-03-30,235.5,70.8,13,2,H,66,Karachi,Rain,1
3950,2026-03-16,230.5,41.2,24,2,H,40,Islamabad,Hot,1
3951,2026-04-02,226.8,33.9,50,2,H,180,Karachi,Rain,0
3952,2026-03-20,226.2,30.9,33,2,H,180,Karachi,Clear,0
3953,2026-03-15,226.5,32.7,28,1,M,47,Karachi,Clear,0
3954,2026-03-25,235.5,69.0,18,0,L,34,Islamabad,Rain,1
3955,2026-04-01,229.8,38.7,51,0,L,163,Karachi,Hot,1
3956,2026-03-24,230.2,35.1,47,1,M,178,Islamabad,Humid,0
3957,2026-04-01,231.8,63.5,15,0,L,180,Karachi,Rain,1
3958,2026-04-13,227.0,31.5,31,0,L,180,Lahore,Humid,0
3959,2026-04-11,234.8,62.9,34,2,H,70,Karachi,Hot,0
3960,2026-03-15,231.0,43.0,23,0,L,180,Karachi,Humid,1
3961,2026-04-02,235.2,70.2,10,0,L,148,Islamabad,Hot,1
3962,2026-03-30,233.5,51.4,10,1,M,180,Islamabad,Hot,1
3963,2026-04-09,226.2,41.8,17,1,M,30,Karachi,Clear,1
3964,2026-03-21,232.5,58.1,29,0,L,24,Lahore,Clear,0
3965,2026-03-29,232.5,61.1,10,2,H,101,Karachi,Hot,1
3966,2026-04-12,230.0,41.8,20,0,L,180,Karachi,Rain,0
3967,2026-03-15,226.8,31.5,98,2,H,119,Lahore,Clear,0
3968,2026-04-06,227.8,44.2,24,1,M,165,Islamabad,Hot,0
3969,2026-04-04,232.5,61.1,16,0,L,41,Karachi,Humid,1
3970,2026-03-23,239.2,73.2,17,0,L,115,Islamabad,Humid,0
3971,2026-03-16,239.8,73.8,22,1,M,151,Islamabad,Rain,0
3972,2026-03-31,230.5,50.8,100,2,H,81,Lahore,Humid,1
3973,2026-04-08,234.8,68.4,10,0,L,180,Lahore,Humid,1
3974,2026-04-07,230.5,51.4,20,2,H,180,Islamabad,Hot,1
3975,2026-03-24,231.0,62.9,16,1,M,61,Karachi,Humid,1
3976,2026-03-20,235.0,50.2,17,1,M,180,Islamabad,Humid,1
3977,2026-03-19,227.5,43.6,25,2,H,173,Karachi,Humid,0
3978,2026-03-22,233.8,66.5,14,0,L,174,Karachi,Humid,1
3979,2026-03-22,227.0,37.5,100,1,M,86,Lahore,Hot,1
3980,2026-04-13,231.8,54.5,32,1,M,145,Karachi,Humid,0
3981,2026-03-19,229.5,46.6,17,2,H,86,Karachi,Rain,0
3982,2026-03-26,234.2,62.3,65,0,L,27,Islamabad,Clear,0
3983,2026-03-21,232.8,58.1,16,0,L,180,Lahore,Rain,1
3984,2026-03-27,235.2,69.0,11,0,L,180,Karachi,Clear,1
3985,2026-03-27,235.0,51.4,94,1,M,180,Karachi,Rain,0
3986,2026-03-31,225.2,29.7,35,2,H,180,Lahore,Clear,1
3987,2026-03-18,230.0,39.9,11,1,M,136,Islamabad,Clear,0
3988,2026-04-01,228.8,36.3,32,2,H,89,Lahore,Clear,0
3989,2026-03-24,224.8,35.7,14,0,L,151,Lahore,Clear,0
3990,2026-03-17,228.8,46.0,40,0,L,31,Karachi,Hot,0
3991,2026-03-26,235.5,70.8,13,2,H,66,Karachi,Rain,1
3992,2026-03-15,233.8,53.2,100,2,H,95,Islamabad,Clear,0
3993,2026-04-10,225.8,38.7,22,1,M,180,Karachi,Rain,1
3994,2026-03-25,231.8,64.7,11,2,H,20,Karachi,Humid,1
3995,2026-04-01,232.2,61.7,14,1,M,134,Lahore,Clear,1
3997,2026-03-27,228.2,46.0,45,0,L,70,Islamabad,Hot,0
3998,2026-03-31,225.8,32.1,25,0,L,61,Lahore,Rain,0
3999,2026-03-22,231.8,64.7,11,2,H,20,Islamabad,Clear,1
4000,2026-04-03,231.5,41.2,37,1,M,91,Lahore,Humid,0
4001,2026-04-02,232.5,61.1,10,2,H,101,Karachi,Rain,1
4002,2026-03-31,236.8,53.2,26,0,L,91,Lahore,Humid,1
4003,2026-03-16,229.5,39.3,35,0,L,132,Lahore,Hot,0
4004,2026-03-17,231.0,58.1,13,0,L,77,Karachi,Rain,1
4005,2026-03-17,234.8,62.3,11,0,L,77,Karachi,Rain,0
4006,2026-03-20,230.2,39.9,100,0,L,180,Islamabad,Hot,1
4007,2026-03-24,225.2,29.7,35,2,H,180,Islamabad,Hot,1
4008,2026-04-07,233.2,65.9,20,1,M,52,Karachi,Hot,0
4009,2026-04-05,230.5,50.2,19,2,H,180,Karachi,Clear,1
4010,2026-04-01,234.0,66.5,17,0,L,146,Karachi,Clear,1
4011,2026-04-01,236.2,64.7,25,0,L,180,Lahore,Rain,1
4012,2026-03-28,227.2,36.9,23,1,M,11,Lahore,Rain,0
4013,2026-03-30,229.5,53.2,28,1,M,49,Lahore,Rain,0
4014,2026-03-21,234.2,56.3,64,1,M,180,Karachi,Humid,0
4015,2026-03-15,235.2,68.4,45,2,H,49,Islamabad,Hot,0
4016,2026-03-31,232.2,52.6,34,0,L,85,Karachi,Rain,0
4017,2026-04-06,227.2,33.3,35,0,L,139,Lahore,Hot,0
4018,2026-04-08,229.8,39.3,66,0,L,130,Lahore,Clear,0
4019,2026-03-19,234.5,64.1,43,2,H,180,Karachi,Hot,1
4020,2026-04-10,225.2,30.3,38,1,M,94,Karachi,Humid,0
4021,2026-03-15,228.8,38.1,29,2,H,16,Lahore,Humid,0
4022,2026-04-04,237.8,70.2,100,1,M,26,Lahore,Hot,1
4023,2026-04-10,235.5,64.1,25,0,L,84,Lahore,Humid,0
4024,2026-03-31,230.0,53.2,80,0,L,5,Karachi,Humid,0
4025,2026-03-24,232.0,64.7,20,1,M,70,Lahore,Clear,0
4026,2026-03-26,232.5,61.1,16,0,L,41,Lahore,Rain,1
4027,2026-04-08,233.0,63.5,13,0,L,97,Islamabad,Humid,1
4028,2026-04-03,228.8,46.0,67,1,M,180,Karachi,Rain,1
4029,2026-04-08,235.5,70.8,13,2,H,66,Islamabad,Hot,1
4030,2026-03-16,237.0,65.9,70,1,M,23,Islamabad,Hot,0
4031,2026-04-06,233.2,64.1,13,1,M,111,Lahore,Humid,1
4032,2026-03-30,227.0,32.1,23,2,H,104,Karachi,Hot,0
4033,2026-03-29,228.2,46.0,22,0,L,153,Lahore,Clear,0
4034,2026-04-11,230.2,51.4,13,2,H,159,Karachi,Humid,1
4035,2026-03-27,229.0,38.7,35,0,L,139,Islamabad,Humid,0
4036,2026-04-01,232.0,60.5,17,0,L,85,Karachi,Humid,1
4037,2026-04-11,231.2,43.0,11,0,L,180,Lahore,Hot,1
4038,2026-04-03,226.2,36.9,22,1,M,19,Lahore,Hot,1
4039,2026-04-05,226.0,32.1,44,0,L,180,Lahore,Humid,0
4040,2026-03-28,229.2,45.4,19,1,M,32,Karachi,Rain,0
4041,2026-04-01,226.8,33.3,24,0,L,13,Islamabad,Hot,0
4042,2026-03-16,233.0,62.3,51,1,M,180,Islamabad,Hot,1
4043,2026-03-16,230.8,41.8,36,1,M,58,Karachi,Humid,0
4044,2026-03-17,233.2,59.9,100,0,L,31,Lahore,Rain,1
4045,2026-03-19,226.0,32.1,41,0,L,180,Islamabad,Humid,1
4046,2026-04-08,227.8,33.3,62,2,H,179,Lahore,Hot,0
4047,2026-03-30,233.5,60.5,20,0,L,180,Karachi,Humid,0
4048,2026-04-05,226.2,41.8,17,1,M,30,Lahore,Humid,1
4049,2026-03-29,228.0,45.4,25,1,M,74,Islamabad,Humid,0
4050,2026-03-26,231.8,56.9,34,0,L,180,Islamabad,Rain,0
4051,2026-04-13,231.2,62.9,13,0,L,53,Lahore,Humid,1
4052,2026-03-23,236.2,70.2,17,2,H,112,Karachi,Hot,1
4053,2026-04-09,229.5,50.2,28,0,L,35,Lahore,Humid,0
4054,2026-03-28,236.8,65.3,21,2,H,180,Karachi,Rain,1
4055,2026-04-12,229.2,34.5,41,2,H,135,Lahore,Clear,0
4056,2026-04-04,231.0,38.1,34,0,L,90,Islamabad,Rain,0
4057,2026-03-30,235.2,51.4,32,0,L,180,Karachi,Humid,1
4058,2026-03-25,236.2,70.2,17,2,H,112,Karachi,Clear,1
4059,2026-03-20,232.0,62.9,17,1,M,144,Karachi,Humid,1
4060,2026-03-24,232.8,64.7,10,2,H,25,Islamabad,Rain,1
4061,2026-04-11,228.5,41.8,100,0,L,143,Lahore,Clear,1
4062,2026-03-22,232.8,53.2,26,1,M,53,Islamabad,Clear,0
4063,2026-03-30,238.0,72.6,16,0,L,180,Karachi,Humid,1
4064,2026-03-17,228.8,36.3,33,0,L,99,Lahore,Humid,0
4065,2026-03-16,232.2,64.7,15,1,M,6,Islamabad,Rain,1
4066,2026-03-30,233.0,62.3,17,2,H,130,Karachi,Humid,1
4067,2026-04-02,229.8,52.6,19,2,H,7,Karachi,Clear,0
4068,2026-04-13,235.2,51.4,17,0,L,180,Islamabad,Hot,1
4069,2026-03-23,231.5,52.0,45,0,L,180,Islamabad,Hot,1
4070,2026-03-30,233.0,62.3,32,1,M,180,Islamabad,Rain,0
4071,2026-04-05,237.5,71.4,64,0,L,180,Karachi,Humid,0
4072,2026-04-09,230.8,47.2,26,1,M,169,Islamabad,Rain,0
4073,2026-04-11,229.0,32.7,30,1,M,88,Karachi,Hot,0
4074,2026-03-18,232.0,51.4,27,1,M,14,Islamabad,Hot,0
4075,2026-03-24,229.5,33.9,51,1,M,65,Karachi,Humid,0
4076,2026-04-02,230.2,60.5,10,2,H,147,Karachi,Clear,1
4077,2026-03-27,230.2,60.5,10,2,H,147,Lahore,Humid,1
4078,2026-04-01,222.2,24.2,19,1,M,124,Islamabad,Hot,0
4079,2026-03-29,231.8,60.5,10,1,M,79,Islamabad,Clear,1
4080,2026-04-13,226.5,33.3,100,0,L,127,Karachi,Rain,1
4081,2026-03-18,227.0,32.7,27,2,H,63,Karachi,Hot,0
4082,2026-03-23,232.2,49.0,61,0,L,97,Karachi,Rain,0
4083,2026-03-18,225.5,31.5,13,0,L,172,Lahore,Clear,1
4084,2026-04-12,232.8,64.7,10,2,H,25,Lahore,Rain,1
4085,2026-03-30,232.2,58.1,49,1,M,40,Karachi,Hot,0
4086,2026-04-11,236.5,65.3,10,1,M,180,Islamabad,Humid,1
4087,2026-04-04,227.0,43.0,47,0,L,69,Islamabad,Rain,0
4088,2026-03-29,233.5,51.4,10,1,M,180,Lahore,Hot,1
4089,2026-04-07,229.2,52.0,18,2,H,180,Lahore,Hot,1
4090,2026-03-16,231.2,63.5,13,0,L,148,Karachi,Clear,1
4091,2026-04-11,232.2,58.7,54,0,L,71,Islamabad,Hot,0
4092,2026-04-10,238.8,72.6,10,2,H,161,Karachi,Humid,1
4093,2026-03-28,235.0,69.0,16,1,M,180,Lahore,Humid,1
4094,2026-03-17,230.2,60.5,10,2,H,147,Islamabad,Rain,1
4095,2026-04-05,228.2,37.5,36,2,H,36,Islamabad,Rain,0
4096,2026-04-11,231.8,64.7,11,2,H,20,Lahore,Rain,1
4097,2026-04-06,236.8,69.6,10,0,L,94,Karachi,Rain,1
4098,2026-03-18,232.2,54.5,29,0,L,180,Karachi,Humid,1
4099,2026-04-13,236.2,54.5,58,0,L,138,Islamabad,Clear,0
4100,2026-03-15,227.2,33.3,28,2,H,14,Lahore,Rain,0
4101,2026-04-06,233.5,52.6,100,0,L,170,Islamabad,Clear,1
4102,2026-04-11,229.0,49.0,25,2,H,163,Lahore,Hot,0
4103,2026-03-23,230.0,41.2,24,1,M,81,Karachi,Hot,0
4104,2026-03-31,228.5,36.9,23,2,H,49,Lahore,Rain,0
4105,2026-03-28,231.8,59.9,17,0,L,153,Karachi,Hot,1
4106,2026-03-31,233.5,46.6,49,0,L,148,Lahore,Clear,0
4107,2026-03-15,232.2,43.0,40,0,L,144,Islamabad,Clear,0
4108,2026-03-24,228.2,44.2,31,2,H,70,Karachi,Hot,0
4109,2026-04-06,230.5,41.2,24,2,H,40,Islamabad,Rain,1
4110,2026-03-30,228.0,34.5,33,1,M,84,Islamabad,Clear,0
4111,2026-04-10,232.8,60.5,18,0,L,180,Karachi,Clear,1
4112,2026-04-08,232.5,52.0,14,1,M,0,Karachi,Humid,0
4113,2026-04-02,228.8,50.2,45,0,L,50,Islamabad,Rain,0
4114,2026-04-07,232.5,59.3,22,1,M,88,Islamabad,Humid,0
4115,2026-04-08,230.5,50.8,100,2,H,81,Islamabad,Hot,1
4116,2026-03-17,233.2,56.3,34,0,L,80,Islamabad,Hot,0
4117,2026-04-11,231.0,58.1,16,0,L,70,Karachi,Humid,1
4118,2026-03-26,233.8,62.3,20,0,L,118,Karachi,Rain,0
4119,2026-03-17,230.2,51.4,13,2,H,159,Islamabad,Clear,1
4120,2026-03-29,230.5,51.4,20,2,H,180,Lahore,Hot,1
4121,2026-03-31,236.2,65.9,27,0,L,180,Lahore,Rain,0
4122,2026-04-01,231.8,64.1,16,0,L,67,Karachi,Rain,1
4123,2026-03-21,232.5,61.1,10,2,H,101,Islamabad,Hot,1
4124,2026-04-02,232.5,61.1,10,2,H,101,Islamabad,Hot,1
4125,2026-03-21,233.8,66.5,14,0,L,174,Karachi,Rain,1
4126,2026-03-19,226.8,37.5,19,2,H,98,Lahore,Clear,0
4127,2026-04-09,232.0,59.3,28,2,H,141,Lahore,Humid,0
4128,2026-03-22,220.0,20.0,28,0,L,180,Lahore,Hot,0
4129,2026-04-04,231.8,63.5,15,0,L,180,Karachi,Humid,1
4130,2026-03-30,229.0,32.7,58,1,M,91,Lahore,Rain,0
4131,2026-03-30,231.5,42.4,38,0,L,83,Karachi,Humid,0
4132,2026-04-02,235.5,62.9,22,1,M,180,Karachi,Clear,0
4133,2026-04-08,232.2,61.7,16,1,M,126,Islamabad,Rain,1
4134,2026-03-29,232.5,61.1,10,2,H,101,Lahore,Clear,1
4135,2026-03-21,236.2,66.5,43,2,H,117,Karachi,Rain,0
4136,2026-03-19,233.8,65.9,13,1,M,180,Lahore,Clear,1
4137,2026-04-06,230.5,41.2,24,2,H,40,Lahore,Rain,1
4138,2026-03-25,235.2,70.2,22,1,M,101,Islamabad,Clear,1
4139,2026-03-24,232.8,64.7,10,2,H,25,Lahore,Rain,1
4140,2026-04-08,229.0,46.6,20,1,M,180,Islamabad,Clear,1
4141,2026-04-04,230.2,41.8,75,1,M,105,Karachi,Rain,0
4142,2026-04-06,233.0,63.5,16,2,H,101,Lahore,Clear,1
4143,2026-04-10,235.5,69.0,10,0,L,59,Karachi,Hot,1
4144,2026-03-23,235.5,70.8,13,2,H,66,Lahore,Humid,1
4145,2026-03-15,225.2,35.1,56,0,L,128,Karachi,Rain,0
4146,2026-04-03,232.5,64.7,78,0,L,21,Lahore,Clear,0
4147,2026-03-15,235.2,69.0,17,0,L,180,Lahore,Hot,1
4148,2026-03-22,229.8,40.5,30,0,L,180,Lahore,Rain,0
4149,2026-03-17,234.8,64.7,100,1,M,2,Lahore,Rain,1
4150,2026-03-16,232.2,58.1,11,1,M,75,Lahore,Rain,1
4151,2026-04-13,230.2,51.4,13,2,H,159,Lahore,Humid,1
4152,2026-03-18,238.8,72.0,22,1,M,180,Lahore,Clear,1
4153,2026-04-10,230.0,54.5,27,0,L,141,Lahore,Clear,0
4154,2026-04-02,232.8,64.7,10,2,H,25,Lahore,Rain,1
4155,2026-03-25,233.5,52.0,25,2,H,28,Karachi,Rain,0
4156,2026-03-19,232.5,61.1,17,1,M,180,Islamabad,Rain,1
4157,2026-04-12,230.5,51.4,20,2,H,180,Lahore,Hot,1
4158,2026-04-07,230.2,41.8,19,1,M,180,Islamabad,Rain,0
4159,2026-03-24,232.8,64.7,10,2,H,25,Lahore,Humid,1
4160,2026-04-07,225.8,38.1,100,0,L,57,Lahore,Clear,1
4161,2026-04-10,230.5,51.4,20,2,H,180,Karachi,Humid,1
4162,2026-04-06,227.8,43.0,12,0,L,20,Karachi,Rain,1
4163,2026-03-22,232.8,53.2,37,0,L,31,Islamabad,Hot,0
4164,2026-03-27,229.2,52.0,18,2,H,180,Karachi,Rain,1
4165,2026-04-12,230.8,61.1,16,1,M,6,Karachi,Rain,1
4166,2026-03-19,225.0,27.9,19,2,H,100,Islamabad,Rain,1
4167,2026-04-09,221.2,21.8,13,2,H,135,Karachi,Rain,0
4168,2026-04-09,234.5,64.1,43,2,H,180,Lahore,Rain,1
4169,2026-04-10,231.0,42.4,68,0,L,13,Islamabad,Clear,0
4170,2026-03-26,232.2,56.9,43,1,M,2,Islamabad,Humid,0
4171,2026-04-10,231.8,64.1,17,0,L,80,Lahore,Hot,1
4172,2026-03-27,221.2,21.8,28,1,M,40,Karachi,Rain,0
4173,2026-04-05,228.8,47.8,36,0,L,180,Islamabad,Hot,0
4174,2026-03-22,224.8,29.7,25,0,L,122,Islamabad,Clear,0
4175,2026-03-29,233.0,62.3,17,2,H,130,Lahore,Humid,1
4176,2026-03-27,233.5,53.2,50,2,H,156,Lahore,Rain,0
4177,2026-03-15,235.5,52.6,20,0,L,180,Karachi,Clear,1
4178,2026-04-05,225.0,27.9,19,2,H,100,Islamabad,Clear,1
4179,2026-03-20,233.5,51.4,10,1,M,180,Karachi,Humid,1
4180,2026-03-25,228.0,34.5,37,0,L,12,Karachi,Rain,0
4181,2026-03-27,238.8,72.0,22,1,M,180,Lahore,Humid,1
4182,2026-04-04,235.5,69.6,14,0,L,93,Islamabad,Humid,1
4183,2026-04-03,233.0,63.5,16,2,H,101,Islamabad,Hot,1
4184,2026-03-15,227.2,41.8,37,1,M,128,Islamabad,Hot,0
4185,2026-03-25,235.5,52.0,43,1,M,0,Lahore,Humid,0
4186,2026-04-09,225.0,27.9,19,2,H,100,Lahore,Hot,1
4187,2026-03-25,234.5,68.4,17,1,M,60,Lahore,Clear,1
4188,2026-03-22,234.2,64.1,56,1,M,151,Lahore,Humid,0
4189,2026-04-05,232.8,64.7,10,2,H,25,Lahore,Rain,1
4190,2026-03-17,229.8,41.8,40,2,H,175,Islamabad,Rain,0
4191,2026-04-11,231.5,59.3,28,0,L,63,Karachi,Clear,0
4192,2026-04-02,236.5,65.3,10,1,M,180,Islamabad,Rain,1
4193,2026-03-26,239.5,74.4,39,0,L,17,Karachi,Rain,0
4194,2026-03-20,236.2,70.2,17,2,H,112,Lahore,Humid,1
4195,2026-04-11,236.2,54.5,100,1,M,143,Karachi,Clear,1
4196,2026-04-06,226.8,43.6,23,0,L,28,Islamabad,Humid,0
4197,2026-03-22,232.0,62.9,17,1,M,144,Islamabad,Clear,1
4198,2026-03-19,227.0,34.5,17,0,L,180,Karachi,Humid,1
4199,2026-03-24,226.5,29.7,28,2,H,177,Lahore,Humid,0
4200,2026-04-05,227.2,41.2,40,1,M,52,Lahore,Hot,0
4201,2026-03-30,227.8,43.0,12,0,L,20,Islamabad,Rain,1
4202,2026-03-26,233.2,58.7,82,2,H,180,Karachi,Clear,0
4203,2026-03-31,231.0,61.7,37,1,M,17,Lahore,Rain,0
4204,2026-03-20,232.2,43.0,59,2,H,168,Lahore,Hot,0
4205,2026-03-23,227.0,41.2,51,1,M,140,Islamabad,Clear,0
4206,2026-03-24,234.5,63.5,48,0,L,49,Lahore,Hot,0
4207,2026-04-03,228.0,38.1,18,0,L,91,Karachi,Rain,0
4208,2026-03-28,229.2,52.0,18,2,H,180,Islamabad,Humid,1
4209,2026-03-28,228.2,35.1,20,0,L,0,Islamabad,Hot,1
4210,2026-04-09,228.0,43.6,17,0,L,175,Karachi,Hot,0
4211,2026-04-12,228.2,41.8,21,0,L,180,Islamabad,Humid,1
4212,2026-03-31,233.5,47.2,10,0,L,165,Lahore,Rain,0
4213,2026-04-13,227.2,32.7,43,0,L,159,Lahore,Hot,0
4214,2026-04-10,231.2,55.1,65,1,M,44,Karachi,Rain,0
4215,2026-04-08,228.5,44.2,35,2,H,120,Lahore,Humid,0
4216,2026-03-30,235.2,52.6,14,0,L,180,Karachi,Clear,1
4217,2026-03-18,233.0,54.5,71,2,H,42,Karachi,Hot,0
4218,2026-03-16,228.8,50.8,33,1,M,180,Lahore,Rain,0
4219,2026-03-30,229.5,50.2,24,2,H,59,Karachi,Humid,0
4220,2026-03-15,231.2,55.1,46,0,L,52,Lahore,Humid,0
4221,2026-03-17,231.8,63.5,15,0,L,180,Islamabad,Hot,1
4222,2026-04-06,232.8,56.9,23,0,L,21,Islamabad,Clear,0
4223,2026-03-25,224.2,35.7,40,2,H,180,Karachi,Hot,1
4224,2026-03-30,232.5,56.9,42,1,M,101,Lahore,Rain,0
4225,2026-04-09,226.2,43.0,12,0,L,36,Lahore,Humid,0
4226,2026-04-01,233.8,50.2,18,1,M,136,Islamabad,Clear,1
4227,2026-03-29,231.8,64.7,11,2,H,20,Islamabad,Rain,1
4228,2026-03-23,229.2,52.0,18,2,H,180,Lahore,Hot,1
4229,2026-03-26,232.5,53.8,19,0,L,97,Karachi,Humid,0
4230,2026-04-12,230.8,43.0,17,0,L,180,Islamabad,Hot,1
4231,2026-04-10,225.0,27.9,19,2,H,100,Karachi,Clear,1
4232,2026-04-01,233.2,50.8,40,1,M,15,Karachi,Clear,0
4233,2026-03-19,223.8,26.0,12,1,M,24,Islamabad,Clear,1
4234,2026-04-07,233.8,53.8,32,2,H,90,Karachi,Clear,0
4235,2026-04-12,233.0,62.3,17,2,H,130,Karachi,Clear,1
4236,2026-04-12,229.2,52.0,17,1,M,45,Lahore,Hot,1
4237,2026-04-11,226.0,36.3,24,2,H,37,Karachi,Clear,0
4238,2026-04-09,234.2,61.7,34,1,M,24,Lahore,Clear,0
4239,2026-03-22,235.5,52.0,17,0,L,180,Islamabad,Humid,1
4240,2026-03-17,230.0,53.2,32,1,M,16,Islamabad,Clear,0
4241,2026-03-16,226.0,32.1,28,2,H,2,Lahore,Humid,0
4242,2026-04-08,225.8,32.1,19,2,H,180,Islamabad,Humid,0
4243,2026-04-02,234.5,64.1,43,2,H,180,Karachi,Humid,1
4244,2026-03-22,230.5,41.2,24,2,H,40,Karachi,Hot,1
4245,2026-03-16,234.0,66.5,13,1,M,164,Karachi,Hot,1
4246,2026-04-02,230.5,59.9,17,0,L,180,Islamabad,Rain,1
4247,2026-03-15,234.2,48.4,44,2,H,155,Karachi,Rain,0
4248,2026-04-13,226.8,43.6,34,1,M,98,Islamabad,Humid,0
4249,2026-04-10,230.2,40.5,23,1,M,71,Karachi,Hot,0
4250,2026-04-05,229.2,52.0,17,1,M,45,Lahore,Clear,1
4251,2026-03-27,227.0,43.6,18,0,L,180,Islamabad,Rain,1
4252,2026-04-06,232.8,58.1,22,0,L,46,Islamabad,Hot,0
4253,2026-04-03,231.8,57.5,29,1,M,144,Karachi,Clear,0
4254,2026-03-31,224.8,37.5,26,2,H,180,Islamabad,Clear,0
4255,2026-03-17,230.5,39.9,43,0,L,2,Islamabad,Hot,0
4256,2026-03-23,233.2,52.6,23,0,L,119,Lahore,Rain,0
4257,2026-03-19,234.8,55.7,26,0,L,180,Lahore,Hot,1
4258,2026-03-20,228.8,50.2,20,0,L,180,Karachi,Rain,0
4259,2026-03-18,233.2,61.1,15,1,M,180,Lahore,Humid,1
4260,2026-03-31,230.5,58.7,25,1,M,86,Karachi,Hot,0
4261,2026-04-13,231.0,56.9,42,2,H,39,Karachi,Hot,0
4262,2026-04-04,229.8,41.2,19,1,M,39,Karachi,Rain,0
4263,2026-04-04,226.5,32.7,28,0,L,180,Islamabad,Rain,1
4264,2026-04-04,232.5,57.5,14,1,M,0,Lahore,Hot,1
4265,2026-03-30,232.0,51.4,20,2,H,24,Karachi,Clear,0
4266,2026-03-30,228.5,37.5,37,0,L,166,Lahore,Clear,0
4267,2026-04-05,237.2,69.0,100,1,M,65,Karachi,Clear,1
4268,2026-03-25,238.8,72.6,10,2,H,161,Lahore,Humid,1
4269,2026-03-16,229.5,42.4,66,0,L,73,Lahore,Humid,0
4270,2026-03-31,233.5,64.7,10,1,M,125,Karachi,Rain,1
4271,2026-03-29,226.0,37.5,33,0,L,154,Islamabad,Humid,0
4272,2026-04-01,230.2,51.4,13,2,H,159,Lahore,Clear,1
4274,2026-04-12,233.8,50.2,58,1,M,139,Islamabad,Humid,0
4275,2026-03-24,232.8,64.7,10,2,H,25,Karachi,Humid,1
4276,2026-03-20,235.8,63.5,18,0,L,180,Karachi,Clear,0
4277,2026-04-04,236.8,65.9,18,0,L,160,Karachi,Humid,0
4278,2026-03-30,229.5,48.4,58,2,H,70,Lahore,Rain,0
4279,2026-03-19,231.8,42.4,17,0,L,180,Karachi,Hot,1
4280,2026-03-26,232.8,53.8,32,1,M,73,Karachi,Clear,0
4281,2026-04-11,233.8,58.7,44,2,H,161,Lahore,Rain,0
4282,2026-03-20,233.2,62.9,100,0,L,180,Lahore,Clear,0
4283,2026-03-28,228.8,46.6,49,2,H,180,Karachi,Rain,0
4284,2026-04-09,229.5,48.4,44,0,L,35,Karachi,Hot,0
4285,2026-04-06,231.2,52.6,16,2,H,180,Karachi,Hot,1
4286,2026-03-30,237.5,70.2,20,2,H,57,Karachi,Rain,0
4287,2026-04-08,232.2,58.7,68,1,M,99,Islamabad,Rain,0
4288,2026-03-21,227.0,32.7,27,2,H,63,Islamabad,Rain,0
4289,2026-03-16,226.5,32.7,28,0,L,180,Karachi,Rain,1
4290,2026-03-20,235.5,63.5,40,2,H,112,Islamabad,Rain,0
4291,2026-03-23,237.8,66.5,45,1,M,104,Lahore,Rain,0
4292,2026-03-21,233.8,61.1,35,0,L,177,Islamabad,Hot,0
4293,2026-03-16,231.2,52.6,16,2,H,180,Islamabad,Rain,1
4294,2026-04-02,227.5,35.7,34,2,H,120,Karachi,Humid,0
4295,2026-03-22,233.0,65.3,11,0,L,40,Islamabad,Hot,1
4296,2026-03-25,231.2,52.6,16,2,H,180,Islamabad,Clear,1
4297,2026-04-08,238.8,72.6,10,2,H,161,Islamabad,Hot,1
4298,2026-03-18,236.8,70.8,20,0,L,119,Islamabad,Clear,0
4299,2026-03-30,229.8,50.8,16,0,L,64,Lahore,Clear,0
4300,2026-04-08,230.2,40.5,30,1,M,48,Karachi,Humid,0
4301,2026-04-01,233.2,56.9,43,0,L,155,Karachi,Rain,0
4302,2026-03-27,231.8,52.6,22,0,L,180,Lahore,Rain,1
4303,2026-04-10,230.5,51.4,20,2,H,180,Islamabad,Hot,1
4304,2026-03-19,231.2,47.8,10,0,L,62,Lahore,Rain,1
4305,2026-04-10,234.8,64.7,100,1,M,2,Islamabad,Humid,1
4306,2026-03-16,233.0,62.3,16,1,M,67,Lahore,Hot,1
4307,2026-03-25,225.8,38.1,100,0,L,57,Karachi,Hot,1
4308,2026-03-15,226.0,33.3,13,1,M,151,Karachi,Hot,1
4309,2026-03-27,232.8,64.7,10,2,H,25,Karachi,Rain,1
4310,2026-04-13,220.2,20.6,20,0,L,180,Islamabad,Rain,0
4311,2026-03-19,230.5,41.2,24,2,H,40,Islamabad,Rain,1
4312,2026-04-01,227.2,44.8,22,0,L,175,Lahore,Hot,0
4313,2026-03-28,229.2,39.3,16,0,L,180,Lahore,Hot,1
4314,2026-03-27,233.8,46.6,64,0,L,180,Karachi,Clear,0
4315,2026-03-21,226.2,41.8,13,1,M,11,Islamabad,Clear,0
4316,2026-03-22,226.8,32.7,32,1,M,18,Lahore,Rain,0
4317,2026-04-01,233.2,52.6,77,0,L,109,Islamabad,Hot,0
4318,2026-03-21,226.8,44.2,34,1,M,180,Islamabad,Rain,1
4319,2026-04-03,228.0,41.2,25,0,L,180,Karachi,Rain,1
4320,2026-03-31,238.5,71.4,100,0,L,5,Karachi,Clear,1
4321,2026-03-30,233.2,56.9,23,1,M,13,Islamabad,Humid,0
4322,2026-03-25,233.2,61.1,15,1,M,180,Islamabad,Rain,1
4323,2026-04-02,230.2,51.4,13,2,H,159,Islamabad,Humid,1
4324,2026-04-10,231.2,41.2,26,0,L,105,Islamabad,Humid,0
4325,2026-04-11,234.2,62.3,13,0,L,180,Karachi,Hot,1
4326,2026-03-15,227.0,41.2,51,1,M,140,Lahore,Hot,0
4327,2026-04-04,227.2,36.3,32,2,H,160,Karachi,Rain,0
4328,2026-04-12,224.8,35.7,29,2,H,161,Lahore,Clear,0
4329,2026-03-22,230.2,52.0,25,1,M,12,Islamabad,Clear,0
4330,2026-03-15,234.5,64.1,43,2,H,180,Lahore,Rain,1
4331,2026-04-13,231.8,60.5,10,1,M,79,Karachi,Rain,1
4332,2026-03-23,234.2,50.2,12,0,L,13,Karachi,Clear,0
4333,2026-04-02,228.8,46.0,45,1,M,92,Islamabad,Humid,0
4334,2026-04-04,234.2,69.0,11,1,M,44,Karachi,Rain,1
4335,2026-03-23,235.2,62.3,17,0,L,180,Islamabad,Humid,1
4336,2026-04-04,229.2,52.0,18,2,H,180,Karachi,Rain,1
4337,2026-04-08,229.2,52.0,18,2,H,180,Karachi,Rain,1
4338,2026-03-24,235.2,70.2,22,1,M,101,Islamabad,Humid,1
4339,2026-04-07,226.2,39.9,29,1,M,43,Lahore,Humid,0
4340,2026-04-06,232.2,64.7,15,1,M,6,Karachi,Clear,1
4341,2026-03-25,233.2,50.8,40,1,M,15,Lahore,Rain,0
4342,2026-03-15,235.8,63.5,23,1,M,180,Karachi,Hot,0
4343,2026-04-03,232.2,57.5,31,2,H,143,Karachi,Hot,0
4344,2026-04-08,229.2,53.2,14,1,M,113,Karachi,Rain,1
4345,2026-04-09,227.2,32.1,23,1,M,160,Karachi,Rain,0
4346,2026-03-22,234.2,49.0,16,0,L,149,Lahore,Rain,0
4347,2026-04-03,231.2,50.8,47,1,M,180,Lahore,Humid,1
4348,2026-03-26,232.0,51.4,20,2,H,24,Karachi,Hot,0
4349,2026-03-15,227.0,38.7,63,2,H,153,Karachi,Hot,0
4350,2026-03-24,226.0,32.1,41,0,L,180,Lahore,Hot,1
4351,2026-03-18,227.0,33.9,16,1,M,77,Islamabad,Rain,0
4352,2026-03-29,231.2,41.2,46,2,H,180,Islamabad,Humid,0
4353,2026-04-02,231.2,52.6,16,2,H,180,Lahore,Rain,1
4354,2026-03-20,236.8,64.7,28,0,L,180,Karachi,Clear,1
4355,2026-04-10,233.5,66.5,17,1,M,117,Karachi,Clear,1
4356,2026-03-19,237.5,70.8,16,0,L,180,Islamabad,Hot,1
4357,2026-03-19,235.0,53.2,48,0,L,180,Islamabad,Rain,0
4358,2026-04-01,229.2,52.0,18,2,H,180,Lahore,Clear,1
4359,2026-04-11,227.5,43.6,13,0,L,171,Islamabad,Clear,0
4360,2026-03-17,233.8,67.7,24,0,L,30,Lahore,Rain,0
4361,2026-04-10,227.5,38.7,38,1,M,117,Islamabad,Humid,0
4362,2026-04-05,229.5,51.4,34,0,L,108,Islamabad,Rain,0
4363,2026-03-16,227.8,32.7,13,1,M,180,Islamabad,Rain,1
4364,2026-03-18,234.8,49.6,29,2,H,60,Karachi,Humid,0
4365,2026-04-01,235.2,69.0,20,0,L,180,Karachi,Hot,1
4366,2026-03-23,232.5,50.8,46,2,H,127,Karachi,Hot,0
4367,2026-04-02,236.2,66.5,10,1,M,122,Islamabad,Hot,1
4368,2026-04-09,231.8,55.1,11,0,L,49,Lahore,Humid,1
4369,2026-03-24,229.8,47.8,16,1,M,20,Lahore,Clear,0
4370,2026-04-05,233.0,62.3,17,2,H,130,Lahore,Humid,1
4371,2026-03-29,228.2,33.9,53,2,H,41,Lahore,Rain,0
4372,2026-03-15,230.5,50.8,100,2,H,81,Karachi,Humid,1
4373,2026-04-12,235.0,62.3,22,1,M,93,Karachi,Clear,0
4374,2026-03-25,230.8,41.2,33,2,H,53,Islamabad,Clear,0
4375,2026-03-28,229.0,49.0,25,2,H,163,Islamabad,Rain,0
4376,2026-03-24,226.2,41.8,17,1,M,30,Lahore,Hot,1
4377,2026-04-02,234.5,64.1,43,2,H,180,Karachi,Clear,1
4378,2026-04-07,227.8,41.8,42,2,H,75,Lahore,Clear,0
4379,2026-04-04,230.5,51.4,20,2,H,180,Islamabad,Clear,1
4380,2026-03-30,231.5,59.3,47,1,M,19,Islamabad,Rain,0
4381,2026-03-22,226.2,41.2,25,2,H,14,Lahore,Clear,0
4382,2026-03-16,226.8,32.7,24,1,M,116,Islamabad,Hot,0
4383,2026-04-06,232.8,55.7,26,0,L,47,Lahore,Rain,0
4384,2026-04-08,230.8,39.9,13,0,L,42,Karachi,Hot,0
4385,2026-03-21,233.8,60.5,10,0,L,180,Lahore,Clear,1
4386,2026-04-02,238.8,72.6,10,2,H,161,Karachi,Clear,1
4387,2026-03-21,229.8,52.6,28,1,M,87,Karachi,Hot,0
4388,2026-03-29,227.5,32.7,38,1,M,161,Islamabad,Rain,0
4389,2026-03-22,230.0,40.5,19,0,L,99,Islamabad,Rain,0
4390,2026-03-28,225.2,37.5,33,0,L,180,Islamabad,Hot,0
4391,2026-03-15,226.0,31.5,23,0,L,180,Lahore,Clear,1
4392,2026-04-12,233.5,61.1,22,1,M,80,Lahore,Humid,0
4393,2026-03-27,231.5,47.8,34,2,H,154,Islamabad,Hot,0
4394,2026-03-17,226.2,36.3,19,1,M,180,Lahore,Hot,0
4395,2026-04-04,225.2,30.3,11,0,L,180,Islamabad,Hot,1
4396,2026-04-11,227.5,38.7,14,2,H,130,Lahore,Clear,0
4397,2026-03-20,232.5,61.1,10,2,H,101,Karachi,Rain,1
4398,2026-04-02,228.0,38.1,16,1,M,5,Karachi,Clear,0
4399,2026-03-29,231.8,47.8,30,0,L,150,Islamabad,Hot,0
4400,2026-03-18,228.8,46.0,67,1,M,180,Lahore,Clear,1
4401,2026-04-04,235.2,70.2,22,1,M,101,Lahore,Clear,1
4402,2026-03-17,232.0,53.2,36,2,H,180,Karachi,Hot,0
4403,2026-03-18,226.2,36.9,28,0,L,17,Karachi,Clear,0
4404,2026-03-19,233.8,50.2,18,1,M,136,Islamabad,Humid,1
4405,2026-04-01,237.2,69.0,100,1,M,65,Karachi,Clear,1
4406,2026-04-09,231.2,50.8,47,1,M,180,Islamabad,Clear,1
4407,2026-04-08,231.5,42.4,10,1,M,111,Karachi,Rain,1
4408,2026-03-24,232.5,61.1,10,2,H,101,Karachi,Rain,1
4409,2026-03-22,231.5,47.8,34,2,H,154,Lahore,Hot,0
4410,2026-03-26,231.2,47.8,10,0,L,62,Karachi,Hot,1
4411,2026-04-05,228.2,43.6,31,0,L,180,Karachi,Rain,1
4412,2026-04-09,227.0,40.5,26,0,L,106,Islamabad,Humid,0
4413,2026-04-10,238.8,72.6,10,2,H,161,Karachi,Clear,1
4414,2026-03-17,231.8,64.7,11,2,H,20,Islamabad,Humid,1
4415,2026-04-10,232.2,43.6,23,2,H,153,Karachi,Humid,0
4416,2026-04-01,238.8,72.6,10,2,H,161,Karachi,Rain,1
4417,2026-04-06,232.2,61.7,16,1,M,126,Islamabad,Hot,1
4418,2026-03-22,230.2,51.4,13,2,H,159,Lahore,Clear,1
4419,2026-04-09,230.2,41.2,29,0,L,74,Islamabad,Hot,0
4420,2026-03-15,229.2,52.0,18,2,H,180,Islamabad,Humid,1
4421,2026-03-28,231.2,58.7,27,0,L,8,Islamabad,Humid,0
4422,2026-04-05,225.0,35.7,29,0,L,59,Lahore,Hot,0
4423,2026-04-06,228.5,38.1,43,1,M,0,Karachi,Hot,0
4424,2026-03-27,225.2,29.7,35,2,H,180,Islamabad,Rain,1
4425,2026-04-08,235.5,50.8,24,2,H,41,Islamabad,Hot,0
4426,2026-03-26,231.2,43.0,11,0,L,180,Lahore,Hot,1
4427,2026-03-17,238.0,69.6,10,0,L,113,Islamabad,Rain,0
4428,2026-04-01,233.2,64.1,17,0,L,93,Karachi,Hot,1
4429,2026-04-04,231.2,52.6,16,2,H,180,Lahore,Humid,1
4430,2026-03-27,237.2,69.0,100,1,M,65,Karachi,Hot,1
4431,2026-03-29,234.8,64.1,10,1,M,180,Karachi,Clear,1
4432,2026-03-24,225.5,28.5,22,2,H,133,Lahore,Humid,0
4433,2026-03-15,230.8,52.0,10,1,M,87,Islamabad,Rain,0
4434,2026-04-12,235.0,52.0,30,2,H,17,Karachi,Humid,0
4435,2026-03-20,228.5,32.7,26,1,M,180,Karachi,Rain,0
4436,2026-03-23,236.5,65.3,10,1,M,180,Karachi,Clear,1
4437,2026-03-24,226.8,32.7,17,0,L,180,Karachi,Clear,1
4438,2026-03-29,235.0,69.0,10,0,L,51,Lahore,Humid,1
4439,2026-03-23,230.0,52.6,32,1,M,73,Lahore,Hot,0
4440,2026-04-06,231.0,59.3,100,1,M,180,Karachi,Humid,1
4441,2026-03-28,229.0,48.4,68,0,L,120,Islamabad,Humid,0
4442,2026-03-25,227.5,41.8,16,2,H,79,Karachi,Clear,0
4443,2026-03-21,235.2,69.0,14,1,M,180,Islamabad,Rain,1
4444,2026-04-07,229.8,48.4,43,2,H,89,Karachi,Humid,0
4445,2026-04-09,231.2,47.8,10,0,L,62,Islamabad,Hot,1
4446,2026-04-13,231.8,64.7,11,2,H,20,Karachi,Clear,1
4447,2026-03-16,232.5,53.2,73,1,M,36,Islamabad,Humid,0
4448,2026-03-28,234.8,50.8,20,1,M,79,Karachi,Humid,0
4449,2026-03-20,228.2,38.1,27,2,H,10,Karachi,Hot,0
4450,2026-03-19,232.2,64.7,15,1,M,6,Islamabad,Humid,1
4451,2026-03-19,229.8,52.6,80,1,M,180,Lahore,Humid,1
4452,2026-04-12,225.0,27.9,19,2,H,100,Islamabad,Humid,1
4453,2026-04-02,233.8,66.5,30,2,H,152,Lahore,Humid,0
4454,2026-04-02,227.5,32.7,28,1,M,117,Karachi,Hot,0
4455,2026-03-20,227.5,32.1,46,1,M,21,Islamabad,Humid,0
4456,2026-04-11,231.0,47.8,16,1,M,179,Islamabad,Humid,0
4457,2026-04-09,231.0,62.3,16,0,L,36,Islamabad,Humid,1
4458,2026-04-12,232.0,60.5,61,2,H,138,Lahore,Clear,0
4459,2026-03-24,234.5,68.4,17,1,M,60,Lahore,Hot,1
4460,2026-04-06,231.0,55.1,47,0,L,40,Karachi,Clear,0
4461,2026-03-28,224.8,36.3,59,1,M,119,Lahore,Clear,0
4462,2026-03-31,229.8,52.6,32,1,M,71,Lahore,Hot,0
4463,2026-04-13,233.2,49.6,10,0,L,149,Karachi,Clear,1
4464,2026-03-17,227.8,32.7,42,0,L,180,Islamabad,Clear,0
4465,2026-04-11,232.8,55.7,28,0,L,139,Islamabad,Clear,0
4466,2026-03-15,225.8,36.3,41,0,L,15,Karachi,Hot,0
4467,2026-03-24,230.2,51.4,13,2,H,159,Islamabad,Humid,1
4468,2026-03-17,224.2,35.7,40,2,H,180,Lahore,Rain,1
4469,2026-03-19,225.5,37.5,57,0,L,180,Karachi,Rain,0
4470,2026-04-08,224.8,35.7,14,0,L,151,Karachi,Hot,0
4471,2026-04-02,232.2,43.0,59,2,H,168,Karachi,Rain,0
4472,2026-03-24,226.5,36.3,16,0,L,180,Islamabad,Hot,1
4473,2026-04-13,229.2,43.0,61,2,H,77,Karachi,Hot,0
4474,2026-04-09,232.5,61.1,11,0,L,8,Karachi,Rain,1
4475,2026-04-08,231.5,63.5,13,0,L,55,Karachi,Clear,1
4476,2026-03-30,228.5,41.8,100,0,L,143,Islamabad,Humid,1
4477,2026-03-15,226.8,32.7,29,2,H,150,Lahore,Rain,0
4478,2026-03-20,230.2,60.5,10,2,H,147,Karachi,Rain,1
4479,2026-03-23,232.5,56.9,17,1,M,92,Lahore,Rain,1
4480,2026-04-11,228.2,34.5,33,1,M,38,Islamabad,Rain,0
4481,2026-03-19,232.5,57.5,55,1,M,61,Islamabad,Hot,0
4482,2026-04-10,228.2,35.1,20,0,L,0,Islamabad,Hot,1
4483,2026-03-28,235.8,62.9,36,0,L,10,Islamabad,Humid,0
4484,2026-03-24,232.5,53.2,25,1,M,139,Lahore,Humid,0
4485,2026-03-16,222.2,23.0,31,0,L,99,Karachi,Rain,0
4486,2026-03-19,228.0,43.6,32,0,L,177,Islamabad,Rain,0
4487,2026-03-15,229.0,47.8,25,1,M,106,Islamabad,Rain,0
4488,2026-04-08,235.5,70.8,13,2,H,66,Lahore,Humid,1
4489,2026-03-24,236.5,65.3,10,1,M,180,Lahore,Rain,1
4490,2026-04-12,235.2,52.6,37,0,L,11,Islamabad,Clear,0
4491,2026-04-09,236.8,65.3,21,2,H,180,Karachi,Humid,1
4492,2026-04-08,232.8,56.3,22,1,M,59,Karachi,Clear,0
4493,2026-04-05,230.2,58.7,10,1,M,111,Islamabad,Rain,1
4494,2026-04-10,224.2,35.7,40,2,H,180,Lahore,Hot,1
4495,2026-03-23,229.0,39.3,22,2,H,124,Islamabad,Clear,0
4496,2026-04-13,231.8,53.2,32,1,M,59,Islamabad,Humid,0
4497,2026-03-17,231.8,57.5,100,1,M,21,Lahore,Clear,1
4498,2026-03-29,231.8,64.7,11,2,H,20,Islamabad,Humid,1
4499,2026-03-18,233.5,55.1,27,0,L,125,Islamabad,Rain,0
4500,2026-03-27,233.0,62.3,16,1,M,67,Islamabad,Clear,1
4501,2026-03-20,229.5,52.6,34,0,L,48,Lahore,Hot,0
4502,2026-04-03,224.2,34.5,44,0,L,55,Karachi,Clear,0
4503,2026-03-31,235.5,69.0,18,0,L,34,Karachi,Hot,1
4504,2026-04-06,228.2,36.9,36,0,L,56,Lahore,Humid,0
4505,2026-03-19,232.0,47.8,34,0,L,180,Karachi,Rain,0
4506,2026-04-13,232.5,57.5,40,2,H,72,Islamabad,Rain,0
4507,2026-03-29,231.5,62.9,17,1,M,161,Karachi,Hot,1
4508,2026-03-22,230.5,51.4,14,1,M,124,Islamabad,Humid,0
4509,2026-04-08,230.0,60.5,19,1,M,142,Karachi,Rain,1
4510,2026-03-19,231.2,64.1,100,1,M,84,Lahore,Humid,1
4511,2026-04-07,230.2,40.5,16,0,L,180,Karachi,Hot,1
4512,2026-03-27,235.2,69.0,11,0,L,180,Karachi,Hot,1
4513,2026-03-15,225.8,38.7,22,1,M,180,Karachi,Clear,1
4514,2026-03-15,229.2,52.0,18,2,H,180,Lahore,Rain,1
4515,2026-03-21,230.0,40.5,19,0,L,99,Karachi,Rain,0
4516,2026-04-05,235.2,69.0,14,1,M,180,Lahore,Clear,1
4517,2026-03-19,234.5,68.4,17,1,M,60,Islamabad,Hot,1
4518,2026-03-28,227.8,33.3,28,0,L,127,Karachi,Hot,0
4519,2026-03-29,235.2,68.4,11,0,L,42,Lahore,Hot,1
4520,2026-04-04,229.8,59.9,24,1,M,180,Lahore,Hot,0
4521,2026-04-13,229.2,49.0,13,2,H,143,Karachi,Humid,0
4522,2026-04-08,227.5,32.7,100,0,L,118,Islamabad,Rain,1
4523,2026-03-31,236.5,70.2,43,1,M,180,Lahore,Rain,0
4524,2026-04-07,232.8,64.7,10,2,H,25,Karachi,Hot,1
4525,2026-04-01,233.0,62.3,17,2,H,130,Islamabad,Hot,1
4526,2026-03-21,233.5,52.0,25,2,H,28,Lahore,Hot,0
4527,2026-04-05,229.2,51.4,98,1,M,59,Lahore,Rain,0
4528,2026-04-09,230.5,41.2,24,2,H,40,Islamabad,Rain,1
4529,2026-04-01,225.2,28.5,10,1,M,105,Islamabad,Hot,1
4530,2026-04-11,225.5,37.5,11,0,L,67,Karachi,Humid,1
4531,2026-04-12,231.0,49.0,11,0,L,57,Karachi,Clear,0
4532,2026-04-02,236.5,52.6,47,2,H,81,Lahore,Clear,0
4533,2026-04-03,227.0,43.6,18,0,L,100,Islamabad,Clear,0
4534,2026-03-21,228.8,41.2,23,2,H,135,Islamabad,Rain,0
4535,2026-03-22,233.5,64.7,10,1,M,125,Islamabad,Rain,1
4536,2026-03-27,232.8,52.6,32,0,L,55,Lahore,Clear,0
4537,2026-04-10,232.8,44.2,32,1,M,141,Islamabad,Clear,0
4538,2026-04-01,225.2,29.7,10,0,L,100,Islamabad,Humid,0
4539,2026-04-07,229.2,53.2,14,1,M,113,Lahore,Rain,1
4540,2026-03-25,232.5,56.9,17,1,M,92,Karachi,Rain,1
4541,2026-03-23,230.5,55.7,31,0,L,21,Karachi,Clear,0
4542,2026-04-06,235.8,69.0,55,1,M,180,Lahore,Humid,0
4543,2026-03-15,224.5,29.7,100,0,L,18,Islamabad,Humid,1
4544,2026-04-05,236.8,65.3,21,2,H,180,Lahore,Clear,1
4545,2026-03-22,232.8,55.7,19,0,L,23,Karachi,Clear,0
4546,2026-04-04,239.0,72.0,31,1,M,161,Karachi,Rain,0
4547,2026-03-26,231.2,50.8,47,1,M,180,Lahore,Clear,1
4548,2026-03-16,225.0,27.9,19,2,H,100,Lahore,Hot,1
4549,2026-03-29,232.2,52.6,41,1,M,108,Karachi,Humid,0
4550,2026-04-04,234.5,64.1,24,0,L,169,Lahore,Clear,1
4551,2026-04-07,232.5,56.3,62,1,M,46,Karachi,Hot,0
4552,2026-04-01,227.0,32.7,28,0,L,69,Lahore,Humid,0
4553,2026-03-31,227.2,33.3,40,0,L,30,Lahore,Hot,0
4554,2026-03-29,225.0,27.9,19,2,H,100,Lahore,Hot,1
4555,2026-04-03,227.8,43.0,53,1,M,172,Karachi,Clear,0
4556,2026-04-03,235.5,69.6,14,0,L,93,Lahore,Humid,1
4557,2026-03-23,233.8,62.3,23,1,M,68,Karachi,Hot,0
4558,2026-03-17,230.8,44.8,31,1,M,47,Karachi,Rain,0
4559,2026-04-03,236.0,64.7,37,1,M,180,Lahore,Humid,0
4560,2026-04-02,232.5,57.5,14,1,M,0,Lahore,Rain,1
4561,2026-04-01,232.2,52.6,31,2,H,179,Karachi,Clear,0
4562,2026-04-03,229.0,39.3,49,1,M,118,Karachi,Rain,0
4563,2026-04-13,228.2,47.2,26,2,H,180,Islamabad,Humid,0
4564,2026-03-22,235.8,69.0,32,0,L,180,Karachi,Hot,1
4565,2026-03-15,224.2,35.7,40,2,H,180,Islamabad,Hot,1
4566,2026-04-07,232.0,43.6,19,0,L,93,Islamabad,Humid,0
4567,2026-04-07,234.5,49.0,14,1,M,28,Islamabad,Hot,0
4568,2026-03-29,229.8,51.4,56,0,L,180,Lahore,Rain,0
4569,2026-04-02,230.2,60.5,10,2,H,147,Lahore,Hot,1
4570,2026-04-13,226.0,33.3,13,1,M,151,Karachi,Hot,1
4571,2026-04-09,236.8,65.3,21,2,H,180,Islamabad,Rain,1
4572,2026-03-24,231.2,58.7,11,0,L,40,Lahore,Rain,1
4573,2026-03-26,234.5,67.7,14,1,M,2,Lahore,Rain,1
4574,2026-04-11,225.5,30.3,65,2,H,179,Lahore,Clear,0
4575,2026-03-20,224.2,35.7,40,2,H,180,Lahore,Rain,1
4576,2026-04-12,230.0,34.5,37,2,H,160,Lahore,Rain,0
4577,2026-03-27,233.0,59.9,24,1,M,0,Islamabad,Clear,0
4578,2026-03-18,233.0,59.9,22,1,M,20,Islamabad,Hot,1
4579,2026-03-27,233.2,58.7,11,1,M,136,Islamabad,Rain,0
4580,2026-03-31,236.8,66.5,43,2,H,168,Islamabad,Humid,0
4581,2026-04-13,230.5,55.7,26,1,M,15,Karachi,Rain,0
4582,2026-03-15,233.8,61.1,25,0,L,153,Islamabad,Rain,1
4583,2026-03-19,234.8,51.4,28,2,H,97,Lahore,Clear,0
4584,2026-04-11,234.2,68.4,30,0,L,180,Islamabad,Humid,1
4585,2026-04-07,234.0,62.3,14,1,M,123,Karachi,Hot,0
4586,2026-03-31,227.8,43.0,12,0,L,20,Lahore,Hot,1
4587,2026-04-01,231.0,61.1,18,1,M,166,Islamabad,Humid,1
4588,2026-03-21,235.0,62.3,25,2,H,152,Islamabad,Rain,0
4589,2026-03-30,228.8,38.7,92,0,L,180,Islamabad,Clear,0
4590,2026-03-22,232.2,61.7,13,0,L,159,Lahore,Humid,1
4591,2026-03-26,229.0,46.6,20,1,M,180,Lahore,Humid,1
4592,2026-03-28,231.8,42.4,31,0,L,48,Karachi,Hot,0
4593,2026-04-02,233.2,65.9,35,1,M,44,Lahore,Clear,0
4594,2026-03-25,226.2,38.1,34,2,H,75,Lahore,Humid,0
4595,2026-03-26,235.5,70.8,13,2,H,66,Islamabad,Clear,1
4596,2026-03-27,227.2,32.1,17,2,H,112,Lahore,Rain,0
4597,2026-03-22,226.8,33.9,50,2,H,180,Islamabad,Hot,0
4598,2026-03-15,225.5,35.7,23,0,L,89,Islamabad,Rain,0
4599,2026-03-23,236.0,64.1,22,0,L,180,Lahore,Clear,0
4600,2026-04-11,227.2,32.1,10,0,L,180,Karachi,Rain,0
4601,2026-03-16,238.5,71.4,10,0,L,180,Karachi,Hot,1
4602,2026-03-28,235.2,52.0,30,0,L,180,Lahore,Clear,0
4603,2026-03-27,227.0,34.5,17,0,L,180,Karachi,Humid,1
4604,2026-03-30,229.8,52.6,80,1,M,180,Islamabad,Rain,1
4605,2026-03-16,238.8,72.0,41,1,M,79,Islamabad,Hot,0
4606,2026-03-18,233.8,61.1,22,0,L,13,Lahore,Humid,0
4607,2026-03-26,231.0,58.1,16,0,L,70,Karachi,Hot,1
4608,2026-03-30,226.8,37.5,11,0,L,180,Karachi,Clear,1
4609,2026-03-24,228.2,43.6,31,0,L,180,Islamabad,Clear,1
4610,2026-03-17,237.2,69.0,100,1,M,65,Lahore,Rain,1
4611,2026-03-18,232.2,61.1,13,1,M,88,Karachi,Hot,1
4612,2026-03-20,238.5,72.0,44,0,L,95,Lahore,Hot,0
4613,2026-04-06,227.5,41.8,30,2,H,180,Karachi,Hot,0
4614,2026-03-19,230.5,59.3,13,1,M,180,Islamabad,Clear,1
4615,2026-04-01,230.5,50.2,19,2,H,180,Islamabad,Rain,1
4616,2026-03-17,231.0,62.9,16,1,M,61,Lahore,Hot,1
4617,2026-03-24,224.2,35.7,40,2,H,180,Islamabad,Hot,1
4618,2026-03-25,225.2,29.7,35,2,H,180,Karachi,Humid,1
4619,2026-04-02,226.0,36.3,24,2,H,37,Islamabad,Hot,0
4620,2026-03-28,230.0,53.2,26,0,L,158,Lahore,Rain,0
4621,2026-04-04,225.0,36.9,100,0,L,125,Lahore,Humid,1
4622,2026-04-11,229.2,52.0,18,2,H,180,Lahore,Humid,1
4623,2026-03-25,230.5,59.9,17,0,L,180,Karachi,Humid,1
4624,2026-04-11,229.5,39.3,19,0,L,180,Karachi,Clear,1
4625,2026-04-04,226.8,44.2,34,1,M,180,Karachi,Humid,1
4626,2026-03-18,233.2,67.1,31,1,M,16,Karachi,Hot,0
4627,2026-04-07,230.5,50.2,19,2,H,180,Karachi,Clear,1
4628,2026-04-05,232.2,54.5,29,0,L,180,Islamabad,Clear,1
4629,2026-03-20,234.5,69.0,22,0,L,128,Karachi,Clear,0
4630,2026-03-31,231.0,61.1,18,1,M,166,Karachi,Clear,1
4631,2026-04-05,236.5,64.1,25,1,M,180,Islamabad,Clear,1
4632,2026-04-02,233.2,56.3,38,2,H,180,Karachi,Clear,0
4633,2026-03-27,231.8,64.7,11,2,H,20,Lahore,Clear,1
4634,2026-04-05,226.5,31.5,58,1,M,43,Karachi,Humid,0
4635,2026-03-24,233.8,58.1,21,0,L,89,Karachi,Rain,0
4636,2026-04-12,233.8,66.5,16,0,L,106,Lahore,Hot,1
4637,2026-03-25,232.5,61.1,10,2,H,101,Lahore,Hot,1
4638,2026-04-12,226.0,32.1,35,2,H,158,Lahore,Humid,0
4639,2026-03-20,230.8,55.1,27,2,H,23,Lahore,Humid,0
4640,2026-03-16,225.2,29.7,35,2,H,180,Karachi,Clear,1
4641,2026-03-15,226.2,39.9,16,0,L,172,Lahore,Rain,1
4642,2026-03-25,234.2,51.4,54,1,M,46,Lahore,Clear,0
4643,2026-03-30,234.2,69.0,11,1,M,44,Islamabad,Humid,1
4644,2026-03-17,228.0,32.7,17,1,M,180,Lahore,Clear,0
4645,2026-03-19,224.0,35.1,32,2,H,166,Lahore,Hot,0
4646,2026-03-29,230.2,51.4,17,0,L,129,Islamabad,Hot,0
4647,2026-03-29,234.0,53.2,26,1,M,113,Islamabad,Clear,0
4648,2026-03-18,232.0,48.4,32,0,L,180,Karachi,Rain,0
4649,2026-04-06,228.0,32.7,51,0,L,174,Islamabad,Clear,0
4650,2026-03-18,232.5,61.1,10,2,H,101,Karachi,Clear,1
4651,2026-03-22,228.8,38.7,38,0,L,112,Islamabad,Rain,0
4652,2026-03-21,229.2,52.0,17,1,M,45,Islamabad,Rain,1
4653,2026-04-09,225.0,27.9,19,2,H,100,Karachi,Rain,1
4654,2026-04-08,229.8,49.6,24,2,H,61,Islamabad,Hot,0
4655,2026-03-31,234.2,62.9,31,1,M,60,Karachi,Clear,0
4656,2026-03-29,226.8,44.2,34,1,M,180,Islamabad,Humid,1
4657,2026-03-19,226.8,39.9,58,1,M,161,Lahore,Rain,0
4658,2026-03-27,229.8,39.3,38,0,L,89,Islamabad,Rain,0
4659,2026-03-18,237.2,67.1,35,0,L,150,Karachi,Clear,0
4660,2026-04-05,231.0,42.4,35,2,H,118,Islamabad,Humid,0
4661,2026-03-31,231.2,52.6,16,2,H,180,Karachi,Clear,1
4662,2026-04-05,230.5,51.4,20,2,H,180,Karachi,Clear,1
4663,2026-03-31,231.2,64.1,100,1,M,84,Lahore,Rain,1
4664,2026-03-28,224.5,35.1,43,2,H,124,Lahore,Rain,0
4665,2026-03-28,235.2,69.0,11,0,L,180,Karachi,Hot,1
4666,2026-03-31,230.8,43.0,19,0,L,27,Islamabad,Humid,0
4667,2026-03-22,234.0,66.5,13,1,M,164,Karachi,Humid,1
4668,2026-03-16,233.0,58.7,20,0,L,180,Karachi,Rain,1
4669,2026-04-09,235.2,62.3,17,0,L,180,Islamabad,Rain,1
4670,2026-03-27,226.5,32.1,26,1,M,180,Islamabad,Rain,1
4671,2026-04-13,224.2,35.7,40,2,H,180,Islamabad,Humid,1
4672,2026-04-05,231.5,56.9,29,0,L,180,Islamabad,Hot,0
4673,2026-03-30,234.0,49.0,100,0,L,64,Karachi,Humid,1
4674,2026-04-13,230.5,58.7,11,0,L,180,Karachi,Rain,1
4675,2026-03-30,226.5,32.1,39,0,L,59,Lahore,Rain,0
4676,2026-03-20,233.8,48.4,19,2,H,45,Karachi,Hot,0
4677,2026-04-05,234.0,68.4,37,1,M,41,Islamabad,Clear,0
4678,2026-04-07,228.2,33.9,61,1,M,66,Lahore,Clear,0
4679,2026-03-18,225.0,37.5,30,0,L,87,Islamabad,Humid,0
4680,2026-03-17,233.0,63.5,16,2,H,101,Karachi,Clear,1
4681,2026-03-20,223.8,24.8,41,0,L,18,Lahore,Clear,0
4682,2026-03-18,231.0,56.3,10,0,L,180,Islamabad,Humid,1
4683,2026-04-01,225.8,38.7,22,1,M,180,Lahore,Rain,1
4684,2026-03-20,227.0,30.9,12,0,L,180,Lahore,Clear,1
4685,2026-04-09,230.8,52.0,22,2,H,90,Karachi,Rain,0
4686,2026-03-19,233.5,61.7,23,2,H,101,Islamabad,Humid,0
4687,2026-04-10,227.0,43.6,25,0,L,180,Lahore,Rain,0
4688,2026-03-23,232.2,56.3,30,1,M,163,Lahore,Rain,0
4689,2026-03-25,230.2,51.4,46,0,L,145,Islamabad,Humid,1
4690,2026-03-20,234.0,53.8,10,2,H,77,Lahore,Rain,0
4691,2026-04-13,231.0,61.1,18,1,M,166,Lahore,Clear,1
4692,2026-03-30,229.5,43.0,14,1,M,86,Lahore,Clear,0
4693,2026-04-02,239.8,75.0,37,0,L,11,Islamabad,Clear,0
4694,2026-03-25,232.0,57.5,100,0,L,112,Islamabad,Clear,0
4695,2026-04-04,235.0,50.2,17,1,M,180,Islamabad,Rain,1
4696,2026-03-29,231.5,59.3,14,0,L,64,Islamabad,Clear,1
4697,2026-04-09,235.2,69.0,14,1,M,180,Karachi,Rain,1
4698,2026-04-07,235.5,70.8,13,2,H,66,Lahore,Hot,1
4699,2026-03-23,227.5,41.8,20,1,M,167,Islamabad,Rain,0
4700,2026-04-07,230.2,49.6,63,0,L,6,Lahore,Clear,0
4701,2026-04-02,224.0,35.1,13,0,L,180,Lahore,Hot,1
4702,2026-04-08,233.2,64.1,13,1,M,111,Karachi,Humid,1
4703,2026-04-02,237.5,66.5,35,1,M,122,Islamabad,Rain,0
4704,2026-04-07,232.8,45.4,40,2,H,67,Islamabad,Clear,0
4705,2026-04-09,226.8,43.6,64,0,L,40,Lahore,Clear,0
4706,2026-03-23,231.8,57.5,100,1,M,21,Islamabad,Clear,1
4707,2026-04-06,234.5,49.0,22,2,H,134,Lahore,Humid,0
4708,2026-03-18,231.5,62.9,17,0,L,163,Lahore,Hot,1
4709,2026-03-24,234.2,53.2,12,0,L,18,Karachi,Hot,1
4710,2026-03-23,228.8,46.0,67,1,M,180,Karachi,Clear,1
4711,2026-04-02,231.0,42.4,85,2,H,137,Karachi,Rain,0
4712,2026-03-29,231.0,41.2,10,1,M,180,Lahore,Clear,1
4713,2026-04-02,231.8,60.5,16,0,L,108,Islamabad,Clear,1
4714,2026-03-16,229.2,46.6,25,0,L,55,Karachi,Rain,0
4715,2026-03-24,226.0,33.3,13,1,M,151,Islamabad,Clear,1
4716,2026-04-02,235.5,51.4,53,1,M,180,Karachi,Humid,0
4717,2026-03-31,238.8,72.6,10,2,H,161,Karachi,Clear,1
4718,2026-04-03,235.8,70.2,11,0,L,86,Lahore,Humid,1
4719,2026-04-07,226.5,43.0,31,1,M,125,Karachi,Clear,0
4720,2026-04-04,227.8,37.5,23,2,H,153,Karachi,Hot,0
4721,2026-03-16,227.0,40.5,22,2,H,143,Lahore,Rain,0
4722,2026-04-02,235.2,50.2,94,2,H,180,Islamabad,Hot,0
4723,2026-03-31,225.2,36.3,11,2,H,19,Karachi,Clear,0
4724,2026-04-01,232.2,41.8,32,2,H,180,Lahore,Clear,0
4725,2026-03-31,228.8,39.3,37,2,H,39,Karachi,Humid,0
4726,2026-03-16,231.5,60.5,45,0,L,157,Lahore,Clear,0
4727,2026-04-02,238.8,72.6,10,2,H,161,Islamabad,Clear,1
4728,2026-03-15,232.5,57.5,14,1,M,0,Islamabad,Clear,1
4729,2026-03-25,231.8,60.5,10,1,M,79,Lahore,Hot,1
4730,2026-04-08,227.2,33.3,31,1,M,155,Lahore,Humid,0
4731,2026-03-24,232.5,61.1,17,1,M,180,Lahore,Hot,1
4732,2026-03-19,234.8,61.7,18,0,L,72,Islamabad,Humid,0
4733,2026-03-30,234.8,62.9,34,2,H,70,Karachi,Hot,0
4734,2026-04-07,230.2,49.6,36,0,L,19,Islamabad,Clear,0
4735,2026-03-19,232.5,61.1,10,2,H,101,Lahore,Hot,1
4736,2026-04-07,225.2,32.1,19,0,L,169,Lahore,Hot,0
4737,2026-04-06,230.5,50.8,100,2,H,81,Islamabad,Humid,1
4738,2026-03-26,228.0,44.2,23,2,H,96,Lahore,Humid,0
4739,2026-03-18,229.0,36.9,13,2,H,72,Islamabad,Hot,0
4740,2026-04-06,226.0,38.1,21,0,L,180,Lahore,Humid,1
4741,2026-03-20,232.0,58.7,19,2,H,176,Karachi,Humid,0
4742,2026-04-02,223.0,24.8,75,1,M,38,Karachi,Humid,0
4743,2026-03-23,231.0,59.3,100,1,M,180,Lahore,Rain,1
4744,2026-03-26,235.5,52.6,13,0,L,180,Islamabad,Humid,1
4745,2026-04-09,225.2,29.7,35,2,H,180,Karachi,Rain,1
4746,2026-03-29,225.2,36.3,25,0,L,119,Islamabad,Rain,0
4747,2026-03-30,231.2,58.7,11,0,L,40,Lahore,Humid,1
4748,2026-03-27,232.2,58.1,11,1,M,75,Islamabad,Hot,1
4749,2026-04-08,233.2,58.7,28,0,L,164,Karachi,Humid,0
4750,2026-04-13,226.2,32.1,25,1,M,44,Islamabad,Clear,0
4751,2026-04-04,231.2,50.8,47,1,M,180,Islamabad,Hot,1
4752,2026-04-07,225.5,31.5,25,2,H,151,Lahore,Rain,0
4753,2026-03-21,236.5,65.3,10,1,M,180,Lahore,Rain,1
4754,2026-04-08,231.5,42.4,10,1,M,111,Lahore,Hot,1
4755,2026-04-06,231.8,42.4,17,0,L,180,Karachi,Hot,1
4756,2026-04-03,230.5,59.3,13,1,M,180,Karachi,Humid,1
4757,2026-03-18,230.2,49.6,63,0,L,6,Lahore,Rain,0
4758,2026-03-25,231.8,59.9,17,1,M,73,Lahore,Clear,1
4759,2026-03-22,232.5,61.1,17,1,M,180,Karachi,Humid,1
4760,2026-03-20,225.2,28.5,10,1,M,105,Karachi,Hot,1
4761,2026-04-08,229.5,33.9,42,2,H,180,Karachi,Rain,0
4762,2026-04-13,225.2,29.7,35,2,H,180,Karachi,Hot,1
4763,2026-03-24,238.8,72.6,32,2,H,96,Lahore,Hot,0
4764,2026-04-13,234.0,55.1,100,2,H,43,Karachi,Hot,0
4765,2026-03-21,235.2,50.8,10,0,L,180,Lahore,Humid,1
4766,2026-03-21,227.0,38.7,63,2,H,153,Islamabad,Clear,0
4767,2026-03-18,228.5,38.1,20,0,L,138,Islamabad,Clear,0
4768,2026-03-17,232.5,61.1,16,1,M,180,Karachi,Rain,1
4769,2026-04-07,229.0,38.7,33,0,L,16,Islamabad,Hot,0
4770,2026-03-21,235.2,62.3,16,1,M,119,Islamabad,Clear,1
4771,2026-03-18,231.2,62.9,23,2,H,127,Islamabad,Hot,0
4772,2026-03-27,235.2,69.0,14,1,M,180,Karachi,Rain,1
4773,2026-04-03,232.2,61.7,16,1,M,126,Karachi,Hot,1
4774,2026-03-31,234.8,68.4,10,0,L,180,Islamabad,Clear,1
4775,2026-04-10,233.5,64.7,10,1,M,125,Lahore,Hot,1
4776,2026-03-21,237.8,70.2,100,1,M,26,Islamabad,Clear,1
4777,2026-03-31,230.2,51.4,13,2,H,159,Karachi,Rain,1
4778,2026-04-09,234.5,64.1,43,2,H,180,Karachi,Hot,1
4779,2026-04-09,236.5,64.1,34,0,L,31,Karachi,Clear,0
4780,2026-03-18,231.8,43.0,25,0,L,151,Islamabad,Rain,0
4781,2026-03-25,235.2,70.2,22,1,M,101,Lahore,Hot,1
4782,2026-04-13,232.8,45.4,40,2,H,67,Karachi,Rain,0
4783,2026-03-17,228.5,38.1,44,2,H,125,Karachi,Clear,0
4784,2026-03-25,228.2,36.9,46,1,M,82,Islamabad,Hot,0
4785,2026-03-17,234.0,52.6,17,2,H,66,Lahore,Hot,0
4786,2026-03-26,235.5,70.8,13,2,H,66,Islamabad,Hot,1
4787,2026-03-15,229.2,47.8,31,1,M,180,Karachi,Rain,0
4788,2026-03-18,233.2,64.1,39,1,M,122,Lahore,Rain,0
4789,2026-03-28,230.8,61.1,16,1,M,6,Lahore,Clear,1
4790,2026-03-15,228.5,47.2,57,0,L,113,Karachi,Humid,0
4792,2026-03-28,230.8,56.3,33,2,H,2,Lahore,Hot,0
4793,2026-03-27,238.2,72.0,32,2,H,142,Islamabad,Clear,0
4794,2026-03-27,227.8,32.7,13,1,M,180,Karachi,Hot,1
4795,2026-04-07,226.5,32.7,57,2,H,100,Karachi,Rain,0
4796,2026-03-29,230.2,60.5,10,2,H,147,Karachi,Rain,1
4797,2026-03-31,226.2,32.1,20,0,L,180,Karachi,Hot,1
4798,2026-03-26,227.0,33.3,49,0,L,9,Karachi,Hot,0
4799,2026-04-13,234.2,68.4,30,0,L,180,Lahore,Rain,1
4800,2026-04-05,230.2,40.5,23,1,M,71,Islamabad,Hot,0
4801,2026-04-06,232.0,64.7,32,0,L,73,Karachi,Rain,0
4802,2026-04-09,229.2,53.2,14,1,M,113,Islamabad,Humid,1
4803,2026-03-28,233.2,46.6,78,0,L,180,Islamabad,Humid,0
4804,2026-03-26,236.2,54.5,29,2,H,117,Lahore,Hot,0
4805,2026-04-01,232.0,62.9,17,1,M,144,Karachi,Hot,1
4806,2026-03-18,232.5,61.1,16,1,M,180,Lahore,Hot,1
4807,2026-04-10,231.0,61.7,17,1,M,12,Karachi,Rain,1
4808,2026-03-28,230.5,36.3,37,1,M,40,Lahore,Humid,0
4809,2026-04-02,230.2,54.5,40,1,M,143,Islamabad,Humid,0
4810,2026-04-12,225.2,36.9,30,1,M,54,Karachi,Clear,0
4811,2026-03-27,232.5,59.3,40,0,L,74,Islamabad,Clear,0
4812,2026-04-08,230.2,60.5,10,2,H,147,Islamabad,Hot,1
4813,2026-04-13,231.5,52.0,45,0,L,180,Lahore,Rain,1
4814,2026-04-06,230.0,52.0,23,1,M,23,Karachi,Hot,0
4815,2026-04-01,233.8,53.8,32,2,H,90,Islamabad,Humid,0
4816,2026-03-25,228.8,44.2,38,1,M,129,Lahore,Hot,0
4817,2026-04-11,230.5,41.2,24,2,H,40,Karachi,Hot,1
4818,2026-03-20,226.5,32.7,57,2,H,100,Karachi,Humid,0
4819,2026-03-23,230.5,59.3,13,1,M,180,Islamabad,Humid,1
4820,2026-03-26,226.2,38.7,27,1,M,2,Karachi,Humid,0
4821,2026-04-02,233.8,50.2,18,1,M,136,Islamabad,Humid,1
4822,2026-03-28,233.5,52.6,13,0,L,85,Karachi,Clear,0
4823,2026-03-29,229.2,52.0,17,1,M,45,Lahore,Rain,1
4824,2026-03-25,231.0,40.5,20,1,M,64,Islamabad,Rain,1
4825,2026-03-20,230.5,50.2,19,2,H,180,Islamabad,Humid,1
4826,2026-03-28,225.2,29.7,35,2,H,180,Karachi,Rain,1
4827,2026-03-17,231.5,50.2,16,0,L,180,Karachi,Rain,1
4828,2026-04-02,228.0,41.2,25,0,L,180,Islamabad,Rain,1
4829,2026-04-03,235.8,51.4,17,2,H,108,Karachi,Rain,0
4830,2026-04-08,229.8,48.4,25,0,L,51,Lahore,Humid,0
4831,2026-03-25,232.2,56.9,47,2,H,49,Karachi,Hot,0
4832,2026-04-12,232.5,61.1,10,2,H,101,Lahore,Hot,1
4833,2026-04-07,227.2,43.6,10,0,L,76,Lahore,Hot,1
4834,2026-03-31,233.5,64.7,10,1,M,125,Lahore,Clear,1
4835,2026-04-12,233.8,61.1,25,0,L,153,Lahore,Rain,1
4836,2026-04-11,235.2,50.8,35,1,M,180,Lahore,Humid,1
4837,2026-04-10,229.8,50.8,22,2,H,66,Karachi,Humid,0
4838,2026-03-31,223.2,25.4,34,2,H,28,Lahore,Clear,0
4839,2026-04-06,226.0,31.5,14,1,M,180,Karachi,Humid,1
4840,2026-03-17,221.8,23.0,13,0,L,65,Lahore,Hot,0
4841,2026-03-28,238.5,72.0,59,2,H,17,Islamabad,Clear,0
4842,2026-04-10,229.2,52.0,17,1,M,45,Lahore,Humid,1
4843,2026-03-21,228.8,46.0,19,1,M,28,Islamabad,Clear,0
4844,2026-04-08,229.8,39.3,38,2,H,91,Lahore,Clear,0
4845,2026-04-02,231.2,52.6,16,2,H,180,Lahore,Humid,1
4846,2026-03-17,234.8,52.0,76,0,L,15,Lahore,Hot,0
4847,2026-03-16,233.8,47.2,33,0,L,137,Islamabad,Humid,0
4848,2026-04-09,233.2,64.1,13,1,M,111,Islamabad,Rain,1
4849,2026-03-31,231.5,52.0,45,0,L,180,Lahore,Rain,1
4850,2026-03-23,236.5,65.9,31,2,H,175,Karachi,Humid,0
4851,2026-04-05,231.0,58.7,44,1,M,5,Lahore,Hot,0
4852,2026-03-20,232.5,55.1,100,1,M,100,Islamabad,Rain,1
4853,2026-04-07,235.2,69.0,17,0,L,180,Lahore,Rain,1
4854,2026-04-10,233.2,64.1,13,1,M,111,Islamabad,Humid,1
4855,2026-04-04,232.5,61.1,17,1,M,180,Islamabad,Humid,1
4856,2026-03-23,225.0,27.9,19,2,H,100,Islamabad,Humid,1
4857,2026-04-10,231.2,48.4,56,0,L,180,Lahore,Clear,0
4858,2026-03-19,234.2,69.0,11,1,M,44,Islamabad,Clear,1
4859,2026-03-16,231.2,52.6,16,2,H,180,Islamabad,Clear,1
4860,2026-04-05,232.2,61.7,16,1,M,126,Lahore,Humid,1
4861,2026-03-29,235.5,69.6,14,0,L,93,Islamabad,Hot,1
4862,2026-03-23,238.8,72.6,10,2,H,161,Lahore,Rain,1
4863,2026-04-02,232.5,46.6,30,1,M,146,Islamabad,Clear,0
4864,2026-03-24,229.5,48.4,53,2,H,82,Karachi,Hot,0
4865,2026-03-18,233.8,61.1,25,0,L,0,Karachi,Humid,0
4866,2026-03-24,230.0,41.2,75,0,L,25,Islamabad,Clear,0
4867,2026-04-10,231.5,62.9,17,1,M,161,Karachi,Humid,1
4868,2026-03-22,234.8,55.7,26,0,L,180,Lahore,Hot,1
4869,2026-04-05,232.5,61.1,10,2,H,101,Karachi,Clear,1
4870,2026-03-27,231.2,46.0,54,0,L,99,Islamabad,Clear,0
4871,2026-03-21,229.8,41.8,35,2,H,180,Islamabad,Clear,0
4872,2026-03-21,231.8,42.4,17,0,L,180,Lahore,Clear,1
4873,2026-03-18,229.2,47.2,28,0,L,51,Islamabad,Hot,0
4874,2026-03-29,229.2,46.0,10,1,M,83,Lahore,Clear,0
4875,2026-03-26,232.8,52.6,40,0,L,38,Karachi,Rain,0
4876,2026-03-30,232.0,60.5,64,2,H,119,Karachi,Rain,0
4877,2026-03-20,234.2,69.0,11,1,M,44,Lahore,Humid,1
4878,2026-04-11,230.5,51.4,20,2,H,180,Lahore,Clear,1
4879,2026-03-23,230.5,50.2,19,2,H,180,Islamabad,Rain,1
4880,2026-03-17,227.8,32.7,13,1,M,180,Karachi,Rain,1
4881,2026-03-22,225.8,36.9,37,2,H,159,Lahore,Rain,0
4882,2026-03-21,234.2,50.2,19,1,M,119,Karachi,Hot,0
4883,2026-03-18,236.2,70.2,17,2,H,112,Lahore,Clear,1
4884,2026-04-09,240.0,75.0,31,0,L,180,Karachi,Hot,1
4885,2026-03-27,230.5,58.1,22,2,H,95,Islamabad,Hot,0
4886,2026-04-02,229.8,46.6,23,2,H,129,Karachi,Rain,0
4887,2026-04-13,233.8,67.7,16,0,L,29,Karachi,Rain,1
4888,2026-03-21,235.0,69.0,16,1,M,180,Karachi,Humid,1
4889,2026-03-24,232.8,64.7,10,2,H,25,Karachi,Clear,1
4890,2026-04-08,231.8,64.7,11,2,H,20,Karachi,Clear,1
4891,2026-03-26,233.2,58.1,23,0,L,158,Islamabad,Rain,0
4892,2026-04-09,232.2,61.7,15,0,L,161,Lahore,Rain,1
4893,2026-03-17,229.5,53.8,27,2,H,126,Karachi,Clear,0
4894,2026-04-09,232.2,61.7,14,1,M,134,Islamabad,Humid,1
4895,2026-04-08,230.2,60.5,10,2,H,147,Karachi,Rain,1
4896,2026-04-12,229.0,46.6,20,1,M,180,Karachi,Humid,1
4897,2026-04-07,231.8,59.9,17,0,L,126,Lahore,Hot,1
4898,2026-03-26,233.5,64.7,10,1,M,125,Karachi,Rain,1
4899,2026-04-02,236.2,70.2,17,2,H,112,Islamabad,Hot,1
4900,2026-03-29,232.0,52.0,32,2,H,91,Islamabad,Rain,0
4901,2026-03-22,232.5,61.1,17,1,M,180,Lahore,Hot,1
4902,2026-03-26,232.2,41.8,41,2,H,180,Karachi,Rain,0
4903,2026-04-03,225.0,37.5,26,0,L,89,Islamabad,Humid,0
4904,2026-03-20,229.8,41.2,49,1,M,170,Karachi,Humid,0
4905,2026-04-11,234.8,64.7,100,1,M,2,Karachi,Humid,1
4906,2026-03-24,235.0,69.0,16,1,M,180,Karachi,Hot,1
4907,2026-03-16,227.0,40.5,41,0,L,34,Lahore,Humid,0
4908,2026-04-07,231.8,59.9,10,0,L,22,Karachi,Hot,1
4909,2026-03-27,231.5,41.2,33,1,M,99,Islamabad,Rain,0
4910,2026-04-08,231.2,52.6,16,2,H,180,Karachi,Hot,1
4911,2026-03-21,229.8,52.6,80,1,M,180,Islamabad,Rain,1
4912,2026-03-22,230.5,50.8,100,2,H,81,Karachi,Clear,1
4913,2026-04-06,236.0,53.8,16,0,L,146,Islamabad,Clear,0
4914,2026-03-30,232.8,64.7,10,2,H,25,Islamabad,Clear,1
4915,2026-03-25,234.8,49.6,29,2,H,60,Karachi,Hot,0
4916,2026-04-09,230.8,52.0,22,2,H,90,Karachi,Clear,0
4917,2026-03-18,228.5,49.0,36,2,H,14,Islamabad,Clear,0
4918,2026-03-31,225.5,30.3,37,1,M,141,Lahore,Clear,0
4919,2026-03-30,231.5,47.8,34,2,H,154,Karachi,Rain,0
4920,2026-04-02,230.8,41.2,33,2,H,53,Lahore,Humid,0
4921,2026-04-06,230.2,39.9,10,2,H,152,Karachi,Hot,0
4922,2026-04-10,223.8,26.0,12,1,M,24,Karachi,Clear,1
4923,2026-03-25,231.5,42.4,10,1,M,111,Karachi,Rain,1
4924,2026-03-21,221.5,23.0,10,1,M,89,Karachi,Humid,1
4925,2026-04-10,233.2,52.6,36,1,M,121,Lahore,Humid,0
4926,2026-03-27,231.5,42.4,46,2,H,69,Karachi,Humid,0
4927,2026-04-02,229.0,46.6,20,1,M,180,Islamabad,Rain,1
4928,2026-03-31,227.8,33.9,19,2,H,180,Islamabad,Clear,0
4929,2026-04-09,231.5,56.9,41,1,M,166,Lahore,Humid,0
4930,2026-04-08,235.5,70.8,13,2,H,66,Karachi,Rain,1
4931,2026-04-11,230.8,56.9,49,1,M,180,Islamabad,Rain,0
4932,2026-04-05,233.8,66.5,14,0,L,174,Lahore,Hot,1
4933,2026-03-27,225.5,38.7,25,0,L,23,Karachi,Rain,0
4934,2026-04-12,235.5,69.0,18,0,L,34,Islamabad,Humid,1
4935,2026-03-26,227.8,32.7,13,1,M,180,Islamabad,Humid,1
4936,2026-03-21,225.2,28.5,10,1,M,105,Lahore,Rain,1
4937,2026-03-15,227.0,32.7,20,0,L,61,Karachi,Humid,1
4938,2026-03-15,230.5,50.2,19,2,H,180,Karachi,Rain,1
4939,2026-04-03,233.5,66.5,17,1,M,117,Islamabad,Humid,1
4940,2026-04-06,231.0,58.1,16,0,L,70,Islamabad,Hot,1
4942,2026-03-28,238.8,72.6,43,0,L,121,Karachi,Hot,0
4943,2026-04-10,233.0,62.9,15,0,L,148,Lahore,Hot,1
4944,2026-03-29,237.0,71.4,46,2,H,170,Lahore,Clear,0
4945,2026-03-25,238.8,72.0,22,1,M,180,Karachi,Humid,1
4946,2026-04-07,235.8,69.6,17,0,L,30,Lahore,Clear,1
4947,2026-04-09,227.5,32.7,20,0,L,114,Islamabad,Rain,0
4948,2026-03-23,229.2,45.4,19,0,L,180,Lahore,Clear,1
4949,2026-03-31,233.0,63.5,16,2,H,101,Lahore,Hot,1
4950,2026-03-18,238.8,72.0,22,1,M,180,Lahore,Clear,1
4951,2026-04-03,235.5,51.4,31,1,M,30,Islamabad,Humid,0
4952,2026-04-02,230.5,50.2,19,2,H,180,Karachi,Hot,1
4953,2026-03-21,226.2,34.5,29,2,H,151,Islamabad,Rain,0
4954,2026-03-15,238.8,72.0,22,1,M,180,Karachi,Humid,1
4955,2026-03-23,227.2,33.3,24,2,H,84,Karachi,Hot,0
4956,2026-03-27,224.5,26.6,40,2,H,75,Karachi,Rain,0
4957,2026-04-07,229.0,47.2,10,0,L,180,Lahore,Humid,1
4958,2026-03-16,232.2,61.1,32,1,M,2,Lahore,Rain,0
4959,2026-03-16,236.8,67.1,20,0,L,127,Karachi,Clear,1
4960,2026-04-07,232.0,53.2,13,1,M,180,Karachi,Clear,0
4961,2026-04-10,231.8,64.7,11,2,H,20,Lahore,Rain,1
4962,2026-04-13,235.0,50.2,17,1,M,180,Islamabad,Clear,1
4963,2026-03-29,235.2,52.6,29,0,L,19,Karachi,Rain,0
4964,2026-03-31,236.2,70.2,17,2,H,112,Islamabad,Humid,1
4965,2026-03-27,230.2,51.4,13,2,H,159,Lahore,Hot,1
4966,2026-03-21,232.2,58.1,11,1,M,75,Karachi,Rain,1
4967,2026-03-23,236.2,54.5,43,1,M,69,Islamabad,Hot,0
4968,2026-03-26,233.8,62.3,70,0,L,55,Islamabad,Hot,0
4969,2026-03-17,231.5,50.2,16,0,L,180,Islamabad,Rain,1
4970,2026-04-06,230.5,35.1,15,0,L,180,Lahore,Clear,0
4971,2026-04-05,227.5,39.3,25,2,H,28,Lahore,Humid,0
4972,2026-03-29,228.0,37.5,41,0,L,79,Islamabad,Hot,0
4973,2026-03-21,237.2,53.8,35,1,M,109,Islamabad,Humid,0
4974,2026-04-06,227.0,32.7,90,0,L,176,Lahore,Hot,0
4975,2026-04-09,234.0,47.8,23,0,L,103,Islamabad,Rain,0
4976,2026-03-15,232.8,56.9,10,0,L,180,Islamabad,Clear,1
4977,2026-03-28,230.5,50.2,19,2,H,180,Lahore,Humid,1
4978,2026-04-02,227.0,34.5,25,0,L,86,Islamabad,Hot,0
4979,2026-03-30,230.2,60.5,10,2,H,147,Islamabad,Rain,1
4980,2026-03-24,231.5,62.9,17,1,M,161,Islamabad,Rain,1
4981,2026-03-15,229.2,39.3,81,2,H,59,Lahore,Hot,0
4982,2026-03-19,232.5,59.3,24,0,L,58,Islamabad,Hot,0
4983,2026-03-17,229.2,52.0,18,2,H,180,Lahore,Hot,1
4984,2026-03-31,231.2,62.9,14,0,L,106,Lahore,Clear,1
4985,2026-04-01,226.5,38.7,26,2,H,15,Karachi,Hot,0
4986,2026-04-09,231.0,40.5,20,1,M,64,Karachi,Hot,1
4987,2026-04-04,225.8,37.5,34,0,L,179,Islamabad,Clear,0
4988,2026-04-10,238.2,71.4,17,0,L,180,Lahore,Rain,1
4989,2026-04-02,236.8,53.2,17,0,L,129,Karachi,Hot,0
4990,2026-04-05,232.5,61.1,16,1,M,180,Islamabad,Humid,1
4991,2026-04-08,227.2,39.3,14,1,M,114,Karachi,Rain,0
4992,2026-04-05,227.8,43.0,12,0,L,20,Karachi,Humid,1
4993,2026-04-01,234.2,49.0,29,2,H,75,Lahore,Hot,0
4994,2026-03-30,236.8,65.3,21,2,H,180,Lahore,Clear,1
4995,2026-03-16,237.2,71.4,49,1,M,167,Karachi,Clear,0
4996,2026-03-29,234.2,69.0,11,1,M,44,Karachi,Clear,1
4997,2026-03-27,235.2,69.0,14,1,M,180,Lahore,Hot,1
4998,2026-03-27,235.8,70.2,11,0,L,86,Islamabad,Hot,1
4999,2026-03-30,233.5,62.9,25,0,L,5,Lahore,Humid,0
5000,2026-03-22,226.2,36.3,17,0,L,180,Karachi,Clear,1
5001,2026-03-25,228.2,36.9,24,2,H,60,Islamabad,Hot,0
5002,2026-03-22,229.2,52.0,100,0,L,111,Karachi,Rain,0
5003,2026-04-05,232.8,60.5,18,0,L,180,Islamabad,Hot,1
5004,2026-03-24,234.0,66.5,13,1,M,164,Karachi,Hot,1
5005,2026-04-06,231.0,40.5,20,1,M,64,Islamabad,Rain,1
5006,2026-03-15,226.5,33.9,37,1,M,71,Islamabad,Clear,0
5007,2026-03-26,226.2,32.7,16,2,H,180,Karachi,Rain,0
5008,2026-03-23,233.0,58.7,10,1,M,36,Islamabad,Clear,0
5009,2026-03-19,231.5,63.5,13,0,L,55,Lahore,Rain,1
5010,2026-03-23,231.2,52.6,16,2,H,180,Karachi,Humid,1
5011,2026-03-30,224.2,27.9,34,1,M,170,Lahore,Clear,0
5012,2026-04-01,231.8,59.9,17,1,M,73,Karachi,Hot,1
5013,2026-04-13,225.8,29.7,23,1,M,71,Islamabad,Humid,0
5014,2026-03-22,225.8,32.1,33,0,L,165,Islamabad,Clear,0
5015,2026-04-06,238.5,72.0,47,1,M,137,Islamabad,Clear,0
5016,2026-03-25,225.5,29.1,51,0,L,118,Karachi,Clear,0
5017,2026-04-13,229.8,47.2,32,0,L,85,Lahore,Rain,0
5018,2026-04-03,236.8,65.3,21,2,H,180,Lahore,Clear,1
5019,2026-04-02,230.5,50.2,41,1,M,177,Karachi,Hot,0
5020,2026-03-18,229.2,52.0,17,1,M,45,Karachi,Clear,1
5021,2026-04-03,237.2,53.8,35,1,M,109,Lahore,Hot,0
5022,2026-04-09,223.8,26.0,12,1,M,24,Lahore,Hot,1
5023,2026-03-24,224.2,35.7,40,2,H,180,Lahore,Hot,1
5024,2026-04-07,234.8,68.4,10,0,L,180,Lahore,Humid,1
5025,2026-03-27,226.5,32.7,52,0,L,33,Karachi,Hot,0
5026,2026-04-12,234.5,68.4,17,1,M,60,Karachi,Rain,1
5027,2026-04-03,225.0,27.9,19,2,H,100,Islamabad,Clear,1
5028,2026-03-28,227.2,32.1,49,2,H,166,Lahore,Rain,0
5029,2026-04-04,233.2,58.7,82,2,H,180,Islamabad,Humid,0
5030,2026-03-16,227.8,38.1,25,0,L,166,Karachi,Clear,0
5031,2026-04-12,234.5,50.8,46,2,H,137,Karachi,Hot,0
5032,2026-03-18,229.2,52.0,18,2,H,180,Islamabad,Clear,1
5033,2026-03-21,229.2,53.2,14,1,M,113,Lahore,Humid,1
5034,2026-04-02,234.5,51.4,51,0,L,57,Lahore,Humid,0
5035,2026-04-13,233.2,61.1,15,1,M,180,Lahore,Rain,1
5036,2026-04-13,236.5,52.6,47,2,H,81,Lahore,Clear,0
5037,2026-03-31,232.0,51.4,100,0,L,17,Islamabad,Clear,1
5038,2026-03-30,232.8,62.3,18,0,L,22,Islamabad,Clear,1
5039,2026-03-27,231.0,39.9,24,0,L,17,Karachi,Rain,0
5040,2026-04-07,231.2,58.7,13,0,L,47,Lahore,Humid,1
5041,2026-04-07,232.0,60.5,18,1,M,180,Lahore,Hot,0
5042,2026-04-05,232.2,60.5,38,0,L,171,Lahore,Clear,0
5043,2026-04-06,230.5,50.8,100,2,H,81,Islamabad,Rain,1
5044,2026-04-09,226.0,32.1,41,0,L,180,Lahore,Rain,1
5045,2026-04-10,238.8,72.6,10,2,H,161,Islamabad,Hot,1
5046,2026-04-01,231.0,61.1,18,1,M,166,Lahore,Humid,1
5047,2026-04-04,233.5,46.6,45,0,L,60,Lahore,Clear,0
5048,2026-03-26,230.5,51.4,20,2,H,180,Karachi,Clear,1
5049,2026-04-06,231.0,62.9,16,1,M,61,Lahore,Rain,1
5050,2026-04-08,226.8,44.2,34,1,M,180,Lahore,Humid,1
5051,2026-03-15,231.5,52.0,45,0,L,180,Karachi,Clear,1
5052,2026-03-29,229.0,45.4,32,0,L,180,Islamabad,Hot,0
5053,2026-03-17,228.2,37.5,24,1,M,147,Islamabad,Humid,0
5054,2026-03-20,234.0,67.1,14,0,L,172,Lahore,Humid,1
5055,2026-03-28,228.0,38.7,38,2,H,0,Islamabad,Rain,0
5056,2026-04-06,230.5,41.2,24,2,H,40,Lahore,Rain,1
5057,2026-03-20,221.5,23.0,10,1,M,89,Karachi,Clear,1
5058,2026-03-15,229.8,46.6,52,0,L,146,Karachi,Rain,0
5059,2026-04-03,232.2,62.3,32,2,H,114,Lahore,Humid,0
5060,2026-03-20,230.8,40.5,32,1,M,180,Karachi,Clear,0
5061,2026-03-22,238.0,71.4,37,0,L,14,Karachi,Clear,0
5062,2026-04-09,230.8,47.2,50,0,L,175,Lahore,Humid,0
5063,2026-03-29,228.8,44.8,31,2,H,180,Lahore,Clear,0
5064,2026-03-28,232.5,56.9,17,1,M,92,Karachi,Hot,1
5065,2026-03-30,232.2,59.9,13,0,L,85,Islamabad,Hot,1
5066,2026-04-03,229.5,58.7,10,0,L,180,Islamabad,Clear,1
5067,2026-04-06,233.0,62.3,17,2,H,130,Lahore,Rain,1
5068,2026-03-30,233.5,62.3,25,2,H,145,Lahore,Hot,0
5069,2026-04-10,234.8,64.7,100,1,M,2,Islamabad,Clear,1
5070,2026-04-02,226.2,32.7,44,0,L,39,Karachi,Hot,0
5071,2026-04-07,226.5,32.1,26,1,M,180,Islamabad,Rain,1
5072,2026-03-15,236.8,65.3,21,2,H,180,Islamabad,Humid,1
5073,2026-03-18,231.5,62.9,18,1,M,165,Islamabad,Clear,1
5074,2026-04-07,233.2,56.3,29,1,M,148,Islamabad,Clear,0
5075,2026-03-24,225.2,29.7,35,2,H,180,Lahore,Clear,1
5076,2026-04-03,236.8,52.6,26,2,H,74,Lahore,Clear,0
5077,2026-04-01,226.2,36.9,22,1,M,19,Karachi,Clear,1
5078,2026-03-16,236.5,52.6,22,0,L,67,Karachi,Clear,0
5079,2026-03-18,230.5,51.4,20,2,H,180,Karachi,Rain,1
5080,2026-03-29,232.5,52.0,24,0,L,78,Karachi,Humid,1
5081,2026-04-12,229.5,49.6,44,1,M,92,Islamabad,Rain,0
5082,2026-03-18,234.0,66.5,13,1,M,164,Lahore,Rain,1
5083,2026-03-30,234.5,64.1,43,2,H,180,Lahore,Humid,1
5084,2026-03-29,232.2,61.7,16,1,M,126,Karachi,Rain,1
5085,2026-04-01,230.5,50.2,19,2,H,180,Karachi,Hot,1
5086,2026-03-21,234.5,64.1,43,2,H,180,Islamabad,Rain,1
5087,2026-03-29,231.8,55.1,11,0,L,49,Islamabad,Clear,1
5088,2026-04-05,238.5,72.6,27,2,H,166,Karachi,Hot,0
5089,2026-03-25,226.5,32.7,28,0,L,180,Lahore,Hot,1
5090,2026-04-02,230.5,50.2,19,2,H,180,Lahore,Humid,1
5091,2026-03-22,229.0,46.6,37,0,L,6,Lahore,Rain,0
5092,2026-04-07,230.8,43.0,23,1,M,180,Karachi,Rain,0
5093,2026-03-15,230.0,60.5,19,1,M,142,Lahore,Hot,1
5094,2026-03-17,230.2,60.5,10,2,H,147,Islamabad,Rain,1
5095,2026-03-19,231.2,41.8,57,2,H,180,Islamabad,Rain,0
5096,2026-04-01,224.2,35.7,40,2,H,180,Karachi,Humid,1
5097,2026-03-26,228.5,45.4,22,1,M,5,Islamabad,Hot,0
5098,2026-03-26,221.0,21.2,62,1,M,164,Karachi,Clear,0
5099,2026-04-04,229.2,49.0,13,2,H,143,Lahore,Hot,0
5100,2026-04-10,229.5,52.0,35,1,M,96,Lahore,Humid,0
5101,2026-04-09,233.8,66.5,16,0,L,106,Lahore,Humid,1
5102,2026-04-02,231.2,52.6,16,2,H,180,Islamabad,Humid,1
5103,2026-03-23,224.2,35.7,40,2,H,180,Karachi,Rain,1
5104,2026-03-25,232.2,61.7,14,1,M,134,Lahore,Hot,1
5105,2026-03-31,238.5,72.6,49,1,M,116,Karachi,Rain,0
5106,2026-03-30,226.5,43.0,32,2,H,40,Lahore,Rain,0
5107,2026-03-18,227.0,41.2,31,1,M,66,Islamabad,Hot,0
5108,2026-03-24,231.8,64.7,11,2,H,20,Islamabad,Humid,1
5109,2026-04-05,229.2,47.8,28,1,M,180,Karachi,Clear,0
5110,2026-03-29,232.5,64.7,40,0,L,15,Islamabad,Clear,0
5111,2026-04-08,227.0,33.3,14,0,L,143,Islamabad,Hot,0
5112,2026-04-02,232.2,61.1,13,1,M,88,Karachi,Hot,1
5113,2026-03-17,229.8,50.2,31,1,M,95,Lahore,Humid,0
5114,2026-04-11,231.0,41.2,10,1,M,180,Islamabad,Hot,1
5115,2026-04-04,233.2,62.3,36,0,L,180,Karachi,Hot,0
5116,2026-04-06,234.8,63.5,22,0,L,39,Islamabad,Humid,0
5117,2026-04-13,232.2,56.3,23,0,L,54,Islamabad,Humid,0
5118,2026-03-19,230.5,41.8,32,0,L,117,Islamabad,Rain,0
5119,2026-03-25,232.2,53.2,16,0,L,91,Islamabad,Hot,0
5120,2026-04-07,226.8,30.9,38,1,M,150,Karachi,Clear,0
5121,2026-03-19,232.5,53.2,14,0,L,180,Karachi,Hot,1
5122,2026-03-21,223.8,26.0,12,1,M,24,Karachi,Clear,1
5123,2026-03-20,227.0,43.6,28,1,M,132,Islamabad,Clear,0
5124,2026-04-13,224.2,35.7,40,2,H,180,Islamabad,Clear,1
5125,2026-04-09,233.8,66.5,16,0,L,106,Islamabad,Rain,1
5126,2026-03-27,233.8,53.8,32,2,H,90,Karachi,Humid,0
5127,2026-03-16,227.5,44.2,21,2,H,82,Islamabad,Humid,0
5128,2026-04-02,228.2,32.7,27,2,H,156,Lahore,Rain,0
5129,2026-03-25,231.0,49.6,29,1,M,180,Islamabad,Humid,0
5130,2026-04-10,231.8,56.3,34,2,H,65,Lahore,Rain,0
5131,2026-04-03,232.8,56.9,10,0,L,180,Islamabad,Hot,1
5132,2026-03-19,234.2,47.8,14,1,M,32,Karachi,Rain,0
5133,2026-03-23,227.0,32.7,20,0,L,61,Islamabad,Humid,1
5134,2026-03-20,233.0,59.9,11,0,L,124,Lahore,Humid,0
5135,2026-03-31,235.2,69.0,20,0,L,180,Lahore,Hot,1
5136,2026-04-02,231.5,63.5,13,0,L,55,Islamabad,Rain,1
5137,2026-04-06,230.2,52.0,22,0,L,147,Lahore,Hot,0
5138,2026-03-22,225.8,38.7,22,1,M,180,Lahore,Clear,1
5139,2026-03-21,230.5,43.0,24,2,H,0,Karachi,Rain,0
5140,2026-03-19,235.5,70.8,13,2,H,66,Islamabad,Hot,1
5141,2026-03-29,226.5,33.3,100,0,L,127,Islamabad,Hot,1
5142,2026-03-24,227.8,37.5,23,2,H,153,Islamabad,Humid,0
5143,2026-04-07,233.5,51.4,10,1,M,180,Lahore,Rain,1
5144,2026-03-30,227.2,31.5,25,1,M,56,Islamabad,Clear,0
5145,2026-03-23,231.0,38.7,25,0,L,94,Islamabad,Clear,0
5146,2026-03-21,224.0,35.1,13,0,L,180,Karachi,Rain,1
5147,2026-03-25,232.5,61.1,16,1,M,180,Karachi,Rain,1
5148,2026-03-23,231.2,64.1,100,1,M,84,Karachi,Hot,1
5149,2026-03-31,236.5,65.9,31,2,H,175,Lahore,Humid,0
5150,2026-04-13,233.2,59.9,47,2,H,13,Islamabad,Humid,0
5151,2026-03-23,226.8,30.9,16,2,H,176,Karachi,Humid,0
5152,2026-03-17,235.0,69.0,16,1,M,180,Karachi,Rain,1
5153,2026-04-05,230.8,43.0,23,2,H,180,Karachi,Humid,0
5154,2026-03-22,229.2,52.0,18,2,H,180,Islamabad,Hot,1
5155,2026-04-02,229.0,51.4,22,0,L,180,Islamabad,Rain,1
5156,2026-04-03,228.8,46.0,67,1,M,180,Islamabad,Rain,1
5157,2026-03-30,225.8,38.7,22,1,M,180,Lahore,Humid,1
5158,2026-03-21,236.8,53.2,62,0,L,127,Lahore,Clear,0
5159,2026-04-11,235.5,70.8,13,2,H,66,Karachi,Clear,1
5160,2026-03-21,229.2,35.7,36,0,L,39,Islamabad,Hot,0
5161,2026-04-03,233.0,59.9,22,1,M,20,Karachi,Humid,1
5162,2026-04-08,234.2,49.6,76,1,M,20,Islamabad,Humid,0
5163,2026-03-27,232.5,53.2,38,0,L,142,Islamabad,Rain,0
5164,2026-03-17,231.5,49.6,39,1,M,36,Islamabad,Rain,0
5165,2026-03-26,231.2,64.1,13,0,L,92,Lahore,Humid,1
5166,2026-04-07,238.8,72.6,10,2,H,161,Lahore,Rain,1
5167,2026-03-22,235.2,69.0,11,1,M,69,Islamabad,Humid,1
5168,2026-03-27,235.2,49.6,55,1,M,180,Karachi,Hot,0
5169,2026-04-03,231.8,60.5,10,1,M,79,Islamabad,Rain,1
5170,2026-03-30,231.2,62.9,15,0,L,168,Islamabad,Humid,1
5171,2026-03-21,235.2,51.4,39,1,M,180,Karachi,Rain,0
5172,2026-03-18,225.0,27.9,19,2,H,100,Islamabad,Hot,1
5173,2026-04-12,233.5,64.7,10,1,M,125,Karachi,Rain,1
5174,2026-03-26,223.8,26.0,12,1,M,24,Lahore,Humid,1
5175,2026-03-31,232.5,43.6,54,0,L,180,Lahore,Rain,1
5176,2026-03-15,231.0,54.5,36,0,L,0,Karachi,Rain,0
5177,2026-04-13,230.2,51.4,13,2,H,159,Lahore,Humid,1
5178,2026-03-31,231.2,41.8,100,0,L,142,Lahore,Clear,1
5179,2026-03-16,229.2,52.0,18,2,H,180,Karachi,Rain,1
5180,2026-03-20,231.2,59.3,41,1,M,180,Lahore,Rain,0
5181,2026-03-26,238.8,72.6,10,2,H,161,Islamabad,Hot,1
5182,2026-04-09,227.0,36.3,23,0,L,180,Islamabad,Clear,1
5183,2026-03-25,232.2,61.7,15,0,L,161,Karachi,Hot,1
5184,2026-04-04,232.8,64.7,10,2,H,25,Lahore,Humid,1
5185,2026-03-25,234.5,52.0,10,2,H,24,Islamabad,Humid,0
5186,2026-04-01,233.2,59.9,16,0,L,130,Islamabad,Hot,0
5187,2026-03-22,230.5,51.4,20,2,H,180,Lahore,Rain,1
5188,2026-04-08,230.5,51.4,20,2,H,180,Lahore,Clear,1
5189,2026-03-21,231.8,59.9,17,1,M,73,Islamabad,Hot,1
5190,2026-04-11,236.5,65.3,10,1,M,180,Islamabad,Hot,1
5191,2026-03-28,233.5,52.0,25,2,H,28,Karachi,Humid,0
5192,2026-03-30,231.0,61.1,18,1,M,166,Karachi,Rain,1
5193,2026-03-26,225.2,29.7,35,2,H,180,Islamabad,Clear,1
5194,2026-03-23,225.8,36.9,34,1,M,73,Karachi,Hot,0
5195,2026-04-03,235.0,52.0,22,1,M,180,Islamabad,Clear,0
5196,2026-04-12,227.2,41.8,37,1,M,128,Islamabad,Clear,0
5197,2026-04-06,230.0,59.3,24,0,L,180,Karachi,Hot,1
5198,2026-04-04,234.5,64.1,43,2,H,180,Karachi,Clear,1
5199,2026-03-30,233.8,50.2,18,1,M,136,Lahore,Humid,1
5200,2026-04-04,234.8,55.1,22,2,H,0,Lahore,Rain,0
5201,2026-04-02,236.5,65.9,31,2,H,175,Lahore,Rain,0
5202,2026-03-30,227.5,36.3,28,1,M,176,Islamabad,Rain,1
5203,2026-03-23,225.2,29.7,35,2,H,180,Karachi,Humid,1
5204,2026-03-27,230.0,48.4,33,2,H,107,Islamabad,Humid,0
5205,2026-04-09,227.5,44.8,25,0,L,134,Karachi,Humid,1
5206,2026-03-19,229.2,52.0,18,2,H,180,Islamabad,Rain,1
5207,2026-04-05,227.5,36.3,28,1,M,176,Lahore,Clear,1
5208,2026-04-02,227.5,36.3,28,1,M,176,Lahore,Humid,1
5209,2026-03-24,233.0,58.7,20,0,L,180,Lahore,Hot,1
5210,2026-03-21,234.2,48.4,73,0,L,132,Islamabad,Humid,0
5211,2026-03-23,239.5,74.4,25,0,L,15,Karachi,Hot,0
5212,2026-04-08,231.2,50.8,47,1,M,180,Karachi,Rain,1
5213,2026-03-28,231.0,61.7,17,1,M,12,Lahore,Hot,1
5214,2026-03-29,228.8,46.6,49,1,M,179,Lahore,Humid,1
5215,2026-03-27,228.8,41.2,17,2,H,120,Lahore,Humid,0
5216,2026-03-24,236.8,65.3,21,2,H,180,Lahore,Clear,1
5217,2026-03-28,237.5,70.8,16,0,L,180,Karachi,Rain,1
5218,2026-04-09,230.5,41.2,24,2,H,40,Islamabad,Hot,1
5219,2026-04-04,228.5,48.4,26,1,M,11,Islamabad,Rain,0
5220,2026-04-06,231.5,53.2,10,1,M,54,Islamabad,Humid,0
5221,2026-04-12,230.0,47.2,17,2,H,148,Islamabad,Clear,0
5222,2026-03-26,232.8,53.2,26,1,M,53,Lahore,Humid,0
5223,2026-04-11,233.8,65.9,13,1,M,180,Lahore,Humid,1
5224,2026-04-12,232.0,60.5,10,0,L,90,Lahore,Humid,1
5225,2026-04-02,226.8,40.5,36,2,H,53,Islamabad,Hot,0
5226,2026-03-20,232.0,62.9,30,1,M,164,Lahore,Humid,0
5227,2026-03-26,233.0,59.3,25,0,L,33,Lahore,Rain,0
5228,2026-04-07,230.5,42.4,17,0,L,180,Karachi,Rain,1
5229,2026-03-27,231.0,62.9,16,1,M,61,Karachi,Clear,1
5230,2026-03-22,232.2,58.1,35,2,H,139,Lahore,Rain,0
5231,2026-03-30,229.2,38.1,18,0,L,12,Karachi,Humid,0
5232,2026-03-16,231.5,43.6,15,0,L,180,Karachi,Humid,1
5233,2026-04-05,231.5,50.2,16,0,L,180,Lahore,Rain,1
5234,2026-03-21,226.0,31.5,57,2,H,140,Lahore,Clear,0
5235,2026-03-26,226.8,42.4,34,1,M,163,Lahore,Clear,0
5236,2026-03-21,232.0,64.7,25,0,L,180,Lahore,Rain,1
5237,2026-04-02,236.2,54.5,100,1,M,143,Islamabad,Hot,1
5238,2026-03-28,235.2,62.3,28,1,M,180,Islamabad,Hot,0
5239,2026-04-13,227.2,42.4,46,0,L,100,Lahore,Hot,0
5240,2026-03-23,228.2,39.3,33,2,H,180,Karachi,Hot,0
5241,2026-04-01,231.8,59.9,10,0,L,22,Lahore,Rain,1
5242,2026-03-25,237.2,69.0,100,1,M,65,Lahore,Clear,1
5243,2026-03-30,235.5,69.0,10,0,L,59,Karachi,Humid,1
5244,2026-04-02,230.2,51.4,13,2,H,159,Islamabad,Humid,1
5245,2026-03-25,235.0,50.2,23,2,H,61,Lahore,Rain,0
5246,2026-04-01,234.5,68.4,17,1,M,60,Lahore,Humid,1
5247,2026-03-25,227.5,44.2,34,0,L,94,Islamabad,Hot,0
5248,2026-04-08,237.8,70.2,100,1,M,26,Islamabad,Clear,1
5249,2026-03-18,232.8,59.9,20,0,L,79,Karachi,Rain,0
5250,2026-04-01,237.5,71.4,31,1,M,180,Islamabad,Clear,0
5251,2026-04-02,230.5,39.3,28,0,L,15,Islamabad,Rain,0
5252,2026-03-27,233.8,53.8,16,0,L,139,Islamabad,Rain,0
5253,2026-03-18,236.0,64.1,10,0,L,0,Karachi,Rain,1
5254,2026-04-13,238.8,72.6,10,2,H,161,Islamabad,Rain,1
5255,2026-03-24,233.8,63.5,34,0,L,165,Islamabad,Clear,0
5256,2026-04-12,233.5,64.7,10,1,M,125,Karachi,Humid,1
5257,2026-04-05,229.5,33.9,51,1,M,65,Islamabad,Rain,0
5258,2026-03-19,230.8,62.9,23,0,L,102,Islamabad,Hot,0
5259,2026-03-17,230.2,51.4,28,1,M,121,Karachi,Rain,0
5260,2026-03-30,233.2,61.1,15,1,M,180,Lahore,Clear,1
5262,2026-04-09,235.2,68.4,11,0,L,42,Islamabad,Hot,1
5263,2026-03-22,230.5,59.3,13,1,M,180,Islamabad,Clear,1
5264,2026-04-07,231.2,64.1,13,0,L,92,Islamabad,Rain,1
5265,2026-03-21,229.0,46.6,20,1,M,180,Karachi,Hot,1
5266,2026-04-02,231.2,64.1,100,1,M,84,Islamabad,Clear,1
5267,2026-03-28,229.0,34.5,20,2,H,147,Islamabad,Rain,0
5268,2026-03-29,230.2,50.2,25,1,M,3,Karachi,Hot,0
5269,2026-03-31,235.0,50.2,12,1,M,170,Lahore,Clear,0
5270,2026-04-04,224.2,35.7,40,2,H,180,Lahore,Rain,1
5271,2026-03-15,231.2,64.1,13,0,L,92,Islamabad,Clear,1
5272,2026-03-20,233.2,59.9,25,0,L,29,Karachi,Hot,0
5273,2026-04-10,225.0,27.9,19,2,H,100,Islamabad,Rain,1
5274,2026-04-06,231.8,52.0,100,0,L,180,Karachi,Rain,0
5275,2026-03-29,231.5,59.3,14,0,L,64,Karachi,Rain,1
5276,2026-03-26,232.2,41.8,52,1,M,180,Lahore,Hot,0
5277,2026-04-04,233.8,66.5,14,0,L,174,Lahore,Humid,1
5278,2026-04-03,226.5,32.1,31,2,H,54,Karachi,Rain,0
5279,2026-03-16,229.5,38.7,31,1,M,128,Islamabad,Hot,0
5280,2026-03-19,230.2,51.4,13,2,H,159,Lahore,Clear,1
5281,2026-03-23,237.8,70.2,100,1,M,26,Islamabad,Clear,1
5282,2026-04-03,232.0,57.5,54,1,M,114,Lahore,Hot,0
5283,2026-03-28,233.0,55.7,40,2,H,71,Lahore,Humid,0
5284,2026-04-01,236.8,65.3,21,2,H,180,Islamabad,Hot,1
5285,2026-04-12,228.2,46.0,34,1,M,76,Lahore,Clear,0
5286,2026-04-05,230.5,41.2,24,2,H,40,Lahore,Clear,1
5287,2026-03-22,232.0,52.0,25,2,H,58,Islamabad,Rain,0
5288,2026-03-16,226.5,38.7,23,0,L,20,Lahore,Humid,1
5289,2026-03-23,225.2,28.5,10,1,M,105,Lahore,Hot,1
5290,2026-03-21,230.5,41.2,24,2,H,40,Lahore,Clear,1
5291,2026-04-13,226.8,30.9,46,2,H,171,Islamabad,Clear,0
5292,2026-04-12,234.0,68.4,15,0,L,32,Karachi,Clear,1
5293,2026-04-01,226.8,30.9,16,2,H,176,Islamabad,Hot,0
5294,2026-04-10,223.5,26.6,44,2,H,146,Karachi,Hot,0
5295,2026-03-30,231.8,64.7,11,2,H,20,Lahore,Humid,1
5296,2026-04-04,233.2,55.7,47,0,L,180,Karachi,Rain,0
5297,2026-03-19,236.8,65.3,21,2,H,180,Islamabad,Rain,1
5298,2026-04-06,234.8,62.3,34,0,L,0,Islamabad,Rain,0
5299,2026-04-12,226.2,36.9,22,1,M,19,Lahore,Clear,1
5300,2026-03-29,232.2,58.1,11,1,M,75,Karachi,Rain,1
5301,2026-03-19,225.0,27.9,19,2,H,100,Lahore,Clear,1
5302,2026-03-25,228.0,38.1,16,1,M,5,Lahore,Humid,0
5303,2026-04-13,229.0,50.2,28,0,L,180,Islamabad,Clear,0
5304,2026-04-05,232.5,44.8,23,0,L,180,Karachi,Humid,0
5305,2026-03-28,230.2,39.9,10,2,H,152,Karachi,Humid,0
5306,2026-04-08,231.0,59.3,100,1,M,180,Karachi,Rain,1
5307,2026-04-02,231.0,49.0,20,1,M,10,Karachi,Rain,0
5308,2026-03-17,230.5,58.7,11,0,L,180,Lahore,Clear,1
5309,2026-04-07,237.2,68.4,63,2,H,132,Lahore,Hot,0
5310,2026-03-24,234.2,67.7,10,0,L,180,Islamabad,Rain,1
5311,2026-04-11,234.0,58.7,15,0,L,87,Lahore,Rain,0
5312,2026-03-20,236.2,70.2,17,2,H,112,Lahore,Hot,1
5313,2026-04-11,236.8,64.7,28,0,L,180,Islamabad,Hot,1
5314,2026-04-09,230.2,60.5,10,2,H,147,Islamabad,Rain,1
5315,2026-03-17,225.2,29.7,35,2,H,180,Islamabad,Hot,1
5316,2026-03-16,229.0,36.9,13,2,H,72,Lahore,Clear,0
5317,2026-03-27,228.8,46.6,49,1,M,179,Lahore,Humid,1
5318,2026-04-01,231.0,49.6,29,1,M,180,Islamabad,Humid,0
5319,2026-03-16,232.0,62.9,17,1,M,144,Islamabad,Rain,1
5320,2026-03-29,226.2,39.9,16,0,L,172,Islamabad,Rain,1
5321,2026-03-19,236.8,66.5,44,1,M,129,Lahore,Clear,0
5322,2026-03-29,235.5,63.5,40,2,H,112,Lahore,Hot,0
5323,2026-04-11,227.2,36.9,52,1,M,119,Karachi,Rain,0
5324,2026-04-04,221.0,21.8,22,1,M,24,Lahore,Humid,0
5325,2026-03-31,234.2,69.0,11,1,M,44,Lahore,Clear,1
5326,2026-03-16,233.2,56.9,29,1,M,91,Lahore,Clear,0
5327,2026-04-01,232.5,57.5,14,1,M,0,Islamabad,Hot,1
5328,2026-03-29,231.8,63.5,31,1,M,45,Lahore,Rain,0
5329,2026-04-03,228.5,46.6,40,1,M,170,Islamabad,Rain,0
5330,2026-04-06,225.2,30.9,20,0,L,133,Karachi,Clear,0
5331,2026-03-17,225.5,29.7,36,2,H,63,Karachi,Humid,0
5332,2026-03-19,234.5,64.1,43,2,H,180,Islamabad,Rain,1
5333,2026-03-25,234.2,67.7,15,0,L,9,Islamabad,Humid,1
5334,2026-03-23,230.8,55.7,25,1,M,18,Islamabad,Clear,0
5335,2026-03-19,228.5,41.8,100,0,L,143,Lahore,Rain,1
5336,2026-04-08,231.8,64.7,11,2,H,20,Karachi,Humid,1
5337,2026-03-15,232.8,46.0,23,1,M,98,Islamabad,Clear,0
5338,2026-04-08,231.2,63.5,13,0,L,148,Lahore,Humid,1
5339,2026-03-28,225.2,28.5,25,0,L,33,Karachi,Rain,0
5340,2026-03-19,232.5,61.1,13,0,L,180,Lahore,Hot,1
5341,2026-03-22,225.2,28.5,10,1,M,105,Karachi,Humid,1
5342,2026-04-04,230.5,41.2,24,2,H,40,Lahore,Hot,1
5343,2026-03-28,230.2,60.5,10,2,H,147,Karachi,Rain,1
5344,2026-04-11,233.5,66.5,17,1,M,117,Karachi,Hot,1
5345,2026-03-30,228.2,44.8,20,0,L,86,Lahore,Clear,0
5346,2026-03-20,235.5,70.8,13,2,H,66,Islamabad,Hot,1
5347,2026-03-22,238.0,72.6,16,0,L,180,Karachi,Humid,1
5348,2026-03-16,232.8,59.9,34,0,L,83,Islamabad,Humid,0
5349,2026-04-02,233.2,62.3,32,1,M,72,Lahore,Hot,0
5350,2026-04-10,228.2,44.2,31,2,H,70,Islamabad,Clear,0
5351,2026-03-23,232.5,52.0,24,0,L,78,Islamabad,Rain,1
5352,2026-03-19,231.8,64.7,11,2,H,20,Islamabad,Hot,1
5353,2026-03-19,238.8,72.6,10,2,H,161,Islamabad,Humid,1
5354,2026-04-08,226.2,38.1,27,0,L,71,Islamabad,Humid,0
5355,2026-04-09,230.5,51.4,20,2,H,180,Karachi,Hot,1
5356,2026-04-02,231.2,50.8,47,1,M,180,Karachi,Hot,1
5357,2026-04-13,232.2,58.7,43,0,L,180,Karachi,Hot,0
5358,2026-03-18,226.2,41.8,82,1,M,23,Lahore,Rain,0
5359,2026-03-30,238.2,73.8,24,2,H,23,Islamabad,Humid,0
5360,2026-03-30,234.5,49.6,31,2,H,27,Karachi,Humid,0
5361,2026-03-30,232.0,41.2,19,0,L,180,Lahore,Humid,0
5362,2026-03-21,227.0,30.9,12,0,L,180,Karachi,Rain,1
5363,2026-04-01,226.5,33.3,47,2,H,54,Karachi,Clear,0
5364,2026-04-07,231.0,61.7,17,1,M,12,Islamabad,Humid,1
5365,2026-04-04,231.0,62.3,53,1,M,112,Lahore,Humid,0
5366,2026-03-15,233.0,59.9,22,1,M,20,Islamabad,Clear,1
5367,2026-03-17,232.8,64.7,10,2,H,25,Islamabad,Rain,1
5368,2026-04-08,234.0,47.8,60,0,L,151,Karachi,Clear,0
5369,2026-04-04,225.2,36.3,39,2,H,114,Islamabad,Clear,0
5370,2026-03-22,234.5,48.4,25,0,L,130,Lahore,Clear,0
5371,2026-03-15,235.5,69.0,10,0,L,59,Islamabad,Clear,1
5372,2026-04-13,235.0,62.3,44,1,M,180,Islamabad,Rain,0
5373,2026-03-21,231.0,56.3,10,0,L,180,Islamabad,Rain,1
5374,2026-03-21,235.2,62.3,36,1,M,180,Karachi,Clear,0
5375,2026-03-22,233.0,54.5,10,0,L,69,Lahore,Hot,0
5376,2026-04-02,234.2,53.2,25,2,H,38,Karachi,Hot,0
5377,2026-03-31,224.2,35.7,40,2,H,180,Karachi,Hot,1
5378,2026-03-25,229.2,32.7,34,1,M,134,Karachi,Hot,0
5379,2026-03-29,233.8,54.5,32,1,M,13,Karachi,Humid,0
5380,2026-03-23,230.5,50.8,100,2,H,81,Karachi,Rain,1
5381,2026-03-31,232.2,41.8,20,0,L,12,Lahore,Rain,0
5382,2026-03-25,230.8,61.1,16,1,M,6,Islamabad,Clear,1
5383,2026-03-20,225.0,27.9,19,2,H,100,Karachi,Humid,1
5384,2026-03-23,229.5,39.3,17,1,M,130,Karachi,Clear,0
5385,2026-04-13,229.2,39.3,16,0,L,180,Lahore,Clear,1
5386,2026-04-01,233.0,63.5,16,2,H,101,Lahore,Rain,1
5387,2026-04-03,231.8,57.5,100,1,M,21,Islamabad,Humid,1
5388,2026-03-16,234.5,64.1,24,0,L,169,Lahore,Hot,1
5389,2026-03-18,231.5,62.9,18,1,M,165,Islamabad,Rain,1
5390,2026-04-01,221.2,22.4,22,1,M,121,Karachi,Humid,0
5391,2026-04-11,232.2,64.7,15,1,M,6,Karachi,Humid,1
5392,2026-03-15,233.2,53.8,30,0,L,111,Islamabad,Rain,0
5393,2026-03-25,229.5,38.1,51,0,L,148,Lahore,Rain,0
5394,2026-03-17,225.2,29.7,35,2,H,180,Islamabad,Clear,1
5395,2026-03-22,221.2,21.8,13,2,H,135,Lahore,Clear,0
5396,2026-03-19,228.2,35.1,14,0,L,6,Karachi,Clear,0
5397,2026-04-03,234.8,64.1,10,1,M,180,Lahore,Hot,1
5398,2026-04-04,230.2,43.0,20,0,L,180,Islamabad,Rain,1
5399,2026-04-05,233.8,60.5,10,0,L,180,Islamabad,Humid,1
5400,2026-04-05,232.5,46.0,72,0,L,180,Karachi,Rain,1
5401,2026-03-19,232.5,43.6,44,2,H,23,Lahore,Humid,0
5402,2026-04-11,230.0,39.3,100,0,L,102,Lahore,Hot,1
5403,2026-03-25,223.8,26.0,12,1,M,24,Lahore,Rain,1
5404,2026-03-26,230.2,58.7,10,1,M,111,Karachi,Humid,1
5405,2026-04-05,226.2,32.7,19,0,L,35,Lahore,Humid,0
5406,2026-03-23,230.2,39.9,100,0,L,180,Islamabad,Clear,1
5407,2026-04-04,221.2,21.8,22,2,H,69,Lahore,Hot,0
5408,2026-03-27,232.8,44.8,17,0,L,180,Karachi,Rain,1
5409,2026-04-05,230.5,50.8,100,2,H,81,Lahore,Clear,1
5410,2026-04-03,235.8,70.8,100,1,M,71,Lahore,Hot,1
5411,2026-04-12,236.2,65.3,23,0,L,180,Islamabad,Clear,0
5412,2026-03-17,230.5,50.2,19,2,H,180,Lahore,Rain,1
5413,2026-03-27,230.5,41.2,24,2,H,40,Islamabad,Humid,1
5414,2026-04-11,227.8,37.5,23,2,H,153,Islamabad,Rain,0
5415,2026-04-05,230.2,60.5,10,2,H,147,Karachi,Hot,1
5416,2026-03-25,231.8,64.1,16,0,L,67,Islamabad,Rain,1
5417,2026-03-25,236.2,70.2,17,2,H,112,Islamabad,Hot,1
5418,2026-04-04,228.0,34.5,46,0,L,19,Karachi,Clear,0
5419,2026-04-03,227.2,32.1,27,1,M,157,Islamabad,Hot,0
5420,2026-04-04,232.5,61.1,13,0,L,180,Karachi,Humid,1
5421,2026-03-21,235.0,52.6,90,1,M,180,Lahore,Humid,1
5422,2026-03-31,238.8,72.0,22,1,M,180,Karachi,Humid,1
5423,2026-03-30,231.8,42.4,17,0,L,180,Islamabad,Clear,1
5424,2026-03-28,235.0,64.1,27,2,H,25,Karachi,Hot,0
5425,2026-03-15,236.0,64.7,28,2,H,180,Islamabad,Clear,0
5426,2026-03-25,224.8,35.7,22,2,H,180,Lahore,Rain,0
5427,2026-03-27,231.0,42.4,85,2,H,137,Karachi,Rain,0
5428,2026-03-15,229.8,49.0,26,2,H,113,Lahore,Rain,0
5429,2026-03-16,227.5,39.3,25,2,H,28,Islamabad,Rain,0
5430,2026-03-23,230.5,50.2,19,2,H,180,Islamabad,Humid,1
5431,2026-03-27,228.5,38.1,23,0,L,93,Lahore,Hot,0
5432,2026-03-19,230.5,59.9,17,0,L,180,Karachi,Humid,1
5433,2026-04-13,227.2,40.5,30,2,H,84,Karachi,Hot,0
5434,2026-03-23,229.2,52.0,18,2,H,180,Islamabad,Hot,1
5435,2026-03-27,230.8,61.1,16,1,M,6,Lahore,Clear,1
5436,2026-03-19,231.2,52.6,16,2,H,180,Lahore,Rain,1
5437,2026-03-29,224.8,36.3,10,1,M,155,Karachi,Hot,0
5438,2026-04-13,225.2,29.7,35,2,H,180,Karachi,Rain,1
5439,2026-03-21,231.0,41.8,26,2,H,156,Karachi,Rain,0
5440,2026-03-28,230.2,58.7,10,1,M,111,Lahore,Rain,1
5441,2026-04-13,236.5,65.3,10,1,M,180,Karachi,Humid,1
5442,2026-03-30,232.5,57.5,26,1,M,14,Karachi,Rain,0
5443,2026-03-20,225.2,37.5,37,1,M,100,Islamabad,Hot,0
5444,2026-03-16,230.2,60.5,10,2,H,147,Karachi,Humid,1
5445,2026-03-30,233.0,59.9,22,1,M,20,Karachi,Rain,1
5446,2026-04-02,232.2,52.6,58,1,M,180,Lahore,Clear,0
5447,2026-03-19,226.0,33.3,13,1,M,151,Lahore,Rain,1
5448,2026-03-18,225.2,29.7,35,2,H,180,Islamabad,Rain,1
5449,2026-03-28,224.5,35.7,68,2,H,146,Karachi,Humid,0
5450,2026-04-10,230.5,50.2,19,2,H,180,Islamabad,Hot,1
5451,2026-03-20,237.0,70.2,23,0,L,162,Lahore,Rain,0
5452,2026-03-22,236.8,65.3,21,2,H,180,Islamabad,Humid,1
5453,2026-04-07,232.0,62.9,17,1,M,144,Lahore,Humid,1
5454,2026-03-17,225.2,29.7,35,2,H,180,Islamabad,Hot,1
5455,2026-03-18,230.5,50.8,100,2,H,81,Islamabad,Humid,1
5456,2026-03-15,232.0,60.5,37,0,L,124,Karachi,Hot,0
5457,2026-03-16,227.2,33.3,16,2,H,138,Islamabad,Clear,0
5458,2026-03-27,233.0,63.5,16,2,H,101,Karachi,Rain,1
5459,2026-03-23,234.2,67.7,15,0,L,9,Karachi,Humid,1
5460,2026-03-26,233.0,59.9,39,2,H,106,Karachi,Clear,0
5461,2026-03-24,232.5,62.9,16,0,L,155,Karachi,Humid,1
5462,2026-03-24,232.8,45.4,67,0,L,180,Islamabad,Humid,0
5463,2026-04-01,232.8,64.7,10,2,H,25,Lahore,Clear,1
5464,2026-03-26,229.2,53.2,14,1,M,113,Lahore,Humid,1
5465,2026-04-05,230.5,41.2,24,2,H,40,Lahore,Humid,1
5466,2026-04-13,235.8,50.8,17,0,L,117,Islamabad,Clear,0
5467,2026-03-30,238.0,70.2,67,0,L,7,Karachi,Humid,0
5468,2026-04-06,230.5,50.8,100,2,H,81,Lahore,Hot,1
5469,2026-03-20,228.8,46.0,67,1,M,180,Islamabad,Humid,1
5470,2026-04-07,226.2,38.7,28,2,H,180,Karachi,Rain,0
5471,2026-04-08,234.5,67.7,14,1,M,2,Lahore,Humid,1
5472,2026-04-07,232.5,54.5,30,1,M,116,Karachi,Rain,0
5473,2026-04-04,235.5,70.8,13,2,H,66,Lahore,Rain,1
5474,2026-04-07,225.8,38.7,22,1,M,180,Lahore,Humid,1
5475,2026-03-24,238.5,72.6,25,1,M,101,Lahore,Clear,0
5476,2026-03-29,228.2,33.9,61,1,M,66,Karachi,Hot,0
5477,2026-04-09,231.8,59.9,10,0,L,22,Islamabad,Hot,1
5478,2026-03-23,224.5,36.3,19,1,M,166,Karachi,Humid,0
5479,2026-04-13,233.0,62.3,16,1,M,67,Lahore,Clear,1
5480,2026-04-07,236.2,54.5,100,1,M,143,Karachi,Clear,1
5481,2026-03-16,231.8,41.8,33,1,M,24,Islamabad,Hot,0
5482,2026-04-01,227.8,44.2,20,2,H,180,Karachi,Clear,0
5483,2026-03-26,232.0,60.5,10,0,L,90,Islamabad,Humid,1
5484,2026-03-17,232.2,53.8,49,2,H,176,Islamabad,Humid,0
5485,2026-03-21,230.8,41.8,31,0,L,170,Karachi,Clear,0
5486,2026-03-23,225.8,33.3,83,1,M,128,Lahore,Humid,0
5487,2026-03-22,230.5,50.8,100,2,H,81,Islamabad,Rain,1
5488,2026-04-08,224.8,37.5,31,0,L,180,Karachi,Hot,1
5489,2026-03-20,232.2,61.7,16,1,M,126,Islamabad,Humid,1
5490,2026-03-15,230.2,60.5,10,2,H,147,Lahore,Clear,1
5491,2026-03-28,233.0,59.9,22,1,M,20,Karachi,Hot,1
5492,2026-03-30,238.8,72.6,41,0,L,127,Karachi,Humid,0
5493,2026-04-11,233.0,61.7,32,2,H,61,Karachi,Hot,0
5494,2026-03-30,226.2,39.3,36,2,H,163,Lahore,Clear,0
5495,2026-03-18,231.0,59.3,100,1,M,180,Islamabad,Rain,1
5496,2026-04-12,229.8,34.5,50,2,H,180,Karachi,Rain,0
5497,2026-03-20,232.2,58.1,11,1,M,75,Islamabad,Humid,1
5498,2026-03-29,227.5,33.9,17,1,M,74,Islamabad,Rain,0
5499,2026-04-11,225.0,27.9,19,2,H,100,Lahore,Humid,1
5500,2026-04-05,225.8,36.9,17,1,M,156,Karachi,Hot,0
5501,2026-03-22,224.0,34.5,31,2,H,19,Islamabad,Humid,0
5502,2026-03-15,231.2,58.7,11,0,L,40,Karachi,Humid,1
5503,2026-03-27,232.0,60.5,18,1,M,180,Karachi,Humid,0
5504,2026-04-10,238.8,72.6,10,2,H,161,Lahore,Rain,1
5505,2026-04-01,230.8,47.2,20,1,M,164,Karachi,Humid,0
5506,2026-04-01,232.8,57.5,22,0,L,166,Karachi,Clear,0
5507,2026-03-27,232.5,61.1,16,1,M,180,Islamabad,Humid,1
5508,2026-04-05,230.2,51.4,46,0,L,145,Lahore,Hot,1
5509,2026-04-13,233.2,66.5,16,0,L,115,Karachi,Clear,1
5510,2026-03-28,227.0,41.2,23,1,M,90,Islamabad,Hot,0
5511,2026-03-25,232.5,61.1,17,1,M,180,Lahore,Hot,1
5512,2026-03-21,231.5,63.5,13,0,L,55,Lahore,Hot,1
5513,2026-04-01,237.0,70.2,17,2,H,180,Islamabad,Clear,0
5514,2026-04-04,228.2,44.8,41,2,H,130,Islamabad,Clear,0
5515,2026-04-05,237.0,65.9,48,0,L,85,Islamabad,Rain,0
5516,2026-03-18,230.2,60.5,10,2,H,147,Islamabad,Clear,1
5517,2026-03-31,227.0,37.5,100,1,M,86,Islamabad,Humid,1
5518,2026-04-02,224.2,35.7,40,2,H,180,Karachi,Hot,1
5519,2026-03-28,236.2,53.8,61,0,L,72,Karachi,Rain,0
5520,2026-03-24,227.5,32.7,23,2,H,118,Lahore,Clear,0
5521,2026-04-08,233.2,55.7,47,0,L,180,Karachi,Hot,0
5522,2026-04-12,229.0,33.3,36,2,H,100,Karachi,Clear,0
5523,2026-03-20,230.5,51.4,20,2,H,180,Karachi,Rain,1
5524,2026-04-01,235.0,50.2,17,1,M,180,Islamabad,Clear,1
5525,2026-04-08,227.5,45.4,100,0,L,179,Lahore,Clear,1
5526,2026-03-18,234.2,48.4,44,2,H,155,Lahore,Hot,0
5527,2026-03-25,228.5,38.1,23,2,H,162,Lahore,Humid,0
5528,2026-03-27,226.2,41.8,17,1,M,30,Lahore,Clear,1
5529,2026-03-22,227.2,33.9,13,0,L,173,Karachi,Rain,0
5530,2026-03-24,232.8,64.7,10,2,H,25,Karachi,Clear,1
5531,2026-04-06,232.2,64.7,15,1,M,6,Islamabad,Clear,1
5532,2026-04-11,237.8,70.2,100,1,M,26,Lahore,Humid,1
5533,2026-03-25,236.5,65.3,10,1,M,180,Karachi,Hot,1
5534,2026-03-17,235.5,51.4,15,0,L,18,Karachi,Rain,0
5535,2026-03-29,229.8,47.8,21,2,H,98,Islamabad,Hot,0
5536,2026-03-22,228.5,44.8,17,2,H,81,Islamabad,Hot,0
5537,2026-04-03,230.5,60.5,11,0,L,180,Islamabad,Hot,1
5538,2026-04-01,233.5,61.7,43,2,H,105,Karachi,Clear,0
5539,2026-04-10,225.5,30.3,10,0,L,153,Karachi,Humid,1
5540,2026-04-04,224.2,35.7,40,2,H,180,Islamabad,Clear,1
5541,2026-03-15,232.5,61.1,16,1,M,180,Lahore,Rain,1
5542,2026-04-12,230.0,52.0,27,2,H,18,Islamabad,Humid,0
5543,2026-04-07,238.0,70.8,26,2,H,2,Islamabad,Hot,0
5544,2026-04-13,226.0,38.1,21,0,L,180,Islamabad,Humid,1
5545,2026-03-22,237.8,70.2,100,1,M,26,Islamabad,Rain,1
5546,2026-03-17,230.0,34.5,39,0,L,180,Karachi,Clear,0
5547,2026-03-15,233.8,66.5,16,0,L,106,Lahore,Clear,1
5548,2026-04-03,232.8,62.3,18,0,L,22,Islamabad,Hot,1
5549,2026-04-08,233.2,61.1,53,2,H,180,Lahore,Clear,0
5550,2026-03-30,225.8,32.1,19,2,H,180,Lahore,Clear,0
5551,2026-03-23,226.0,38.1,21,0,L,180,Lahore,Rain,1
5552,2026-03-31,236.2,66.5,10,1,M,122,Islamabad,Humid,1
5553,2026-04-10,233.0,58.1,44,0,L,44,Karachi,Clear,0
5554,2026-03-30,222.5,23.6,35,0,L,107,Islamabad,Rain,0
5555,2026-04-06,223.2,25.4,34,2,H,28,Lahore,Rain,0
5556,2026-03-20,232.2,43.0,13,2,H,148,Lahore,Hot,0
5557,2026-04-13,231.2,59.3,100,0,L,180,Karachi,Rain,1
5558,2026-04-06,233.2,57.5,38,1,M,118,Islamabad,Hot,0
5559,2026-03-21,229.5,33.9,80,0,L,180,Lahore,Clear,0
5560,2026-04-07,232.8,58.7,76,1,M,180,Karachi,Hot,0
5561,2026-03-30,233.0,63.5,16,2,H,101,Lahore,Rain,1
5562,2026-03-22,233.0,59.9,22,1,M,20,Karachi,Humid,1
5563,2026-03-24,234.0,53.8,75,0,L,107,Karachi,Humid,0
5564,2026-03-28,225.8,38.1,44,2,H,2,Islamabad,Clear,0
5565,2026-03-25,229.8,52.6,80,1,M,180,Lahore,Clear,1
5566,2026-03-16,232.0,59.9,39,1,M,130,Islamabad,Humid,0
5567,2026-03-26,235.0,69.0,16,1,M,180,Lahore,Hot,1
5568,2026-04-11,238.8,71.4,31,2,H,154,Islamabad,Clear,0
5569,2026-04-11,227.5,32.1,28,2,H,98,Lahore,Rain,0
5570,2026-04-03,232.5,61.1,17,1,M,180,Islamabad,Clear,1
5571,2026-04-03,231.5,62.9,17,1,M,161,Karachi,Hot,1
5572,2026-03-27,231.8,64.7,11,2,H,20,Lahore,Clear,1
5573,2026-03-29,227.8,34.5,27,2,H,96,Lahore,Rain,0
5574,2026-04-10,227.5,44.8,25,0,L,134,Karachi,Rain,1
5575,2026-04-09,239.8,74.4,38,1,M,180,Islamabad,Rain,0
5576,2026-03-26,235.8,69.0,32,0,L,180,Lahore,Hot,1
5577,2026-03-27,232.8,52.6,55,0,L,84,Lahore,Hot,0
5578,2026-03-22,231.8,54.5,31,2,H,86,Islamabad,Rain,0
5579,2026-03-30,233.5,51.4,10,1,M,180,Karachi,Rain,1
5580,2026-04-13,221.5,23.0,10,1,M,89,Islamabad,Hot,1
5581,2026-04-12,237.2,53.2,22,0,L,117,Islamabad,Hot,0
5582,2026-04-12,230.5,50.8,100,2,H,81,Islamabad,Hot,1
5583,2026-03-17,238.8,72.6,10,2,H,161,Lahore,Humid,1
5584,2026-04-11,227.0,30.9,12,0,L,180,Karachi,Hot,1
5585,2026-04-12,232.5,61.1,10,2,H,101,Karachi,Rain,1
5586,2026-03-27,230.5,50.2,19,2,H,180,Islamabad,Humid,1
5587,2026-03-26,232.0,43.0,23,0,L,40,Lahore,Hot,0
5588,2026-04-02,232.5,61.1,10,2,H,101,Islamabad,Rain,1
5589,2026-04-12,231.0,41.2,10,1,M,180,Lahore,Clear,1
5590,2026-03-16,232.5,61.1,16,1,M,180,Lahore,Humid,1
5591,2026-03-15,227.0,33.3,17,0,L,110,Lahore,Rain,0
5592,2026-03-22,235.8,69.6,24,0,L,88,Lahore,Clear,0
5593,2026-04-13,235.8,69.0,32,0,L,180,Karachi,Rain,1
5594,2026-03-23,235.0,52.6,90,1,M,180,Lahore,Hot,1
5595,2026-04-08,236.8,69.6,10,0,L,94,Lahore,Hot,1
5596,2026-04-10,238.8,72.6,10,2,H,161,Islamabad,Clear,1
5597,2026-03-22,230.2,51.4,18,0,L,180,Islamabad,Hot,1
5598,2026-04-04,227.0,36.3,23,0,L,180,Karachi,Rain,1
5599,2026-03-31,230.5,50.2,19,2,H,180,Islamabad,Clear,1
5600,2026-03-23,225.5,28.5,67,1,M,130,Lahore,Rain,0
5601,2026-03-20,231.8,59.9,17,1,M,73,Islamabad,Rain,1
5602,2026-04-11,228.0,37.5,10,0,L,18,Karachi,Rain,0
5603,2026-03-29,230.2,52.0,34,2,H,166,Islamabad,Hot,0
5604,2026-04-06,227.5,38.7,22,1,M,119,Islamabad,Hot,1
5605,2026-04-07,230.5,41.2,24,2,H,40,Karachi,Rain,1
5606,2026-03-27,230.0,60.5,19,1,M,142,Karachi,Humid,1
5607,2026-04-04,236.8,64.7,28,0,L,180,Lahore,Rain,1
5608,2026-04-05,228.0,41.2,33,0,L,180,Islamabad,Rain,0
5609,2026-03-26,232.2,41.2,40,0,L,180,Lahore,Clear,0
5610,2026-03-27,229.0,38.1,33,2,H,5,Islamabad,Rain,0
5611,2026-03-21,235.0,69.0,10,0,L,51,Islamabad,Hot,1
5612,2026-04-06,229.2,39.3,36,0,L,37,Lahore,Clear,0
5613,2026-04-01,229.5,33.9,42,2,H,180,Islamabad,Humid,0
5614,2026-03-28,227.8,35.7,48,0,L,94,Islamabad,Clear,0
5615,2026-03-25,238.8,72.0,22,1,M,180,Islamabad,Humid,1
5616,2026-04-11,226.2,39.9,35,2,H,36,Karachi,Clear,0
5617,2026-03-28,227.2,36.9,22,1,M,27,Lahore,Clear,0
5618,2026-03-31,233.8,46.6,64,0,L,180,Karachi,Humid,0
5619,2026-04-07,230.8,41.2,33,2,H,53,Lahore,Hot,0
5620,2026-04-04,229.8,38.7,51,0,L,163,Lahore,Hot,1
5621,2026-04-09,235.8,63.5,29,1,M,175,Islamabad,Hot,0
5622,2026-03-16,230.0,59.3,24,0,L,180,Lahore,Clear,1
5623,2026-04-02,231.0,62.9,18,1,M,107,Karachi,Rain,1
5624,2026-03-30,226.8,37.5,11,0,L,180,Karachi,Clear,1
5625,2026-04-05,234.0,61.7,33,0,L,180,Karachi,Rain,1
5626,2026-03-24,233.5,54.5,10,0,L,177,Lahore,Rain,1
5627,2026-04-05,231.0,43.0,23,0,L,180,Karachi,Hot,1
5628,2026-03-22,232.5,52.0,26,1,M,180,Lahore,Rain,0
5629,2026-04-04,236.5,65.3,10,1,M,180,Karachi,Clear,1
5630,2026-03-19,230.2,51.4,13,2,H,159,Karachi,Clear,1
5631,2026-03-21,225.2,29.7,35,2,H,104,Lahore,Hot,0
5632,2026-04-09,229.2,52.0,18,2,H,180,Karachi,Humid,1
5633,2026-03-27,231.0,57.5,34,0,L,52,Islamabad,Clear,0
5634,2026-03-30,226.2,43.6,26,0,L,8,Lahore,Rain,0
5635,2026-04-13,235.2,69.6,25,0,L,173,Lahore,Clear,0
5636,2026-03-19,231.2,43.0,51,1,M,17,Lahore,Clear,0
5637,2026-03-30,229.8,39.3,22,0,L,105,Islamabad,Clear,0
5638,2026-03-29,226.2,32.1,20,0,L,180,Lahore,Humid,1
5639,2026-03-23,227.2,32.1,10,0,L,180,Karachi,Rain,0
5640,2026-04-05,232.5,56.9,17,1,M,92,Karachi,Hot,1
5641,2026-04-06,232.0,54.5,18,0,L,180,Karachi,Clear,1
5642,2026-03-26,227.8,32.7,13,1,M,180,Lahore,Rain,1
5643,2026-03-22,228.0,46.6,35,1,M,82,Karachi,Rain,0
5644,2026-03-27,231.0,53.2,20,0,L,180,Lahore,Hot,1
5645,2026-03-19,227.5,36.3,28,1,M,176,Karachi,Clear,1
5646,2026-03-28,233.5,65.9,73,1,M,58,Islamabad,Humid,0
5647,2026-03-30,235.5,61.7,40,2,H,160,Islamabad,Rain,0
5648,2026-03-25,226.0,32.1,28,2,H,2,Islamabad,Hot,0
5649,2026-04-03,230.5,40.5,25,0,L,46,Islamabad,Humid,0
5650,2026-03-26,230.5,50.8,100,2,H,81,Lahore,Rain,1
5651,2026-03-29,233.8,47.2,94,0,L,144,Karachi,Clear,0
5652,2026-04-07,233.8,62.3,56,0,L,68,Islamabad,Rain,0
5653,2026-03-26,225.0,27.9,19,2,H,100,Lahore,Humid,1
5654,2026-04-09,230.5,50.8,100,2,H,81,Islamabad,Humid,1
5655,2026-03-23,231.0,42.4,42,0,L,62,Islamabad,Clear,0
5656,2026-03-15,226.0,30.3,21,2,H,79,Lahore,Clear,0
5657,2026-03-17,236.2,70.2,17,2,H,112,Lahore,Hot,1
5658,2026-03-26,231.8,52.6,10,0,L,160,Karachi,Clear,0
5659,2026-04-03,228.0,43.6,37,1,M,180,Karachi,Hot,0
5660,2026-03-27,229.8,33.9,30,0,L,180,Islamabad,Humid,1
5661,2026-04-06,230.8,61.1,16,1,M,6,Islamabad,Humid,1
5662,2026-03-20,231.2,52.6,16,2,H,180,Karachi,Rain,1
5663,2026-03-24,232.5,62.9,16,0,L,155,Karachi,Rain,1
5664,2026-03-24,235.2,69.0,11,1,M,69,Lahore,Hot,1
5665,2026-03-30,234.8,64.7,100,1,M,2,Karachi,Clear,1
5666,2026-04-10,240.0,75.0,31,0,L,180,Karachi,Clear,1
5667,2026-03-15,230.2,51.4,13,2,H,159,Islamabad,Rain,1
5668,2026-03-30,233.2,61.1,15,1,M,180,Karachi,Humid,1
5669,2026-03-18,228.5,41.8,100,0,L,143,Islamabad,Hot,1
5670,2026-03-20,227.0,37.5,100,1,M,86,Karachi,Humid,1
5671,2026-04-02,226.8,38.7,28,2,H,58,Lahore,Humid,0
5672,2026-03-16,233.0,62.3,16,1,M,67,Karachi,Clear,1
5673,2026-04-01,235.8,70.8,100,1,M,71,Karachi,Hot,1
5674,2026-03-24,233.8,67.7,28,2,H,20,Karachi,Humid,0
5675,2026-04-11,228.8,46.6,22,0,L,140,Islamabad,Rain,0
5676,2026-04-11,233.5,52.6,100,0,L,170,Lahore,Rain,1
5677,2026-03-18,233.8,65.9,13,1,M,180,Karachi,Clear,1
5678,2026-04-12,231.2,47.8,10,0,L,62,Islamabad,Rain,1
5679,2026-03-15,232.2,58.1,73,1,M,180,Lahore,Rain,0
5680,2026-03-29,238.8,72.0,22,1,M,180,Islamabad,Humid,1
5681,2026-03-24,234.5,64.1,24,0,L,169,Islamabad,Rain,1
5682,2026-04-01,227.5,36.3,29,1,M,96,Lahore,Rain,0
5683,2026-03-30,233.8,65.9,13,1,M,180,Karachi,Humid,1
5684,2026-03-27,234.2,48.4,49,1,M,180,Islamabad,Clear,1
5685,2026-04-09,233.8,67.7,16,0,L,29,Islamabad,Clear,1
5686,2026-03-29,234.8,61.7,34,2,H,41,Karachi,Hot,0
5687,2026-03-16,227.2,33.9,38,1,M,90,Karachi,Rain,0
5688,2026-04-03,234.5,62.3,25,0,L,28,Lahore,Humid,0
5689,2026-03-18,227.8,41.2,25,2,H,4,Lahore,Hot,0
5690,2026-03-15,233.0,55.7,60,2,H,59,Lahore,Clear,0
5691,2026-03-21,239.5,73.8,35,2,H,58,Karachi,Clear,0
5692,2026-04-06,226.5,37.5,62,2,H,49,Islamabad,Humid,0
5693,2026-04-09,238.8,72.6,10,2,H,161,Islamabad,Hot,1
5694,2026-03-25,239.0,72.0,37,1,M,168,Lahore,Hot,0
5695,2026-04-09,230.5,41.2,24,2,H,40,Karachi,Humid,1
5696,2026-03-24,234.8,61.7,39,1,M,79,Islamabad,Humid,0
5697,2026-03-15,231.5,62.9,17,1,M,161,Lahore,Hot,1
5698,2026-03-25,233.0,58.1,44,0,L,44,Islamabad,Clear,0
5699,2026-04-07,235.5,69.0,10,0,L,59,Islamabad,Rain,1
5700,2026-03-24,230.5,51.4,20,2,H,180,Karachi,Clear,1
5701,2026-03-28,228.5,38.7,38,1,M,167,Karachi,Humid,0
5702,2026-03-28,236.5,65.3,10,1,M,180,Islamabad,Hot,1
5703,2026-03-21,225.5,37.5,11,0,L,67,Lahore,Hot,1
5704,2026-04-06,233.0,59.9,39,2,H,106,Karachi,Rain,0
5705,2026-03-25,231.5,63.5,29,1,M,160,Islamabad,Hot,0
5706,2026-04-05,231.2,41.8,100,0,L,142,Karachi,Rain,1
5707,2026-04-11,231.8,59.9,17,1,M,73,Karachi,Clear,1
5708,2026-03-18,233.5,47.2,21,0,L,180,Karachi,Clear,0
5709,2026-04-10,227.0,32.1,23,2,H,104,Islamabad,Hot,0
5710,2026-04-07,224.8,37.5,31,0,L,180,Lahore,Hot,1
5711,2026-03-16,229.2,52.0,18,2,H,180,Lahore,Humid,1
5712,2026-03-21,226.0,34.5,99,1,M,180,Lahore,Humid,0
5713,2026-04-02,234.0,66.5,17,0,L,146,Karachi,Hot,1
5714,2026-03-28,236.5,53.2,66,0,L,144,Islamabad,Hot,0
5715,2026-04-02,233.5,55.1,25,0,L,168,Karachi,Clear,0
5716,2026-04-13,232.8,64.7,10,2,H,25,Lahore,Hot,1
5717,2026-03-21,229.0,38.7,79,2,H,132,Lahore,Humid,0
5718,2026-03-26,225.2,38.7,42,1,M,173,Islamabad,Clear,0
5719,2026-03-17,238.8,72.6,10,2,H,161,Karachi,Rain,1
5720,2026-03-29,236.5,65.3,10,1,M,180,Lahore,Humid,1
5721,2026-03-19,233.0,54.5,19,0,L,173,Islamabad,Humid,0
5722,2026-03-22,236.2,69.6,62,1,M,109,Karachi,Clear,0
5723,2026-03-28,228.0,44.8,56,2,H,91,Karachi,Rain,0
5724,2026-04-12,229.5,47.8,81,0,L,165,Lahore,Humid,0
5725,2026-03-18,234.2,62.3,13,0,L,180,Lahore,Hot,1
5726,2026-03-21,226.8,37.5,11,0,L,180,Karachi,Humid,1
5727,2026-03-21,233.5,62.3,17,0,L,180,Karachi,Clear,0
5728,2026-04-01,231.2,64.1,100,1,M,84,Lahore,Clear,1
5729,2026-03-28,230.2,51.4,13,2,H,159,Karachi,Clear,1
5730,2026-03-22,236.2,64.7,25,0,L,180,Lahore,Humid,1
5731,2026-04-09,231.0,40.5,23,2,H,37,Karachi,Rain,0
5732,2026-03-26,232.8,64.7,10,2,H,25,Lahore,Hot,1
5733,2026-03-24,230.5,60.5,41,2,H,156,Islamabad,Clear,0
5734,2026-03-28,233.5,54.5,10,0,L,177,Lahore,Rain,1
5735,2026-03-23,227.8,32.7,13,1,M,180,Lahore,Hot,1
5736,2026-03-20,231.5,59.3,47,1,M,19,Islamabad,Clear,0
5737,2026-04-13,232.0,59.9,14,0,L,180,Karachi,Hot,1
5738,2026-03-19,234.8,64.1,10,1,M,180,Islamabad,Hot,1
5739,2026-03-15,229.2,53.2,14,1,M,113,Lahore,Rain,1
5740,2026-03-15,231.2,64.1,36,1,M,97,Karachi,Hot,0
5741,2026-04-08,233.8,50.2,18,1,M,136,Islamabad,Clear,1
5742,2026-04-13,231.8,56.3,38,1,M,78,Karachi,Rain,0
5743,2026-04-03,235.0,49.6,40,1,M,68,Karachi,Humid,0
5744,2026-03-31,229.5,39.9,17,2,H,39,Islamabad,Humid,0
5745,2026-03-25,226.8,44.2,27,1,M,83,Karachi,Rain,0
5746,2026-04-09,227.2,32.7,27,1,M,80,Islamabad,Humid,0
5747,2026-03-26,238.8,72.6,10,2,H,161,Lahore,Hot,1
5748,2026-03-17,236.2,70.2,17,2,H,112,Karachi,Clear,1
5749,2026-03-20,231.0,61.1,18,1,M,166,Lahore,Hot,1
5750,2026-04-13,230.8,41.2,33,2,H,53,Lahore,Rain,0
5751,2026-03-25,233.8,65.9,13,1,M,180,Karachi,Clear,1
5752,2026-04-12,234.5,64.1,24,0,L,169,Islamabad,Rain,1
5753,2026-03-27,228.8,46.6,41,1,M,68,Karachi,Rain,0
5754,2026-03-25,233.8,62.3,23,1,M,68,Lahore,Rain,0
5755,2026-03-22,231.2,41.2,38,1,M,75,Lahore,Hot,0
5756,2026-04-12,230.2,35.7,14,0,L,31,Islamabad,Clear,1
5757,2026-03-24,228.8,46.6,49,1,M,179,Karachi,Clear,1
5758,2026-03-16,231.2,42.4,18,0,L,92,Lahore,Clear,1
5759,2026-04-07,226.8,40.5,55,0,L,72,Lahore,Hot,0
5760,2026-03-28,225.5,30.3,29,1,M,57,Lahore,Humid,0
5761,2026-04-12,224.5,27.9,28,1,M,153,Islamabad,Hot,0
5762,2026-03-30,232.2,55.1,23,1,M,35,Lahore,Hot,0
5763,2026-03-31,234.8,64.1,10,1,M,180,Lahore,Rain,1
5764,2026-03-25,229.2,53.2,14,1,M,113,Karachi,Clear,1
5765,2026-03-16,236.8,53.2,26,0,L,91,Karachi,Clear,1
5766,2026-04-07,227.2,41.2,25,2,H,150,Lahore,Humid,0
5767,2026-04-06,228.8,46.0,67,1,M,180,Lahore,Humid,1
5768,2026-03-19,234.5,64.1,43,2,H,180,Karachi,Rain,1
5769,2026-04-12,233.0,62.3,17,2,H,130,Islamabad,Clear,1
5770,2026-03-30,231.2,62.9,14,0,L,106,Islamabad,Humid,1
5771,2026-03-30,227.5,32.1,28,2,H,98,Islamabad,Humid,0
5772,2026-04-09,233.0,55.7,60,2,H,59,Islamabad,Clear,0
5773,2026-03-16,226.8,44.2,34,1,M,180,Islamabad,Hot,1
5774,2026-03-30,227.8,45.4,68,1,M,117,Islamabad,Humid,0
5775,2026-04-08,232.2,61.1,13,1,M,88,Islamabad,Clear,1
5776,2026-03-19,233.5,46.0,45,1,M,133,Islamabad,Humid,0
5777,2026-03-22,228.8,46.0,67,1,M,180,Karachi,Rain,1
5778,2026-04-12,226.8,44.2,34,1,M,180,Islamabad,Humid,1
5779,2026-04-03,234.5,64.1,43,2,H,180,Islamabad,Clear,1
5780,2026-03-28,231.2,64.1,100,1,M,84,Islamabad,Humid,1
5781,2026-04-08,226.2,41.8,17,1,M,30,Lahore,Rain,1
5782,2026-03-24,234.5,51.4,45,0,L,65,Karachi,Rain,0
5783,2026-04-06,230.5,59.3,13,1,M,180,Karachi,Humid,1
5784,2026-03-16,226.8,34.5,10,2,H,91,Karachi,Humid,0
5785,2026-03-17,227.0,34.5,52,2,H,180,Islamabad,Rain,0
5786,2026-04-13,227.5,44.2,28,0,L,180,Islamabad,Rain,0
5787,2026-04-01,225.2,29.1,49,1,M,115,Lahore,Hot,0
5788,2026-04-04,235.8,50.8,40,1,M,180,Karachi,Hot,0
5789,2026-03-16,227.0,32.7,20,0,L,61,Islamabad,Rain,1
5790,2026-04-04,228.2,45.4,50,1,M,98,Karachi,Humid,0
5791,2026-04-12,224.0,26.0,37,0,L,5,Lahore,Clear,0
5792,2026-03-23,232.5,45.4,22,1,M,7,Lahore,Humid,0
5793,2026-03-16,229.2,34.5,41,2,H,135,Lahore,Humid,0
5794,2026-04-08,233.2,61.1,51,1,M,83,Karachi,Hot,0
5795,2026-03-21,227.2,36.9,16,0,L,180,Islamabad,Hot,1
5796,2026-03-21,234.2,62.9,31,1,M,60,Islamabad,Hot,0
5797,2026-03-28,227.5,32.7,12,2,H,130,Lahore,Rain,0
5798,2026-03-19,236.5,65.3,10,1,M,180,Islamabad,Rain,1
5799,2026-03-22,231.2,50.8,47,1,M,180,Lahore,Humid,1
5800,2026-04-06,230.2,60.5,10,2,H,147,Karachi,Humid,1
5801,2026-04-05,233.0,62.3,17,2,H,130,Lahore,Clear,1
5802,2026-04-01,235.0,55.1,21,0,L,135,Karachi,Humid,0
5803,2026-03-20,221.5,21.8,23,1,M,53,Lahore,Humid,0
5804,2026-03-28,232.8,56.3,23,2,H,18,Islamabad,Hot,0
5805,2026-04-01,235.0,50.2,44,1,M,180,Islamabad,Hot,0
5806,2026-03-31,226.2,33.3,43,1,M,180,Lahore,Hot,0
5807,2026-03-23,224.2,26.0,27,0,L,51,Islamabad,Hot,0
5808,2026-03-27,233.8,65.9,13,1,M,180,Islamabad,Hot,1
5809,2026-03-30,230.5,41.2,24,2,H,40,Islamabad,Clear,1
5810,2026-04-04,226.5,32.7,27,0,L,2,Karachi,Clear,0
5811,2026-03-24,233.2,66.5,16,0,L,115,Islamabad,Clear,1
5812,2026-03-24,225.8,38.1,16,0,L,81,Karachi,Hot,0
5813,2026-03-18,232.2,61.7,13,0,L,159,Lahore,Rain,1
5814,2026-03-26,234.0,66.5,17,0,L,146,Islamabad,Hot,1
5815,2026-04-10,233.2,62.9,11,0,L,179,Islamabad,Hot,0
5816,2026-03-22,230.2,51.4,24,0,L,180,Islamabad,Clear,0
5817,2026-03-29,231.2,64.1,13,0,L,92,Lahore,Hot,1
5818,2026-04-04,231.2,64.1,13,0,L,92,Karachi,Clear,1
5819,2026-04-13,236.2,69.0,14,0,L,52,Karachi,Hot,1
5820,2026-04-06,221.5,23.0,10,1,M,89,Islamabad,Humid,1
5821,2026-04-02,226.2,32.7,27,0,L,25,Lahore,Rain,0
5822,2026-03-29,230.2,54.5,40,1,M,143,Lahore,Rain,0
5823,2026-03-22,233.0,45.4,38,1,M,159,Lahore,Clear,0
5824,2026-03-22,223.5,26.6,44,2,H,146,Lahore,Humid,0
5825,2026-04-02,226.5,36.3,16,0,L,180,Lahore,Rain,1
5826,2026-03-23,225.8,33.3,83,1,M,128,Karachi,Clear,0
5827,2026-04-13,227.0,40.5,22,2,H,143,Karachi,Hot,0
5828,2026-04-07,232.0,41.8,23,2,H,19,Karachi,Hot,0
5829,2026-03-31,227.5,36.3,18,1,M,180,Islamabad,Humid,0
5830,2026-03-22,233.5,61.7,28,2,H,96,Lahore,Rain,0
5831,2026-03-26,232.8,60.5,18,0,L,180,Islamabad,Hot,1
5832,2026-04-10,237.0,70.8,32,2,H,154,Lahore,Clear,0
5833,2026-03-29,235.2,70.2,22,1,M,101,Karachi,Hot,1
5834,2026-03-18,234.8,54.5,25,1,M,140,Islamabad,Hot,0
5835,2026-03-20,235.2,62.3,36,1,M,180,Karachi,Rain,0
5836,2026-04-13,230.5,50.2,19,2,H,180,Lahore,Rain,1
5837,2026-04-12,236.2,70.2,17,2,H,112,Lahore,Clear,1
5838,2026-03-30,233.0,61.7,32,2,H,61,Lahore,Humid,0
5839,2026-04-09,233.2,58.7,24,0,L,180,Karachi,Humid,1
5840,2026-04-08,234.5,50.8,46,2,H,137,Lahore,Hot,0
5841,2026-03-19,235.5,54.5,25,0,L,33,Karachi,Clear,0
5842,2026-04-06,225.8,37.5,39,1,M,32,Islamabad,Humid,0
5843,2026-03-27,230.5,51.4,20,2,H,180,Lahore,Humid,1
5844,2026-03-29,235.2,69.0,31,1,M,180,Lahore,Hot,0
5845,2026-03-31,232.5,62.3,36,1,M,119,Lahore,Clear,0
5846,2026-04-08,227.0,43.6,18,0,L,180,Islamabad,Humid,1
5847,2026-04-13,228.2,44.8,23,0,L,75,Lahore,Rain,0
5848,2026-04-05,225.5,32.1,26,2,H,161,Karachi,Rain,0
5849,2026-04-10,233.0,61.7,22,2,H,180,Karachi,Hot,0
5850,2026-04-03,234.8,52.0,47,1,M,180,Lahore,Hot,0
5851,2026-04-05,229.8,48.4,16,0,L,16,Lahore,Hot,0
5852,2026-03-19,231.0,49.0,49,0,L,13,Islamabad,Hot,0
5853,2026-04-02,233.8,55.1,39,1,M,180,Islamabad,Humid,0
5854,2026-03-21,225.0,35.1,19,0,L,29,Islamabad,Clear,0
5855,2026-03-17,235.2,69.0,17,0,L,180,Lahore,Hot,1
5856,2026-03-27,224.2,26.6,100,0,L,180,Islamabad,Hot,1
5857,2026-03-28,231.8,64.7,11,2,H,20,Islamabad,Humid,1
5858,2026-03-30,229.2,42.4,56,0,L,68,Karachi,Hot,0
5859,2026-03-27,231.2,50.2,23,1,M,180,Islamabad,Hot,0
5860,2026-03-16,229.2,47.2,21,1,M,130,Karachi,Clear,0
5861,2026-03-28,235.5,52.6,13,0,L,180,Karachi,Rain,1
5862,2026-04-03,225.5,31.5,43,1,M,156,Islamabad,Hot,0
5863,2026-03-21,234.8,50.8,52,2,H,180,Karachi,Humid,0
5864,2026-03-19,238.8,72.6,10,2,H,161,Lahore,Clear,1
5865,2026-03-28,229.5,52.6,43,1,M,90,Lahore,Humid,0
5866,2026-03-23,227.2,33.9,18,0,L,75,Islamabad,Clear,0
5867,2026-03-24,224.8,37.5,31,0,L,180,Lahore,Clear,1
5868,2026-03-21,231.8,64.1,17,0,L,80,Karachi,Hot,1
5869,2026-04-11,234.2,48.4,34,1,M,120,Lahore,Hot,0
5870,2026-03-28,234.2,67.7,15,0,L,8,Islamabad,Hot,1
5871,2026-04-08,238.8,72.6,10,2,H,161,Islamabad,Rain,1
5872,2026-03-28,233.0,60.5,18,0,L,180,Karachi,Rain,1
5873,2026-04-08,236.5,66.5,29,0,L,112,Islamabad,Humid,0
5874,2026-04-11,225.0,27.9,19,2,H,100,Lahore,Hot,1
5875,2026-03-16,239.5,73.8,24,0,L,100,Islamabad,Rain,0
5876,2026-03-31,236.2,65.3,28,0,L,180,Karachi,Hot,0
5877,2026-04-10,229.5,53.8,27,2,H,126,Islamabad,Rain,0
5878,2026-04-03,233.5,51.4,10,1,M,180,Lahore,Rain,1
5879,2026-03-18,226.8,44.2,34,1,M,180,Karachi,Clear,1
5880,2026-03-27,229.2,53.2,14,1,M,113,Lahore,Hot,1
5881,2026-04-01,227.8,34.5,20,2,H,97,Karachi,Hot,0
5882,2026-03-17,226.8,33.9,31,1,M,51,Islamabad,Rain,0
5883,2026-04-02,228.8,39.9,54,1,M,37,Karachi,Hot,0
5884,2026-03-19,228.0,35.7,22,2,H,45,Karachi,Rain,0
5885,2026-03-15,228.5,38.1,23,2,H,162,Islamabad,Hot,0
5886,2026-03-23,232.0,44.8,55,0,L,179,Lahore,Clear,0
5887,2026-04-07,229.0,38.1,14,0,L,180,Islamabad,Hot,1
5888,2026-03-22,231.5,47.2,49,0,L,33,Karachi,Clear,0
5889,2026-03-17,239.5,73.8,49,2,H,156,Islamabad,Humid,0
5890,2026-03-16,232.5,59.3,18,1,M,44,Karachi,Hot,0
5891,2026-03-15,232.8,52.0,18,0,L,119,Islamabad,Hot,0
5892,2026-03-26,230.5,58.7,11,0,L,180,Islamabad,Hot,1
5893,2026-04-05,225.0,27.9,19,2,H,100,Lahore,Clear,1
5894,2026-03-27,226.2,36.3,42,0,L,5,Karachi,Hot,0
5895,2026-03-24,236.8,66.5,43,2,H,168,Lahore,Hot,0
5896,2026-03-31,226.8,44.2,34,1,M,180,Karachi,Rain,1
5897,2026-04-13,226.0,33.3,13,1,M,151,Islamabad,Humid,1
5898,2026-03-25,237.8,70.8,29,2,H,54,Karachi,Clear,0
5899,2026-03-19,229.2,52.0,18,2,H,180,Lahore,Rain,1
5900,2026-04-08,233.0,54.5,28,0,L,116,Lahore,Clear,0
5901,2026-04-10,224.2,35.7,40,2,H,180,Lahore,Rain,1
5902,2026-03-23,225.2,29.7,35,2,H,180,Karachi,Humid,1
5903,2026-03-27,228.5,41.2,27,1,M,125,Lahore,Rain,0
5904,2026-04-11,228.5,36.3,62,0,L,122,Lahore,Clear,0
5905,2026-04-03,227.5,31.5,30,0,L,86,Lahore,Hot,0
5906,2026-04-06,231.0,42.4,33,0,L,57,Islamabad,Hot,0
5907,2026-04-13,225.8,38.7,22,1,M,180,Islamabad,Humid,1
5908,2026-03-25,234.8,51.4,15,2,H,78,Karachi,Clear,0
5909,2026-04-06,231.5,56.3,36,0,L,129,Karachi,Clear,0
5910,2026-03-18,232.5,61.1,10,2,H,101,Lahore,Clear,1
5911,2026-04-04,231.2,64.1,13,0,L,92,Islamabad,Humid,1
5912,2026-03-25,227.8,37.5,44,1,M,58,Lahore,Hot,0
5913,2026-03-23,231.2,52.6,16,2,H,180,Lahore,Rain,1
5914,2026-03-21,224.2,35.7,40,2,H,180,Islamabad,Humid,1
5915,2026-03-30,234.5,67.7,14,1,M,2,Islamabad,Rain,1
5916,2026-04-06,231.0,57.5,27,1,M,32,Islamabad,Hot,0
5917,2026-04-09,238.5,71.4,10,0,L,180,Karachi,Humid,1
5918,2026-04-06,230.8,52.0,46,0,L,88,Karachi,Hot,0
5919,2026-04-08,233.5,59.9,22,1,M,171,Lahore,Rain,0
5920,2026-03-19,231.8,43.0,17,2,H,104,Karachi,Clear,0
5921,2026-03-20,230.5,60.5,11,0,L,180,Islamabad,Clear,1
5922,2026-04-02,233.5,64.7,10,1,M,125,Islamabad,Rain,1
5923,2026-03-15,231.2,64.1,67,2,H,87,Karachi,Clear,0
5924,2026-04-10,235.5,69.0,10,0,L,59,Lahore,Rain,1
5925,2026-03-30,233.0,63.5,16,2,H,101,Lahore,Humid,1
5926,2026-04-11,223.8,26.0,12,1,M,24,Karachi,Humid,1
5927,2026-04-01,234.8,69.0,37,0,L,137,Lahore,Humid,0
5928,2026-04-07,231.8,52.0,31,2,H,124,Lahore,Clear,0
5929,2026-03-27,230.5,59.3,13,1,M,180,Lahore,Hot,1
5930,2026-03-15,231.5,42.4,29,1,M,144,Islamabad,Clear,0
5931,2026-03-24,224.2,35.7,40,2,H,180,Islamabad,Clear,1
5932,2026-03-21,235.5,52.6,20,0,L,180,Karachi,Hot,1
5933,2026-03-19,231.2,63.5,11,0,L,86,Islamabad,Hot,1
5934,2026-03-27,234.2,69.0,11,1,M,44,Lahore,Hot,1
5935,2026-04-05,227.2,32.1,23,1,M,160,Islamabad,Hot,0
5936,2026-03-30,232.2,58.1,49,1,M,40,Karachi,Clear,0
5937,2026-04-07,232.8,64.7,10,2,H,25,Islamabad,Rain,1
5938,2026-04-03,226.5,38.1,40,0,L,69,Lahore,Humid,0
5939,2026-04-05,230.5,43.0,24,2,H,0,Lahore,Rain,0
5940,2026-03-28,232.0,57.5,42,1,M,157,Karachi,Clear,0
5941,2026-03-25,231.2,47.2,34,2,H,180,Islamabad,Hot,0
5942,2026-04-02,227.0,30.9,12,0,L,180,Islamabad,Humid,1
5943,2026-04-06,229.2,49.6,30,1,M,48,Islamabad,Humid,0
5944,2026-03-16,226.5,32.1,26,1,M,180,Lahore,Rain,1
5945,2026-04-11,236.2,70.2,17,2,H,112,Karachi,Clear,1
5946,2026-03-22,236.2,70.2,17,2,H,112,Islamabad,Clear,1
5947,2026-03-27,231.2,64.1,67,2,H,87,Lahore,Clear,0
5948,2026-03-21,234.0,47.8,60,0,L,151,Lahore,Humid,0
5949,2026-03-26,228.5,38.1,44,2,H,125,Lahore,Rain,0
5950,2026-04-11,228.0,38.7,58,2,H,24,Islamabad,Humid,0
5951,2026-03-22,225.0,27.9,19,2,H,100,Islamabad,Humid,1
5952,2026-03-30,226.0,36.3,20,1,M,148,Islamabad,Hot,0
5953,2026-04-01,232.0,57.5,11,1,M,139,Islamabad,Rain,0
5954,2026-04-02,232.5,53.2,73,1,M,36,Islamabad,Hot,0
5955,2026-04-11,230.2,39.9,23,1,M,80,Islamabad,Clear,0
5956,2026-03-18,229.8,33.9,13,1,M,7,Islamabad,Humid,0
5957,2026-04-11,227.5,36.3,43,0,L,180,Islamabad,Rain,0
5958,2026-04-08,235.5,70.8,13,2,H,66,Islamabad,Clear,1
5959,2026-04-11,227.8,32.7,26,0,L,132,Lahore,Rain,0
5960,2026-03-26,236.8,65.3,21,2,H,180,Islamabad,Humid,1
5961,2026-03-30,224.5,29.7,100,0,L,18,Karachi,Rain,1
5962,2026-04-04,238.8,73.2,21,1,M,155,Lahore,Clear,0
5963,2026-04-05,228.8,44.8,35,0,L,75,Islamabad,Hot,0
5964,2026-03-31,233.2,64.1,10,0,L,114,Karachi,Humid,1
5965,2026-03-18,231.0,49.0,23,2,H,64,Islamabad,Hot,0
5966,2026-04-13,233.2,66.5,16,0,L,115,Karachi,Humid,1
5967,2026-04-03,235.2,51.4,32,0,L,180,Karachi,Clear,1
5968,2026-04-09,231.8,59.9,17,0,L,126,Karachi,Humid,1
5969,2026-04-07,233.0,59.3,68,1,M,23,Karachi,Hot,0
5970,2026-04-07,232.2,64.7,15,1,M,6,Lahore,Humid,1
5971,2026-04-09,230.5,50.2,19,2,H,180,Lahore,Clear,1
5973,2026-04-05,231.5,42.4,49,1,M,101,Islamabad,Hot,0
5974,2026-04-07,239.0,73.2,28,1,M,72,Karachi,Clear,0
5975,2026-03-23,231.0,58.1,16,0,L,70,Lahore,Hot,1
5976,2026-03-19,232.0,53.2,38,2,H,180,Islamabad,Humid,0
5977,2026-03-31,229.2,52.0,18,2,H,180,Lahore,Rain,1
5978,2026-03-31,235.2,50.8,35,1,M,180,Lahore,Hot,1
5979,2026-03-16,233.2,64.1,46,0,L,99,Islamabad,Humid,0
5980,2026-03-16,234.5,67.7,14,1,M,2,Karachi,Rain,1
5981,2026-04-04,234.0,59.3,43,1,M,145,Karachi,Rain,0
5982,2026-04-06,231.5,46.6,46,1,M,6,Karachi,Clear,0
5984,2026-03-21,230.5,50.8,100,2,H,81,Islamabad,Hot,1
5985,2026-03-18,232.0,59.9,14,0,L,180,Islamabad,Hot,1
5986,2026-03-27,232.2,61.7,16,1,M,126,Islamabad,Rain,1
5987,2026-04-03,230.2,51.4,13,2,H,159,Lahore,Humid,1
5988,2026-04-13,224.2,35.7,40,2,H,180,Islamabad,Hot,1
5989,2026-04-13,232.2,51.4,21,2,H,180,Karachi,Hot,0
5990,2026-03-25,235.0,52.6,90,1,M,180,Lahore,Clear,1
5991,2026-04-09,229.5,52.6,64,1,M,66,Karachi,Humid,0
5992,2026-03-17,230.5,50.2,19,2,H,180,Karachi,Rain,1
5993,2026-04-10,230.2,40.5,37,1,M,180,Islamabad,Humid,0
5994,2026-03-16,234.5,62.3,33,1,M,21,Islamabad,Clear,0
5995,2026-03-30,232.0,52.6,25,0,L,180,Karachi,Clear,0
5996,2026-03-17,228.5,43.6,21,2,H,9,Karachi,Humid,0
5997,2026-04-07,236.8,65.3,21,2,H,180,Lahore,Clear,1
5998,2026-03-29,232.8,52.6,14,2,H,180,Islamabad,Clear,0
5999,2026-03-31,235.5,50.2,49,0,L,180,Lahore,Clear,0
6000,2026-03-30,231.0,56.3,10,0,L,180,Lahore,Humid,1
6001,2026-04-03,232.2,61.7,15,0,L,161,Lahore,Clear,1
6002,2026-03-21,233.2,61.7,35,0,L,180,Karachi,Rain,0
6003,2026-03-30,234.0,66.5,13,1,M,164,Lahore,Rain,1
6004,2026-03-19,234.2,67.7,15,0,L,9,Lahore,Hot,1
6005,2026-03-16,230.2,40.5,38,2,H,121,Karachi,Rain,0
6006,2026-03-15,228.2,42.4,23,2,H,20,Islamabad,Hot,0
6007,2026-04-05,233.2,64.1,13,1,M,111,Islamabad,Humid,1
6008,2026-04-12,234.2,48.4,49,1,M,180,Lahore,Clear,1
6009,2026-03-27,228.0,38.7,38,2,H,0,Karachi,Rain,0
6010,2026-03-30,224.2,35.7,40,2,H,180,Islamabad,Hot,1
6011,2026-03-19,235.5,70.8,13,2,H,66,Lahore,Humid,1
6012,2026-03-17,235.0,69.0,16,1,M,180,Lahore,Hot,1
6013,2026-04-10,231.2,64.1,67,2,H,87,Karachi,Clear,0
6014,2026-04-10,230.0,53.2,32,0,L,14,Lahore,Rain,0
6015,2026-03-29,230.0,60.5,19,1,M,142,Islamabad,Humid,1
6016,2026-03-30,231.2,53.2,10,1,M,157,Karachi,Hot,0
6017,2026-03-25,235.5,70.8,13,2,H,66,Islamabad,Humid,1
6018,2026-04-08,232.5,61.1,10,2,H,101,Islamabad,Hot,1
6019,2026-04-02,231.8,64.1,16,0,L,67,Islamabad,Hot,1
6020,2026-04-01,232.5,61.1,17,1,M,180,Lahore,Clear,1
6021,2026-04-04,225.2,29.7,35,2,H,180,Lahore,Clear,1
6022,2026-03-23,225.8,37.5,38,1,M,151,Islamabad,Hot,0
6023,2026-03-22,230.2,43.0,20,0,L,180,Islamabad,Rain,1
6024,2026-04-05,227.5,41.8,37,0,L,80,Karachi,Humid,0
6025,2026-04-02,232.0,61.7,31,1,M,111,Karachi,Humid,0
6026,2026-04-05,226.5,32.1,30,1,M,2,Lahore,Clear,0
6027,2026-03-19,235.8,63.5,38,2,H,167,Lahore,Rain,0
6028,2026-03-31,231.2,41.2,46,2,H,180,Karachi,Hot,0
6029,2026-03-19,232.8,62.3,24,2,H,119,Islamabad,Clear,0
6030,2026-03-28,232.2,58.7,46,0,L,66,Lahore,Hot,0
6031,2026-03-21,227.8,45.4,76,0,L,164,Islamabad,Hot,0
6032,2026-03-23,235.5,70.8,13,2,H,66,Karachi,Clear,1
6033,2026-04-11,234.5,61.7,28,2,H,16,Lahore,Rain,0
6034,2026-03-31,232.8,47.2,33,1,M,163,Lahore,Humid,0
6035,2026-03-17,229.5,39.3,11,1,M,127,Karachi,Clear,0
6036,2026-03-22,231.8,52.0,20,1,M,157,Lahore,Rain,0
6037,2026-04-05,232.5,61.1,16,0,L,41,Karachi,Hot,1
6038,2026-03-27,236.8,65.3,21,2,H,180,Lahore,Clear,1
6039,2026-03-30,234.0,47.2,59,2,H,139,Karachi,Humid,0
6040,2026-04-04,235.2,69.0,11,0,L,180,Lahore,Humid,1
6041,2026-04-12,226.5,33.3,26,1,M,34,Islamabad,Hot,0
6042,2026-03-24,227.5,45.4,100,0,L,179,Islamabad,Clear,1
6043,2026-04-01,231.2,52.6,16,2,H,180,Islamabad,Humid,1
6044,2026-03-17,229.2,36.3,29,2,H,53,Lahore,Clear,0
6045,2026-03-26,231.8,57.5,100,1,M,21,Lahore,Humid,1
6046,2026-03-30,224.2,35.7,40,2,H,180,Islamabad,Hot,1
6047,2026-04-01,232.8,54.5,33,1,M,180,Islamabad,Hot,0
6048,2026-03-31,233.0,62.3,17,2,H,130,Karachi,Clear,1
6049,2026-03-21,230.5,51.4,20,2,H,180,Karachi,Rain,1
6050,2026-04-13,231.0,59.3,100,1,M,180,Karachi,Rain,1
6051,2026-04-02,232.2,61.1,13,1,M,88,Islamabad,Hot,1
6052,2026-04-06,227.5,32.7,23,2,H,118,Islamabad,Humid,0
6053,2026-04-11,235.8,70.2,11,0,L,86,Islamabad,Rain,1
6054,2026-04-06,235.0,50.2,17,1,M,180,Karachi,Hot,1
6055,2026-03-22,233.0,61.1,46,0,L,180,Lahore,Humid,0
6056,2026-03-31,229.2,52.0,18,2,H,180,Islamabad,Humid,1
6057,2026-04-04,227.0,37.5,100,1,M,86,Lahore,Rain,1
6058,2026-04-09,235.0,52.0,23,2,H,87,Lahore,Hot,0
6059,2026-04-08,232.5,56.9,37,0,L,23,Lahore,Humid,0
6060,2026-04-11,226.2,42.4,16,1,M,50,Karachi,Humid,0
6061,2026-04-10,233.2,65.9,20,1,M,52,Lahore,Clear,0
6062,2026-03-21,226.2,32.7,38,2,H,37,Islamabad,Clear,0
6063,2026-03-15,234.8,49.6,46,2,H,162,Karachi,Rain,0
6064,2026-03-22,225.8,38.7,22,1,M,180,Islamabad,Clear,1
6065,2026-04-02,233.8,50.2,18,1,M,136,Islamabad,Hot,1
6066,2026-04-12,230.5,50.8,100,2,H,81,Karachi,Rain,1
6067,2026-04-03,225.8,38.7,22,1,M,180,Islamabad,Rain,1
6068,2026-04-03,234.2,68.4,30,0,L,180,Islamabad,Clear,1
6069,2026-03-24,224.0,35.1,13,0,L,180,Karachi,Humid,1
6070,2026-04-13,233.8,59.9,23,0,L,16,Islamabad,Hot,0
6071,2026-03-26,231.5,62.9,18,1,M,165,Lahore,Hot,1
6072,2026-04-07,228.0,35.7,37,0,L,50,Islamabad,Hot,0
6073,2026-03-15,234.5,64.1,43,2,H,180,Lahore,Rain,1
6074,2026-04-07,225.2,36.3,28,1,M,26,Islamabad,Hot,0
6075,2026-04-08,232.2,61.1,13,1,M,88,Karachi,Humid,1
6076,2026-04-08,230.2,60.5,10,2,H,147,Karachi,Humid,1
6077,2026-04-04,229.2,39.3,32,1,M,94,Islamabad,Clear,0
6078,2026-03-18,231.0,53.2,20,0,L,180,Karachi,Hot,1
6079,2026-03-18,232.5,59.9,31,1,M,70,Islamabad,Rain,0
6080,2026-03-23,234.0,47.2,59,2,H,139,Karachi,Clear,0
6081,2026-03-29,229.2,52.0,18,2,H,180,Lahore,Humid,1
6082,2026-04-07,226.2,30.9,33,2,H,180,Islamabad,Hot,0
6083,2026-04-09,225.8,29.1,11,2,H,19,Lahore,Humid,0
6084,2026-03-29,235.0,49.6,44,0,L,180,Lahore,Clear,0
6085,2026-04-09,235.5,62.9,10,0,L,139,Islamabad,Humid,1
6086,2026-04-11,231.2,50.8,47,1,M,180,Lahore,Hot,1
6087,2026-03-21,232.0,56.9,22,2,H,180,Islamabad,Hot,0
6088,2026-03-26,224.5,36.3,23,1,M,92,Lahore,Clear,0
6089,2026-03-17,231.8,64.7,11,2,H,20,Islamabad,Hot,1
6090,2026-04-03,233.0,63.5,13,0,L,97,Islamabad,Humid,1
6091,2026-03-23,235.5,70.8,13,2,H,66,Karachi,Humid,1
6092,2026-03-28,227.2,33.9,19,1,M,175,Islamabad,Rain,0
6093,2026-03-27,232.8,62.3,18,0,L,22,Islamabad,Rain,1
6094,2026-04-07,235.5,70.8,13,2,H,66,Lahore,Rain,1
6095,2026-04-11,233.0,62.3,17,2,H,130,Islamabad,Humid,1
6096,2026-03-26,228.2,41.8,21,0,L,180,Karachi,Humid,1
6097,2026-03-15,236.2,66.5,10,1,M,122,Lahore,Clear,1
6098,2026-04-02,230.5,59.9,17,0,L,180,Lahore,Rain,1
6099,2026-04-13,230.8,39.9,34,1,M,12,Karachi,Humid,0
6100,2026-03-30,236.2,66.5,10,1,M,122,Lahore,Clear,1
6101,2026-03-26,231.2,62.9,14,0,L,106,Lahore,Humid,1
6102,2026-03-24,233.5,66.5,23,1,M,180,Lahore,Clear,0
6103,2026-03-16,233.2,56.9,23,1,M,13,Lahore,Rain,0
6104,2026-04-01,226.2,39.9,16,0,L,172,Karachi,Rain,1
6105,2026-03-27,231.8,64.7,11,2,H,20,Karachi,Rain,1
6106,2026-04-12,225.0,30.3,64,2,H,180,Lahore,Humid,0
6107,2026-04-07,235.2,70.2,22,1,M,101,Lahore,Humid,1
6108,2026-03-20,229.2,39.9,24,2,H,149,Karachi,Clear,0
6109,2026-03-26,231.5,52.0,45,0,L,180,Karachi,Hot,1
6110,2026-04-11,233.0,63.5,16,2,H,101,Karachi,Hot,1
6112,2026-04-11,228.0,42.4,25,1,M,105,Lahore,Hot,0
6113,2026-04-12,227.5,38.7,22,1,M,119,Islamabad,Rain,1
6114,2026-04-05,229.0,47.2,10,0,L,180,Karachi,Clear,1
6115,2026-03-18,235.8,70.8,100,1,M,71,Lahore,Hot,1
6116,2026-03-15,233.8,67.7,16,0,L,29,Karachi,Hot,1
6117,2026-03-25,234.0,49.0,100,0,L,64,Lahore,Rain,1
6118,2026-04-06,229.0,49.6,14,2,H,68,Karachi,Clear,0
6119,2026-03-22,232.8,55.7,20,1,M,5,Lahore,Hot,0
6120,2026-03-16,231.8,64.7,11,2,H,20,Islamabad,Hot,1
6121,2026-03-16,226.8,33.9,37,1,M,93,Islamabad,Hot,0
6122,2026-03-30,237.2,70.2,23,2,H,110,Karachi,Clear,0
6123,2026-03-15,238.8,72.0,22,1,M,180,Lahore,Clear,1
6124,2026-03-18,233.0,52.6,16,0,L,66,Lahore,Hot,1
6125,2026-03-20,225.8,38.7,31,0,L,25,Karachi,Rain,0
6126,2026-04-13,234.5,67.7,14,1,M,2,Lahore,Rain,1
6127,2026-04-04,231.0,62.3,16,0,L,36,Karachi,Hot,1
6128,2026-04-03,233.0,53.8,53,1,M,102,Lahore,Clear,0
6129,2026-03-28,227.0,30.9,31,1,M,81,Karachi,Hot,0
6130,2026-04-03,236.2,70.2,17,2,H,112,Lahore,Clear,1
6131,2026-04-09,235.2,50.8,35,1,M,180,Karachi,Hot,1
6132,2026-03-29,231.0,62.9,18,1,M,107,Lahore,Clear,1
6133,2026-03-21,238.8,71.4,51,1,M,180,Islamabad,Humid,0
6134,2026-03-21,235.5,69.6,14,0,L,93,Lahore,Rain,1
6135,2026-04-01,228.8,35.7,38,2,H,5,Karachi,Humid,0
6136,2026-04-12,236.8,64.7,28,0,L,180,Islamabad,Rain,1
6137,2026-04-06,237.0,70.8,32,2,H,154,Lahore,Clear,0
6138,2026-03-16,224.2,35.7,40,2,H,180,Islamabad,Humid,1
6139,2026-04-03,231.0,58.1,16,0,L,70,Lahore,Rain,1
6140,2026-03-29,230.8,49.6,29,0,L,180,Islamabad,Hot,0
6141,2026-03-15,238.8,72.0,22,1,M,180,Karachi,Clear,1
6142,2026-04-04,237.0,71.4,46,2,H,170,Lahore,Clear,0
6143,2026-03-31,232.2,59.9,13,0,L,85,Lahore,Hot,1
6144,2026-04-03,224.0,27.3,30,0,L,162,Karachi,Hot,0
6145,2026-04-12,233.2,64.1,13,1,M,111,Islamabad,Rain,1
6146,2026-04-08,231.5,49.6,50,1,M,42,Karachi,Clear,0
6147,2026-03-27,230.5,51.4,20,2,H,180,Karachi,Rain,1
6148,2026-03-26,233.0,60.5,36,1,M,180,Islamabad,Hot,0
6149,2026-04-07,223.5,26.6,44,2,H,146,Karachi,Clear,0
6150,2026-04-05,228.8,46.0,40,2,H,35,Lahore,Hot,0
6151,2026-03-29,226.5,39.9,18,2,H,180,Lahore,Rain,0
6152,2026-04-07,233.5,51.4,10,1,M,180,Lahore,Rain,1
6153,2026-03-19,221.2,22.4,26,2,H,151,Karachi,Rain,0
6154,2026-03-21,233.2,61.1,15,1,M,180,Lahore,Clear,1
6155,2026-03-22,232.2,61.7,13,0,L,159,Lahore,Hot,1
6156,2026-04-06,235.8,54.5,32,0,L,180,Lahore,Hot,0
6157,2026-03-28,227.5,32.7,44,0,L,131,Lahore,Rain,0
6158,2026-03-18,238.8,72.6,10,2,H,161,Lahore,Rain,1
6159,2026-04-04,230.5,59.3,13,1,M,180,Lahore,Rain,1
6160,2026-04-12,233.2,56.3,34,0,L,180,Karachi,Rain,0
6161,2026-03-28,230.2,60.5,10,2,H,147,Lahore,Humid,1
6162,2026-03-24,231.5,62.9,18,1,M,165,Lahore,Humid,1
6163,2026-04-05,231.8,56.9,41,2,H,16,Islamabad,Humid,0
6164,2026-04-13,227.8,32.7,13,1,M,180,Karachi,Rain,1
6165,2026-04-13,233.2,65.3,23,2,H,47,Karachi,Rain,0
6166,2026-04-11,233.2,52.6,14,0,L,68,Karachi,Hot,0
6167,2026-03-30,231.5,62.9,17,0,L,163,Karachi,Clear,1
6168,2026-03-25,230.2,51.4,13,2,H,159,Lahore,Hot,1
6169,2026-04-05,230.5,59.3,13,1,M,180,Lahore,Humid,1
6170,2026-04-12,236.2,70.2,17,2,H,112,Islamabad,Hot,1
6171,2026-04-08,228.2,34.5,46,1,M,20,Islamabad,Rain,0
6172,2026-04-09,226.2,36.9,22,1,M,19,Karachi,Humid,1
6173,2026-03-28,230.8,43.0,23,1,M,180,Islamabad,Humid,0
6174,2026-03-28,228.0,39.3,58,0,L,113,Islamabad,Clear,0
6175,2026-03-16,227.5,32.7,100,0,L,118,Karachi,Clear,1
6176,2026-04-05,235.2,69.0,19,1,M,180,Karachi,Humid,0
6177,2026-03-27,233.8,67.7,16,0,L,29,Islamabad,Humid,1
6178,2026-03-17,224.2,35.7,40,2,H,180,Lahore,Hot,1
6179,2026-04-13,226.2,36.3,15,0,L,180,Islamabad,Humid,1
6180,2026-04-01,225.5,38.7,25,0,L,23,Islamabad,Rain,0
6181,2026-04-05,233.8,55.1,39,1,M,180,Lahore,Hot,0
6182,2026-03-18,231.0,62.9,16,1,M,61,Lahore,Rain,1
6183,2026-04-04,232.8,61.7,14,0,L,54,Karachi,Rain,0
6184,2026-04-04,233.5,64.7,10,1,M,125,Karachi,Rain,1
6185,2026-04-02,230.5,41.2,24,2,H,40,Islamabad,Humid,1
6186,2026-03-30,232.2,61.7,16,1,M,126,Lahore,Clear,1
6187,2026-04-11,231.2,52.6,16,2,H,180,Karachi,Clear,1
6188,2026-03-18,225.2,29.7,35,2,H,180,Islamabad,Rain,1
6189,2026-04-02,238.5,72.0,59,2,H,17,Lahore,Humid,0
6190,2026-04-06,230.2,51.4,13,2,H,159,Islamabad,Hot,1
6191,2026-03-29,228.8,41.8,18,2,H,106,Karachi,Rain,0
6192,2026-03-15,234.0,60.5,33,1,M,27,Karachi,Hot,0
6193,2026-03-30,234.0,67.1,14,0,L,172,Lahore,Hot,1
6194,2026-03-29,230.8,61.1,16,1,M,6,Islamabad,Humid,1
6195,2026-03-30,233.0,62.3,16,1,M,67,Lahore,Humid,1
6196,2026-04-05,232.2,64.7,15,1,M,6,Karachi,Clear,1
6197,2026-04-03,225.8,38.1,100,0,L,57,Karachi,Clear,1
6198,2026-03-15,232.2,61.1,13,1,M,88,Islamabad,Humid,1
6199,2026-03-31,235.0,62.3,25,1,M,56,Islamabad,Rain,0
6200,2026-03-19,231.2,52.6,16,2,H,180,Islamabad,Clear,1
6201,2026-04-13,230.2,51.4,13,2,H,159,Lahore,Hot,1
6202,2026-03-19,224.2,35.7,40,2,H,180,Islamabad,Rain,1
6203,2026-04-09,224.5,29.7,100,0,L,18,Islamabad,Hot,1
6204,2026-03-21,235.0,69.0,16,1,M,180,Karachi,Humid,1
6205,2026-03-27,230.5,50.8,100,2,H,81,Karachi,Hot,1
6206,2026-03-26,231.5,42.4,10,1,M,111,Islamabad,Rain,1
6207,2026-03-18,226.8,37.5,11,0,L,180,Islamabad,Humid,1
6208,2026-04-13,231.5,63.5,13,0,L,55,Karachi,Rain,1
6209,2026-04-08,233.0,62.3,16,1,M,67,Islamabad,Hot,1
6210,2026-03-18,235.8,70.2,11,0,L,86,Lahore,Rain,1
6211,2026-04-06,227.8,35.7,27,1,M,51,Lahore,Humid,0
6212,2026-04-04,236.2,70.2,17,2,H,112,Lahore,Hot,1
6213,2026-04-04,233.8,50.8,29,2,H,180,Islamabad,Hot,0
6214,2026-03-20,236.0,53.8,26,0,L,166,Karachi,Clear,0
6215,2026-04-07,232.8,60.5,41,0,L,180,Islamabad,Clear,1
6216,2026-03-29,233.0,53.8,10,0,L,109,Islamabad,Rain,0
6217,2026-04-04,232.2,61.7,14,1,M,134,Karachi,Clear,1
6218,2026-04-02,229.0,38.7,49,2,H,111,Karachi,Clear,0
6219,2026-03-20,229.5,49.6,29,0,L,49,Karachi,Clear,0
6220,2026-04-13,231.8,64.7,11,2,H,20,Lahore,Clear,1
6221,2026-03-26,233.5,56.3,64,1,M,22,Islamabad,Humid,0
6222,2026-03-28,231.8,60.5,10,1,M,79,Karachi,Humid,1
6223,2026-04-01,233.0,62.3,16,1,M,67,Islamabad,Clear,1
6224,2026-04-11,233.2,52.6,18,1,M,130,Lahore,Rain,0
6225,2026-03-26,238.8,72.6,10,2,H,161,Lahore,Humid,1
6226,2026-04-07,232.5,57.5,40,2,H,72,Karachi,Clear,0
6227,2026-04-07,235.2,70.2,22,1,M,101,Karachi,Humid,1
6228,2026-03-29,231.0,49.0,37,0,L,17,Islamabad,Hot,0
6229,2026-04-02,233.0,53.8,53,1,M,102,Karachi,Humid,0
6230,2026-04-11,229.0,47.2,10,0,L,180,Islamabad,Humid,1
6231,2026-03-22,226.5,36.3,16,0,L,180,Karachi,Rain,1
6232,2026-03-23,226.2,36.9,22,1,M,19,Islamabad,Humid,1
6233,2026-03-19,231.2,52.6,16,2,H,180,Islamabad,Rain,1
6234,2026-03-19,233.8,62.3,70,0,L,55,Islamabad,Hot,0
6235,2026-03-20,230.5,51.4,20,2,H,180,Islamabad,Clear,1
6236,2026-04-06,225.2,29.7,35,2,H,180,Lahore,Rain,1
6237,2026-03-17,233.2,47.2,75,1,M,180,Islamabad,Humid,0
6238,2026-03-19,230.8,39.9,31,1,M,27,Karachi,Humid,0
6239,2026-03-15,225.2,29.1,49,1,M,115,Lahore,Rain,0
6240,2026-03-25,235.2,51.4,40,0,L,87,Lahore,Hot,0
6241,2026-04-09,235.5,69.0,10,0,L,59,Islamabad,Clear,1
6242,2026-04-04,230.2,39.9,100,0,L,180,Lahore,Humid,1
6243,2026-04-03,225.8,38.1,44,2,H,2,Islamabad,Hot,0
6244,2026-03-15,229.5,39.9,32,2,H,119,Karachi,Clear,0
6245,2026-03-21,224.0,35.7,46,2,H,7,Islamabad,Clear,0
6246,2026-03-29,229.8,47.8,26,2,H,119,Lahore,Humid,0
6247,2026-03-31,225.2,28.5,10,1,M,105,Karachi,Rain,1
6248,2026-04-12,232.5,54.5,53,0,L,127,Islamabad,Humid,0
6249,2026-03-22,230.5,50.8,100,2,H,81,Karachi,Humid,1
6250,2026-04-13,228.5,38.1,44,2,H,125,Karachi,Humid,0
6251,2026-04-09,232.8,56.9,41,0,L,180,Lahore,Hot,0
6252,2026-04-11,233.5,52.6,100,0,L,170,Karachi,Rain,1
6253,2026-03-16,224.5,29.1,49,2,H,33,Lahore,Hot,0
6254,2026-04-09,227.2,33.9,28,2,H,19,Karachi,Humid,0
6255,2026-03-27,231.2,52.6,16,2,H,180,Islamabad,Rain,1
6256,2026-03-26,233.0,62.3,17,2,H,130,Karachi,Clear,1
6257,2026-03-19,237.0,66.5,32,1,M,76,Islamabad,Rain,0
6258,2026-03-27,231.8,54.5,100,0,L,175,Islamabad,Humid,0
6259,2026-03-20,234.8,52.6,15,1,M,36,Karachi,Rain,0
6260,2026-04-08,234.2,48.4,39,0,L,5,Islamabad,Clear,0
6261,2026-03-29,232.8,64.7,10,2,H,25,Karachi,Clear,1
6262,2026-04-13,240.0,75.0,31,0,L,180,Karachi,Rain,1
6263,2026-04-06,235.5,52.6,20,0,L,180,Islamabad,Clear,1
6264,2026-04-05,230.8,61.1,16,1,M,6,Islamabad,Hot,1
6265,2026-04-04,233.0,52.0,50,1,M,91,Lahore,Rain,0
6266,2026-04-05,235.5,70.8,13,2,H,66,Islamabad,Clear,1
6267,2026-04-13,231.5,47.2,61,1,M,180,Lahore,Clear,0
6268,2026-03-25,234.5,64.1,43,2,H,180,Islamabad,Rain,1
6269,2026-03-18,233.2,49.6,10,0,L,149,Karachi,Hot,1
6270,2026-03-15,236.5,69.6,33,1,M,32,Islamabad,Rain,0
6271,2026-03-29,228.8,46.6,49,2,H,180,Karachi,Clear,0
6272,2026-03-26,227.5,32.1,34,1,M,180,Karachi,Rain,0
6273,2026-03-23,233.5,47.2,40,0,L,179,Karachi,Clear,0
6274,2026-03-25,232.2,52.6,22,1,M,84,Lahore,Humid,0
6275,2026-03-19,228.5,46.0,100,0,L,79,Islamabad,Rain,0
6276,2026-04-07,230.2,60.5,10,2,H,147,Karachi,Rain,1
6277,2026-03-21,227.5,38.7,22,1,M,119,Karachi,Clear,1
6278,2026-03-22,225.2,29.7,35,2,H,180,Lahore,Clear,1
6279,2026-03-15,226.2,33.3,43,1,M,180,Islamabad,Clear,0
6280,2026-04-08,229.8,33.9,30,0,L,180,Islamabad,Clear,1
6281,2026-03-15,228.2,35.1,20,0,L,0,Lahore,Rain,1
6282,2026-03-17,233.5,62.9,23,1,M,180,Lahore,Clear,0
6283,2026-03-22,225.2,28.5,10,1,M,105,Islamabad,Rain,1
6284,2026-04-11,237.0,69.6,18,0,L,166,Lahore,Hot,0
6285,2026-03-25,229.5,47.2,22,2,H,136,Islamabad,Rain,0
6286,2026-03-15,230.2,60.5,10,2,H,147,Islamabad,Clear,1
6287,2026-03-28,225.0,27.9,19,2,H,100,Karachi,Clear,1
6288,2026-03-15,231.0,40.5,17,1,M,72,Karachi,Hot,0
6289,2026-03-20,224.2,35.7,40,2,H,180,Islamabad,Rain,1
6290,2026-04-04,226.0,31.5,14,1,M,180,Islamabad,Hot,1
6291,2026-04-10,238.0,72.6,16,0,L,180,Islamabad,Rain,1
6292,2026-03-20,232.8,56.9,10,0,L,180,Islamabad,Clear,1
6293,2026-03-17,230.5,60.5,11,0,L,180,Islamabad,Rain,1
6294,2026-03-24,234.5,67.7,14,1,M,2,Islamabad,Clear,1
6295,2026-03-26,236.2,70.2,17,2,H,112,Lahore,Clear,1
6296,2026-03-24,232.8,56.3,22,1,M,59,Islamabad,Humid,0
6297,2026-04-05,230.8,43.0,23,1,M,180,Lahore,Humid,0
6298,2026-03-16,223.8,26.0,12,1,M,24,Lahore,Rain,1
6299,2026-04-07,238.8,72.6,10,2,H,161,Islamabad,Clear,1
6300,2026-04-11,233.0,62.3,17,2,H,130,Islamabad,Hot,1
6301,2026-04-05,230.8,37.5,23,2,H,68,Lahore,Clear,0
6302,2026-03-27,232.5,50.8,46,2,H,127,Lahore,Hot,0
6303,2026-03-30,234.5,63.5,28,1,M,180,Islamabad,Rain,0
6304,2026-03-27,230.2,51.4,13,2,H,159,Islamabad,Rain,1
6305,2026-03-18,231.2,41.8,100,0,L,142,Lahore,Hot,1
6306,2026-03-18,228.5,44.8,35,2,H,50,Lahore,Hot,0
6307,2026-04-13,226.0,31.5,35,1,M,147,Lahore,Clear,0
6308,2026-03-25,237.0,70.2,41,1,M,14,Karachi,Rain,0
6309,2026-04-06,233.8,51.4,10,0,L,180,Lahore,Clear,1
6310,2026-03-28,232.2,52.0,63,2,H,78,Karachi,Hot,0
6311,2026-03-17,227.2,41.2,34,0,L,40,Islamabad,Humid,0
6312,2026-04-10,228.0,37.5,13,0,L,100,Islamabad,Humid,0
6313,2026-04-02,239.5,73.2,27,1,M,85,Lahore,Humid,0
6314,2026-04-05,230.5,50.8,100,2,H,81,Islamabad,Hot,1
6315,2026-04-08,235.8,62.9,28,2,H,18,Islamabad,Clear,0
6316,2026-03-15,225.2,30.3,20,2,H,180,Islamabad,Rain,0
6317,2026-03-19,231.0,49.0,30,1,M,180,Islamabad,Hot,0
6318,2026-03-31,230.2,60.5,10,2,H,147,Karachi,Humid,1
6319,2026-03-15,228.5,43.6,14,0,L,180,Karachi,Clear,1
6320,2026-04-02,232.2,61.1,13,1,M,88,Lahore,Rain,1
6321,2026-04-02,231.8,64.7,11,2,H,20,Lahore,Rain,1
6322,2026-03-18,234.2,61.1,19,0,L,52,Lahore,Hot,0
6323,2026-04-02,229.8,47.8,21,2,H,98,Islamabad,Hot,0
6324,2026-03-20,234.0,66.5,13,1,M,164,Islamabad,Rain,1
6325,2026-04-11,231.8,63.5,31,1,M,45,Karachi,Rain,0
6326,2026-03-29,235.8,69.6,17,0,L,30,Karachi,Humid,1
6327,2026-03-18,230.2,51.4,13,2,H,159,Lahore,Rain,1
6328,2026-04-07,234.5,64.1,43,2,H,180,Karachi,Hot,1
6329,2026-03-15,225.2,29.7,35,2,H,180,Karachi,Clear,1
6330,2026-04-07,227.2,36.9,52,1,M,119,Karachi,Humid,0
6331,2026-04-10,230.5,50.2,19,2,H,180,Karachi,Humid,1
6332,2026-03-31,227.2,36.9,16,0,L,180,Karachi,Rain,1
6333,2026-03-25,225.2,29.7,35,2,H,104,Lahore,Clear,0
6334,2026-03-31,231.8,52.6,22,0,L,180,Lahore,Humid,1
6335,2026-04-06,227.0,43.6,18,0,L,180,Karachi,Hot,1
6336,2026-03-15,227.5,36.3,19,1,M,104,Lahore,Rain,0
6337,2026-03-23,225.5,30.3,25,2,H,172,Islamabad,Hot,0
6338,2026-03-28,227.0,43.0,49,0,L,180,Karachi,Rain,0
6339,2026-03-29,224.2,35.7,40,2,H,180,Islamabad,Humid,1
6340,2026-04-07,226.5,33.3,100,0,L,127,Lahore,Rain,1
6341,2026-04-12,225.2,29.7,35,2,H,180,Lahore,Clear,1
6342,2026-03-15,229.8,46.6,16,0,L,161,Islamabad,Hot,0
6343,2026-03-16,227.5,38.7,22,1,M,119,Lahore,Clear,1
6344,2026-04-01,224.8,27.3,22,0,L,106,Karachi,Hot,0
6345,2026-04-01,239.0,73.2,20,2,H,34,Islamabad,Hot,0
6346,2026-03-20,225.0,27.9,19,2,H,100,Karachi,Rain,1
6347,2026-04-03,232.2,54.5,29,0,L,180,Islamabad,Humid,1
6348,2026-03-22,232.2,65.3,82,0,L,180,Lahore,Humid,0
6349,2026-03-15,225.2,28.5,10,1,M,105,Islamabad,Clear,1
6350,2026-03-29,221.5,23.0,10,1,M,89,Islamabad,Rain,1
6351,2026-03-24,238.8,72.6,32,2,H,96,Karachi,Humid,0
6352,2026-04-13,230.2,51.4,18,0,L,180,Lahore,Hot,1
6353,2026-03-18,230.5,50.8,100,2,H,81,Karachi,Hot,1
6354,2026-03-24,227.5,39.3,25,2,H,28,Lahore,Rain,0
6355,2026-03-25,226.2,39.3,10,0,L,42,Karachi,Clear,1
6356,2026-03-19,232.8,52.6,41,0,L,180,Islamabad,Rain,0
6357,2026-03-23,232.2,59.9,13,0,L,85,Karachi,Clear,1
6358,2026-03-19,232.8,58.1,16,0,L,180,Lahore,Rain,1
6359,2026-04-12,234.0,66.5,17,0,L,146,Lahore,Hot,1
6360,2026-03-25,227.8,43.0,13,0,L,180,Islamabad,Rain,1
6361,2026-03-17,228.2,41.8,21,0,L,180,Lahore,Humid,1
6362,2026-04-10,234.0,53.8,47,2,H,180,Karachi,Humid,0
6363,2026-03-18,234.2,51.4,54,1,M,46,Islamabad,Rain,0
6364,2026-03-24,230.2,51.4,13,2,H,159,Lahore,Clear,1
6365,2026-03-21,231.8,59.9,17,0,L,126,Lahore,Clear,1
6366,2026-03-15,230.8,50.2,34,1,M,6,Karachi,Hot,0
6367,2026-04-10,231.8,54.5,47,1,M,177,Karachi,Hot,0
6368,2026-03-20,231.8,42.4,17,0,L,180,Islamabad,Clear,1
6369,2026-03-22,233.5,64.7,10,1,M,125,Lahore,Rain,1
6370,2026-03-31,225.5,31.5,14,0,L,180,Karachi,Hot,0
6371,2026-04-07,230.2,51.4,46,0,L,145,Islamabad,Clear,1
6372,2026-03-21,231.2,52.6,16,2,H,180,Lahore,Clear,1
6373,2026-03-15,238.8,72.6,10,2,H,161,Lahore,Rain,1
6374,2026-03-23,230.8,42.4,14,1,M,29,Islamabad,Humid,0
6375,2026-03-25,225.2,28.5,10,1,M,105,Islamabad,Clear,1
6376,2026-04-02,234.5,64.1,43,2,H,180,Karachi,Hot,1
6377,2026-03-16,225.0,27.9,19,2,H,100,Lahore,Rain,1
6378,2026-04-06,236.5,64.1,25,1,M,180,Lahore,Rain,1
6379,2026-03-25,230.8,51.4,16,2,H,102,Lahore,Rain,0
6380,2026-03-17,225.0,27.9,19,2,H,100,Islamabad,Humid,1
6381,2026-03-31,226.2,39.9,35,2,H,36,Karachi,Humid,0
6382,2026-03-24,229.5,35.7,19,0,L,127,Lahore,Hot,0
6383,2026-04-12,227.8,37.5,41,2,H,53,Islamabad,Hot,0
6384,2026-03-17,228.2,48.4,51,0,L,79,Lahore,Rain,0
6385,2026-04-05,236.5,65.3,10,1,M,180,Karachi,Hot,1
6386,2026-03-17,231.8,64.1,54,0,L,180,Lahore,Clear,0
6387,2026-04-04,227.2,43.6,10,0,L,76,Karachi,Humid,1
6388,2026-04-08,225.5,30.3,65,2,H,179,Karachi,Rain,0
6389,2026-03-21,233.5,64.7,10,1,M,125,Lahore,Rain,1
6390,2026-03-16,226.5,43.0,32,2,H,40,Lahore,Clear,0
6391,2026-03-15,233.0,59.9,22,1,M,20,Karachi,Clear,1
6392,2026-03-21,229.5,38.7,95,0,L,98,Islamabad,Clear,1
6393,2026-04-03,231.8,57.5,38,2,H,161,Karachi,Clear,0
6394,2026-03-25,230.2,58.7,10,1,M,111,Lahore,Rain,1
6395,2026-04-06,221.5,23.0,10,1,M,89,Lahore,Humid,1
6396,2026-03-20,229.8,49.0,26,2,H,113,Islamabad,Humid,0
6397,2026-04-06,235.2,69.0,14,1,M,180,Karachi,Clear,1
6398,2026-03-18,235.2,49.6,21,0,L,180,Karachi,Hot,0
6399,2026-04-02,233.5,52.6,41,1,M,167,Karachi,Rain,0
6400,2026-04-11,233.0,61.1,71,1,M,51,Lahore,Humid,0
6401,2026-04-04,234.2,61.7,34,1,M,24,Karachi,Clear,0
6402,2026-04-02,231.0,59.3,100,1,M,180,Islamabad,Hot,1
6403,2026-03-28,225.0,36.9,17,2,H,113,Lahore,Hot,0
6404,2026-03-17,234.2,49.0,42,1,M,47,Lahore,Clear,0
6405,2026-03-18,236.8,65.3,21,2,H,180,Karachi,Rain,1
6406,2026-03-22,231.0,61.7,17,1,M,12,Islamabad,Humid,1
6407,2026-04-01,225.2,29.7,36,0,L,135,Lahore,Hot,0
6408,2026-03-18,233.8,65.9,90,2,H,91,Lahore,Humid,0
6409,2026-03-25,233.2,64.1,39,1,M,122,Karachi,Humid,0
6410,2026-03-30,231.2,46.0,42,1,M,70,Karachi,Hot,0
6411,2026-03-17,226.5,32.1,26,1,M,180,Islamabad,Clear,1
6412,2026-03-21,229.2,52.0,17,1,M,45,Karachi,Hot,1
6413,2026-03-16,233.5,55.1,41,1,M,153,Islamabad,Hot,0
6414,2026-03-15,229.8,39.9,25,2,H,16,Lahore,Rain,0
6415,2026-04-09,226.8,32.7,37,1,M,105,Islamabad,Humid,0
6416,2026-03-15,237.8,70.2,100,1,M,26,Islamabad,Clear,1
6417,2026-03-20,232.5,58.1,18,0,L,180,Islamabad,Humid,1
6418,2026-04-02,232.2,58.1,11,1,M,75,Lahore,Hot,1
6419,2026-03-21,236.8,65.9,36,0,L,150,Karachi,Clear,0
6420,2026-04-07,236.8,65.3,21,2,H,180,Lahore,Clear,1
6421,2026-03-19,225.5,31.5,49,1,M,82,Karachi,Clear,0
6422,2026-04-04,233.0,62.3,16,1,M,67,Islamabad,Clear,1
6423,2026-04-11,227.2,43.6,10,0,L,76,Islamabad,Rain,1
6424,2026-04-01,233.0,63.5,16,2,H,101,Islamabad,Clear,1
6425,2026-04-07,235.8,70.2,11,0,L,86,Islamabad,Hot,1
6426,2026-04-09,231.0,50.2,28,0,L,174,Islamabad,Rain,0
6427,2026-03-27,233.0,57.5,100,0,L,15,Karachi,Hot,1
6428,2026-03-15,237.5,72.0,59,0,L,163,Karachi,Hot,0
6429,2026-03-24,234.5,67.7,14,1,M,2,Islamabad,Humid,1
6430,2026-03-23,238.5,72.0,47,1,M,137,Lahore,Clear,0
6431,2026-03-31,231.8,60.5,10,1,M,79,Lahore,Clear,1
6432,2026-03-15,230.2,51.4,13,2,H,159,Islamabad,Hot,1
6433,2026-03-15,230.2,60.5,10,2,H,147,Karachi,Clear,1
6434,2026-03-21,229.5,39.9,17,2,H,39,Lahore,Rain,0
6435,2026-03-18,234.2,67.7,10,0,L,180,Lahore,Humid,1
6436,2026-04-11,237.0,70.2,17,2,H,180,Lahore,Clear,0
6437,2026-04-06,230.2,51.4,13,2,H,159,Islamabad,Clear,1
6438,2026-04-04,236.8,65.3,21,2,H,180,Lahore,Rain,1
6439,2026-03-26,235.5,70.8,13,2,H,66,Lahore,Humid,1
6440,2026-03-30,228.0,35.1,31,0,L,26,Lahore,Rain,0
6441,2026-03-28,226.0,31.5,23,0,L,180,Lahore,Hot,1
6442,2026-04-06,233.0,59.9,22,1,M,20,Karachi,Hot,1
6443,2026-03-24,225.5,31.5,25,2,H,151,Islamabad,Clear,0
6444,2026-03-28,227.0,36.3,50,0,L,180,Islamabad,Humid,0
6445,2026-03-21,233.0,63.5,16,2,H,101,Karachi,Hot,1
6446,2026-03-18,235.5,51.4,47,1,M,97,Karachi,Rain,0
6447,2026-03-16,230.0,60.5,19,1,M,142,Islamabad,Hot,1
6448,2026-04-07,226.5,36.3,16,0,L,180,Lahore,Hot,1
6449,2026-04-01,233.0,63.5,16,2,H,101,Lahore,Rain,1
6450,2026-03-30,226.0,30.3,16,0,L,180,Islamabad,Clear,1
6452,2026-03-23,233.2,64.1,24,2,H,106,Karachi,Clear,0
6453,2026-03-19,226.0,36.3,62,0,L,78,Lahore,Rain,0
6454,2026-03-23,229.2,52.0,17,1,M,45,Lahore,Hot,1
6455,2026-04-08,232.8,64.7,10,2,H,25,Lahore,Humid,1
6456,2026-04-13,233.0,62.3,51,1,M,180,Islamabad,Clear,1
6457,2026-03-22,232.2,58.1,11,1,M,75,Karachi,Rain,1
6458,2026-04-07,229.2,42.4,36,1,M,70,Lahore,Hot,0
6459,2026-04-03,230.0,41.2,90,1,M,133,Islamabad,Hot,0
6460,2026-03-30,233.5,60.5,57,1,M,10,Lahore,Clear,0
6461,2026-04-13,232.2,58.1,11,1,M,75,Karachi,Rain,1
6462,2026-04-03,221.2,21.8,23,1,M,126,Lahore,Hot,0
6463,2026-04-13,226.8,41.2,28,0,L,128,Karachi,Hot,0
6464,2026-04-01,224.2,35.7,40,2,H,180,Lahore,Humid,1
6465,2026-03-18,232.2,64.7,15,1,M,6,Karachi,Hot,1
6466,2026-03-30,226.8,32.7,14,0,L,61,Lahore,Clear,0
6467,2026-03-18,221.2,22.4,96,2,H,105,Karachi,Rain,0
6468,2026-03-20,233.2,64.1,24,2,H,106,Lahore,Rain,0
6469,2026-03-17,231.8,60.5,10,1,M,79,Lahore,Humid,1
6470,2026-04-01,227.2,33.3,19,0,L,180,Islamabad,Rain,0
6471,2026-03-29,236.2,70.2,17,2,H,112,Islamabad,Clear,1
6472,2026-03-22,236.8,65.3,21,2,H,180,Karachi,Hot,1
6473,2026-04-01,227.2,36.9,24,0,L,180,Lahore,Humid,0
6474,2026-04-07,224.8,35.7,22,2,H,180,Karachi,Rain,0
6475,2026-04-06,225.2,37.5,19,0,L,76,Islamabad,Humid,0
6476,2026-03-17,228.0,33.3,38,0,L,155,Karachi,Humid,0
6477,2026-03-20,229.2,52.0,18,2,H,180,Karachi,Rain,1
6478,2026-04-05,233.0,62.3,17,2,H,130,Islamabad,Humid,1
6479,2026-04-09,230.0,47.2,17,2,H,148,Lahore,Rain,0
6480,2026-04-13,226.2,36.9,22,1,M,19,Karachi,Clear,1
6481,2026-04-04,231.0,61.7,17,1,M,12,Islamabad,Rain,1
6482,2026-04-12,229.2,39.9,16,2,H,56,Lahore,Hot,0
6483,2026-04-07,229.5,39.3,11,1,M,127,Islamabad,Rain,0
6484,2026-03-29,230.5,50.2,19,2,H,180,Karachi,Hot,1
6485,2026-04-10,231.0,58.7,26,2,H,49,Lahore,Humid,0
6486,2026-03-26,225.5,31.5,13,0,L,172,Lahore,Rain,1
6487,2026-03-19,230.2,39.9,31,0,L,144,Islamabad,Hot,0
6488,2026-03-21,229.5,38.1,23,2,H,89,Islamabad,Rain,0
6489,2026-04-05,229.8,33.9,23,2,H,13,Islamabad,Rain,0
6490,2026-04-10,227.8,37.5,43,1,M,20,Lahore,Rain,0
6491,2026-03-29,228.2,44.2,29,0,L,115,Lahore,Clear,0
6492,2026-03-21,232.2,59.3,100,0,L,124,Karachi,Hot,1
6493,2026-03-27,230.5,41.2,24,2,H,40,Lahore,Clear,1
6494,2026-04-08,236.2,70.2,17,2,H,112,Karachi,Clear,1
6495,2026-03-17,223.8,26.0,12,1,M,24,Islamabad,Hot,1
6496,2026-04-09,226.5,37.5,36,1,M,180,Islamabad,Rain,0
6497,2026-04-06,231.2,59.3,41,1,M,180,Lahore,Clear,0
6498,2026-03-27,225.2,37.5,22,0,L,180,Islamabad,Clear,0
6499,2026-04-09,230.8,56.3,47,0,L,0,Islamabad,Clear,0
6500,2026-03-17,233.0,62.3,18,0,L,166,Lahore,Rain,1
6501,2026-04-12,232.5,61.1,16,0,L,41,Karachi,Clear,1
6502,2026-03-16,236.2,54.5,100,1,M,143,Lahore,Humid,1
6503,2026-04-11,225.0,35.7,42,2,H,92,Karachi,Hot,0
6504,2026-04-06,231.0,61.1,18,1,M,166,Lahore,Humid,1
6505,2026-03-18,235.5,69.0,18,0,L,34,Lahore,Rain,1
6506,2026-03-31,230.5,51.4,20,2,H,180,Islamabad,Clear,1
6507,2026-03-20,234.2,48.4,49,1,M,180,Lahore,Hot,1
6508,2026-03-25,227.5,32.1,15,0,L,91,Lahore,Clear,0
6509,2026-03-20,235.8,54.5,36,1,M,180,Karachi,Rain,0
6510,2026-04-05,231.0,41.2,10,1,M,180,Islamabad,Hot,1
6511,2026-03-16,237.8,69.0,42,1,M,107,Karachi,Humid,0
6512,2026-03-31,229.0,51.4,22,0,L,180,Karachi,Hot,1
6513,2026-03-17,225.0,27.9,19,2,H,100,Islamabad,Clear,1
6514,2026-03-26,235.0,69.0,16,1,M,180,Islamabad,Hot,1
6515,2026-03-28,235.2,50.8,35,1,M,180,Islamabad,Rain,1
6516,2026-03-16,231.0,49.6,45,0,L,43,Lahore,Rain,0
6517,2026-04-05,233.5,66.5,17,1,M,117,Islamabad,Hot,1
6518,2026-04-12,226.8,43.6,19,2,H,59,Islamabad,Rain,0
6519,2026-04-11,230.2,60.5,10,2,H,147,Islamabad,Rain,1
6520,2026-04-05,226.2,38.7,10,0,L,180,Karachi,Rain,1
6521,2026-04-12,231.5,42.4,10,1,M,111,Karachi,Humid,1
6522,2026-03-19,235.8,70.2,11,0,L,86,Lahore,Clear,1
6523,2026-03-24,225.0,27.9,19,2,H,100,Karachi,Rain,1
6524,2026-03-24,232.5,59.3,22,1,M,88,Lahore,Hot,0
6525,2026-04-04,233.5,58.7,27,0,L,128,Karachi,Rain,0
6526,2026-03-23,232.8,51.4,43,2,H,132,Islamabad,Humid,0
6527,2026-04-13,229.0,47.8,25,1,M,106,Karachi,Hot,0
6528,2026-04-04,231.5,53.2,29,1,M,35,Lahore,Clear,0
6529,2026-03-27,231.8,53.8,26,2,H,69,Karachi,Hot,0
6530,2026-03-24,232.5,53.8,54,0,L,164,Islamabad,Hot,0
6531,2026-03-20,220.8,21.8,20,2,H,0,Lahore,Hot,0
6532,2026-03-25,233.8,66.5,55,0,L,180,Islamabad,Hot,0
6533,2026-03-18,234.2,69.0,11,1,M,44,Islamabad,Rain,1
6534,2026-04-09,231.8,55.7,50,1,M,120,Lahore,Clear,0
6535,2026-03-28,233.2,62.9,29,1,M,168,Islamabad,Rain,0
6536,2026-04-13,230.5,41.2,29,1,M,180,Islamabad,Humid,0
6537,2026-03-31,240.0,75.0,31,0,L,180,Karachi,Humid,1
6538,2026-04-03,233.2,66.5,16,0,L,115,Islamabad,Hot,1
6539,2026-03-16,233.0,63.5,16,2,H,101,Islamabad,Rain,1
6540,2026-03-24,228.0,36.9,19,2,H,83,Islamabad,Rain,0
6541,2026-03-17,227.2,33.3,25,0,L,72,Islamabad,Clear,0
6542,2026-03-21,230.5,50.2,19,2,H,180,Lahore,Clear,1
6543,2026-03-21,225.5,29.7,16,0,L,110,Karachi,Clear,0
6544,2026-03-15,232.0,64.7,10,0,L,180,Islamabad,Rain,1
6545,2026-03-22,226.0,30.3,16,1,M,76,Islamabad,Clear,0
6546,2026-04-06,230.2,35.7,14,0,L,31,Lahore,Clear,1
6547,2026-03-15,231.8,47.8,62,1,M,175,Islamabad,Clear,0
6548,2026-03-22,231.0,41.8,17,2,H,161,Lahore,Hot,0
6549,2026-03-28,230.5,41.2,24,2,H,40,Karachi,Humid,1
6550,2026-03-28,224.5,26.6,20,2,H,94,Karachi,Humid,0
6551,2026-03-16,233.0,47.2,34,0,L,166,Islamabad,Rain,0
6552,2026-03-22,231.2,52.0,35,0,L,19,Islamabad,Rain,0
6553,2026-04-02,232.2,52.6,31,1,M,105,Islamabad,Hot,0
6554,2026-03-24,228.2,49.0,20,0,L,29,Lahore,Humid,0
6555,2026-03-21,226.8,38.1,25,1,M,178,Islamabad,Clear,0
6556,2026-03-27,229.0,47.2,10,0,L,180,Islamabad,Clear,1
6557,2026-04-05,233.8,61.7,49,2,H,122,Karachi,Rain,0
6558,2026-04-04,225.5,30.9,78,1,M,159,Islamabad,Humid,0
6559,2026-03-29,231.2,42.4,43,1,M,89,Karachi,Rain,0
6560,2026-03-25,225.0,27.9,19,2,H,100,Islamabad,Rain,1
6561,2026-04-09,234.8,69.6,16,0,L,62,Karachi,Clear,1
6562,2026-03-28,231.2,58.7,13,0,L,47,Islamabad,Clear,1
6563,2026-03-25,230.5,50.8,100,2,H,81,Karachi,Humid,1
6564,2026-03-16,221.0,21.8,17,0,L,180,Lahore,Rain,1
6565,2026-03-16,233.8,53.2,29,1,M,87,Karachi,Hot,0
6566,2026-04-12,234.5,61.1,33,0,L,26,Karachi,Humid,0
6567,2026-03-26,237.5,72.0,60,0,L,158,Karachi,Rain,0
6568,2026-03-29,230.5,51.4,20,2,H,180,Islamabad,Humid,1
6569,2026-03-31,226.2,38.7,27,1,M,2,Islamabad,Humid,0
6570,2026-03-28,229.8,52.6,80,1,M,180,Islamabad,Humid,1
6571,2026-04-08,227.5,33.9,35,0,L,27,Lahore,Hot,0
6572,2026-03-30,226.2,36.3,15,0,L,180,Lahore,Hot,1
6573,2026-04-10,234.0,53.2,26,0,L,75,Karachi,Clear,0
6574,2026-03-22,234.8,50.2,26,2,H,102,Lahore,Clear,0
6575,2026-04-07,229.8,34.5,50,2,H,180,Karachi,Rain,0
6576,2026-03-31,228.8,46.6,49,1,M,179,Karachi,Humid,1
6577,2026-03-19,231.2,59.3,100,0,L,180,Karachi,Rain,1
6578,2026-03-26,234.2,62.3,37,1,M,17,Lahore,Clear,0
6579,2026-03-20,228.8,49.0,26,1,M,98,Islamabad,Hot,0
6580,2026-04-01,228.0,44.2,38,1,M,160,Lahore,Clear,0
6581,2026-04-09,234.2,69.0,11,1,M,44,Karachi,Rain,1
6582,2026-03-19,230.5,50.2,19,2,H,180,Karachi,Clear,1
6583,2026-03-20,234.2,68.4,19,1,M,4,Lahore,Rain,0
6584,2026-03-23,229.5,51.4,43,2,H,62,Karachi,Rain,0
6585,2026-03-29,232.0,52.6,25,0,L,180,Karachi,Rain,0
6586,2026-03-24,225.5,31.5,13,0,L,172,Lahore,Rain,1
6587,2026-03-31,233.0,63.5,13,0,L,97,Lahore,Clear,1
6588,2026-04-12,228.5,35.7,23,2,H,8,Lahore,Rain,0
6589,2026-04-09,231.5,59.3,49,0,L,31,Karachi,Rain,0
6590,2026-04-02,228.5,36.3,36,2,H,65,Karachi,Humid,0
6591,2026-03-26,233.0,65.3,11,0,L,40,Islamabad,Rain,1
6592,2026-03-23,230.2,60.5,10,2,H,147,Islamabad,Clear,1
6593,2026-03-29,231.0,41.2,10,1,M,180,Lahore,Rain,1
6594,2026-03-28,233.0,54.5,37,1,M,150,Islamabad,Hot,0
6595,2026-03-15,237.5,68.4,44,1,M,104,Karachi,Hot,0
6596,2026-03-31,233.8,61.1,40,2,H,148,Islamabad,Rain,0
6597,2026-03-15,231.0,58.1,13,0,L,77,Karachi,Hot,1
6598,2026-04-06,236.8,55.7,18,0,L,95,Lahore,Hot,0
6599,2026-04-12,232.0,60.5,10,0,L,90,Lahore,Clear,1
6600,2026-04-04,230.5,51.4,20,2,H,180,Karachi,Humid,1
6601,2026-04-05,234.2,67.7,10,0,L,180,Islamabad,Hot,1
6602,2026-03-27,227.8,36.9,23,1,M,62,Lahore,Hot,0
6603,2026-04-13,235.8,69.6,20,2,H,80,Lahore,Humid,0
6604,2026-03-22,225.0,35.7,32,0,L,67,Islamabad,Humid,0
6605,2026-04-13,232.0,64.7,15,0,L,10,Islamabad,Hot,1
6606,2026-03-27,233.5,60.5,57,1,M,10,Karachi,Rain,0
6607,2026-03-30,231.0,54.5,56,2,H,2,Islamabad,Hot,0
6608,2026-03-16,235.0,61.7,22,2,H,147,Islamabad,Rain,0
6609,2026-03-27,225.0,27.9,19,2,H,100,Islamabad,Rain,1
6610,2026-04-01,228.0,35.7,35,1,M,72,Karachi,Rain,0
6611,2026-03-17,233.0,63.5,16,2,H,101,Karachi,Humid,1
6612,2026-03-27,226.0,36.3,20,1,M,148,Lahore,Hot,0
6613,2026-04-02,234.0,66.5,13,1,M,164,Karachi,Hot,1
6614,2026-03-27,226.0,31.5,14,1,M,180,Lahore,Clear,1
6615,2026-04-02,235.0,50.2,52,1,M,180,Islamabad,Humid,0
6616,2026-03-18,229.5,39.9,49,1,M,44,Lahore,Clear,0
6617,2026-04-02,225.2,29.7,35,2,H,180,Lahore,Clear,1
6618,2026-04-01,238.8,72.6,10,2,H,161,Islamabad,Rain,1
6619,2026-04-08,230.8,55.7,25,1,M,18,Lahore,Humid,0
6620,2026-03-20,238.5,71.4,100,0,L,5,Karachi,Clear,1
6621,2026-04-02,225.2,29.7,35,2,H,180,Karachi,Hot,1
6622,2026-04-08,229.0,44.8,34,2,H,39,Karachi,Clear,0
6623,2026-03-18,233.0,59.9,22,1,M,20,Karachi,Humid,1
6624,2026-03-18,231.2,51.4,19,1,M,180,Lahore,Hot,0
6625,2026-04-07,239.2,72.0,24,0,L,174,Lahore,Hot,0
6626,2026-03-21,237.2,70.2,30,2,H,155,Islamabad,Hot,0
6627,2026-03-21,231.2,52.6,16,2,H,180,Lahore,Rain,1
6628,2026-04-09,227.8,37.5,26,1,M,150,Lahore,Hot,0
6629,2026-04-06,234.5,61.7,66,1,M,85,Lahore,Rain,0
6630,2026-04-09,231.0,61.1,18,1,M,166,Islamabad,Rain,1
6631,2026-03-30,238.8,72.6,10,2,H,161,Karachi,Clear,1
6632,2026-04-10,232.0,55.1,40,1,M,121,Lahore,Clear,0
6633,2026-03-30,234.2,62.3,13,0,L,180,Islamabad,Hot,1
6634,2026-03-19,229.0,49.0,25,2,H,163,Islamabad,Humid,0
6635,2026-03-29,232.2,61.7,14,1,M,134,Islamabad,Hot,1
6636,2026-04-06,231.5,62.9,18,1,M,165,Karachi,Clear,1
6637,2026-03-18,231.0,49.0,18,0,L,59,Lahore,Hot,0
6638,2026-04-07,231.0,40.5,23,2,H,37,Islamabad,Clear,0
6639,2026-04-08,234.2,48.4,49,1,M,180,Karachi,Hot,1
6640,2026-03-27,236.2,65.3,31,0,L,162,Islamabad,Humid,0
6641,2026-04-11,233.8,68.4,41,2,H,34,Islamabad,Hot,0
6642,2026-04-02,228.0,36.9,19,2,H,83,Islamabad,Humid,0
6643,2026-03-21,225.0,35.1,19,0,L,29,Islamabad,Humid,0
6644,2026-03-26,228.5,38.1,23,2,H,162,Islamabad,Hot,0
6645,2026-04-09,225.5,38.1,29,1,M,117,Karachi,Humid,0
6646,2026-03-23,224.5,36.3,19,1,M,166,Lahore,Humid,0
6647,2026-03-31,226.8,34.5,22,2,H,77,Lahore,Clear,0
6648,2026-03-16,231.8,52.6,22,0,L,180,Lahore,Clear,1
6649,2026-03-30,229.0,38.7,29,1,M,129,Lahore,Humid,0
6650,2026-03-21,229.5,39.3,19,0,L,180,Karachi,Rain,1
6651,2026-04-12,233.8,60.5,10,0,L,180,Karachi,Hot,1
6652,2026-04-01,227.0,32.7,28,0,L,74,Karachi,Humid,0
6653,2026-03-21,230.2,58.7,10,1,M,111,Islamabad,Hot,1
6654,2026-03-15,232.2,58.7,31,0,L,64,Islamabad,Clear,0
6655,2026-03-17,232.0,64.7,10,0,L,180,Islamabad,Hot,1
6656,2026-04-04,236.5,65.3,10,1,M,180,Lahore,Humid,1
6657,2026-04-13,229.5,39.3,19,0,L,180,Islamabad,Humid,1
6658,2026-04-11,229.2,52.0,25,1,M,78,Lahore,Humid,0
6659,2026-04-13,238.5,71.4,100,0,L,5,Islamabad,Humid,1
6660,2026-03-25,233.8,68.4,41,2,H,34,Lahore,Rain,0
6661,2026-04-05,231.2,62.9,15,0,L,168,Islamabad,Rain,1
6662,2026-03-29,235.0,50.2,38,0,L,59,Islamabad,Rain,0
6663,2026-04-12,225.8,38.7,22,1,M,180,Karachi,Humid,1
6664,2026-04-08,233.8,53.2,29,0,L,109,Islamabad,Rain,0
6665,2026-04-08,224.2,35.7,40,2,H,180,Islamabad,Hot,1
6666,2026-03-17,230.2,51.4,31,0,L,117,Karachi,Humid,0
6667,2026-04-13,232.5,56.9,13,2,H,160,Lahore,Clear,0
6668,2026-04-07,226.8,32.7,17,0,L,180,Karachi,Humid,1
6669,2026-03-27,224.2,35.7,40,2,H,180,Karachi,Hot,1
6670,2026-03-18,227.5,38.7,22,1,M,119,Lahore,Rain,1
6671,2026-04-06,228.5,44.2,33,0,L,127,Islamabad,Humid,0
6672,2026-04-05,224.0,35.1,13,0,L,180,Lahore,Rain,1
6673,2026-03-22,230.8,43.0,23,2,H,180,Islamabad,Humid,0
6674,2026-04-05,229.2,52.0,18,2,H,180,Islamabad,Hot,1
6675,2026-03-18,227.0,33.3,36,2,H,47,Lahore,Humid,0
6676,2026-04-01,229.8,47.8,26,2,H,119,Karachi,Rain,0
6677,2026-03-21,231.8,59.9,17,1,M,73,Lahore,Rain,1
6678,2026-03-25,227.0,37.5,100,1,M,86,Islamabad,Hot,1
6679,2026-04-12,232.5,64.7,17,0,L,11,Lahore,Humid,1
6680,2026-04-10,232.8,52.6,42,0,L,57,Lahore,Clear,0
6681,2026-03-18,234.8,64.7,100,1,M,2,Islamabad,Humid,1
6682,2026-03-27,228.5,35.7,23,2,H,8,Karachi,Hot,0
6683,2026-03-23,232.5,58.7,34,0,L,180,Lahore,Clear,0
6684,2026-03-23,235.5,70.8,13,2,H,66,Islamabad,Hot,1
6685,2026-04-06,227.5,44.8,26,0,L,96,Islamabad,Humid,0
6686,2026-04-04,230.2,51.4,13,2,H,159,Lahore,Clear,1
6687,2026-04-02,234.8,51.4,25,0,L,92,Karachi,Hot,0
6688,2026-03-17,231.2,52.6,16,2,H,180,Lahore,Rain,1
6689,2026-04-08,227.0,38.1,22,0,L,151,Karachi,Clear,0
6690,2026-04-08,232.0,49.0,29,0,L,117,Karachi,Clear,0
6691,2026-03-26,226.0,36.9,28,0,L,59,Karachi,Hot,0
6692,2026-04-12,233.2,58.7,50,0,L,19,Karachi,Rain,0
6693,2026-03-25,233.5,64.7,10,1,M,125,Lahore,Clear,1
6694,2026-04-03,228.0,33.3,38,0,L,155,Islamabad,Hot,0
6695,2026-03-25,235.8,51.4,17,2,H,108,Islamabad,Clear,0
6696,2026-03-31,228.5,39.9,22,2,H,29,Islamabad,Clear,0
6697,2026-04-12,235.5,63.5,10,1,M,57,Islamabad,Clear,0
6698,2026-04-09,233.5,52.6,100,0,L,170,Islamabad,Rain,1
6699,2026-04-04,228.2,34.5,34,0,L,30,Islamabad,Humid,0
6700,2026-03-28,232.0,56.9,22,2,H,180,Lahore,Humid,0
6701,2026-03-30,236.2,66.5,10,1,M,122,Karachi,Rain,1
6702,2026-04-07,227.0,40.5,17,0,L,48,Islamabad,Rain,0
6703,2026-03-24,231.8,64.1,17,0,L,80,Lahore,Hot,1
6704,2026-03-18,234.2,48.4,49,1,M,180,Islamabad,Clear,1
6705,2026-03-24,229.0,38.7,79,2,H,132,Islamabad,Rain,0
6706,2026-04-09,230.5,41.2,24,2,H,40,Karachi,Hot,1
6707,2026-04-03,227.5,45.4,100,0,L,179,Karachi,Humid,1
6708,2026-04-12,230.2,51.4,18,0,L,180,Karachi,Humid,1
6709,2026-03-26,226.8,31.5,98,2,H,119,Islamabad,Humid,0
6710,2026-04-13,228.5,41.8,100,0,L,143,Islamabad,Humid,1
6711,2026-03-23,235.2,69.0,20,0,L,180,Islamabad,Hot,1
6712,2026-03-29,226.0,36.3,35,1,M,180,Karachi,Clear,0
6713,2026-03-23,230.2,51.4,13,2,H,159,Lahore,Hot,1
6714,2026-03-21,232.8,43.6,30,1,M,177,Islamabad,Clear,0
6715,2026-04-09,229.2,52.0,18,2,H,180,Islamabad,Humid,1
6716,2026-04-07,226.8,30.9,46,2,H,171,Islamabad,Rain,0
6717,2026-03-26,230.5,41.2,24,2,H,40,Lahore,Rain,1
6718,2026-04-11,231.8,64.7,11,2,H,20,Islamabad,Rain,1
6719,2026-04-03,228.5,47.2,16,1,M,7,Lahore,Clear,0
6720,2026-04-07,228.0,38.1,19,1,M,23,Islamabad,Humid,0
6721,2026-03-28,236.8,52.6,27,0,L,56,Lahore,Hot,0
6722,2026-04-05,235.2,69.0,17,0,L,180,Islamabad,Rain,1
6723,2026-03-30,237.8,70.8,29,2,H,54,Karachi,Clear,0
6724,2026-04-12,235.0,52.6,90,1,M,180,Karachi,Rain,1
6725,2026-04-02,237.5,69.6,49,0,L,40,Karachi,Hot,0
6726,2026-04-06,227.0,33.3,47,2,H,158,Karachi,Humid,0
6727,2026-03-17,234.0,68.4,15,0,L,32,Islamabad,Hot,1
6728,2026-03-25,230.5,42.4,35,0,L,180,Karachi,Humid,0
6729,2026-04-06,233.0,63.5,16,2,H,101,Lahore,Humid,1
6730,2026-04-04,233.0,63.5,16,2,H,101,Karachi,Humid,1
6731,2026-04-03,226.0,31.5,23,0,L,180,Karachi,Rain,1
6732,2026-04-02,234.8,68.4,10,0,L,180,Karachi,Hot,1
6733,2026-03-22,232.2,41.8,41,2,H,180,Islamabad,Rain,0
6734,2026-04-03,229.0,35.1,100,1,M,36,Karachi,Hot,0
6735,2026-03-22,225.2,29.7,35,2,H,180,Lahore,Clear,1
6736,2026-04-09,236.2,65.3,27,1,M,143,Karachi,Clear,0
6737,2026-03-17,228.5,46.0,28,0,L,166,Karachi,Hot,0
6738,2026-03-24,226.0,31.5,14,1,M,180,Karachi,Hot,1
6739,2026-03-27,234.2,62.3,17,2,H,86,Lahore,Hot,0
6740,2026-03-23,238.5,71.4,100,0,L,5,Karachi,Hot,1
6741,2026-03-20,224.2,35.7,40,2,H,180,Lahore,Humid,1
6742,2026-03-29,237.5,69.0,38,1,M,28,Lahore,Rain,0
6743,2026-03-30,225.5,30.3,29,0,L,173,Karachi,Humid,0
6744,2026-03-19,235.2,62.3,16,1,M,119,Lahore,Rain,1
6745,2026-04-04,231.0,41.2,30,1,M,180,Islamabad,Rain,0
6746,2026-03-27,235.0,69.0,16,1,M,180,Karachi,Rain,1
6747,2026-04-02,232.0,43.0,53,0,L,74,Karachi,Humid,0
6748,2026-03-16,229.2,50.8,67,1,M,155,Lahore,Hot,0
6749,2026-03-20,234.8,64.7,100,1,M,2,Lahore,Humid,1
6750,2026-04-10,225.5,36.9,10,1,M,52,Karachi,Humid,0
6751,2026-03-15,229.2,50.2,50,0,L,180,Islamabad,Rain,0
6752,2026-03-29,231.0,41.8,28,1,M,61,Lahore,Clear,0
6753,2026-03-29,231.5,47.8,44,0,L,152,Lahore,Clear,0
6754,2026-03-28,237.5,69.6,19,0,L,82,Islamabad,Humid,0
6755,2026-03-21,231.8,63.5,22,2,H,156,Islamabad,Rain,0
6756,2026-03-19,233.0,62.3,16,1,M,67,Karachi,Humid,1
6757,2026-04-03,228.8,45.4,62,0,L,15,Islamabad,Humid,0
6758,2026-04-08,238.8,72.6,10,2,H,161,Karachi,Hot,1
6759,2026-04-09,226.0,31.5,23,0,L,180,Islamabad,Rain,1
6760,2026-03-30,229.0,45.4,32,0,L,149,Lahore,Clear,0
6761,2026-03-31,227.2,32.7,25,1,M,180,Karachi,Clear,0
6762,2026-03-25,233.5,56.3,24,1,M,137,Karachi,Clear,0
6763,2026-03-29,228.0,38.1,18,0,L,91,Karachi,Humid,0
6764,2026-04-03,235.8,70.8,100,1,M,71,Islamabad,Rain,1
6765,2026-03-30,235.2,69.0,11,1,M,69,Lahore,Hot,1
6766,2026-03-17,231.8,64.7,11,2,H,20,Karachi,Clear,1
6767,2026-03-20,232.8,44.8,17,0,L,180,Karachi,Rain,1
6768,2026-04-04,234.8,68.4,10,0,L,180,Karachi,Clear,1
6769,2026-04-06,224.8,35.7,29,2,H,161,Karachi,Hot,0
6770,2026-03-27,227.8,32.7,13,1,M,180,Lahore,Rain,1
6771,2026-03-15,230.0,41.2,19,1,M,133,Islamabad,Humid,0
6772,2026-04-12,233.2,56.9,10,1,M,152,Lahore,Humid,0
6773,2026-04-04,229.8,52.6,80,1,M,180,Karachi,Clear,1
6774,2026-03-28,236.2,70.2,17,2,H,112,Lahore,Clear,1
6775,2026-03-16,235.0,52.0,23,2,H,87,Karachi,Rain,0
6776,2026-03-16,230.2,51.4,13,2,H,159,Islamabad,Hot,1
6777,2026-04-10,238.5,71.4,100,0,L,5,Islamabad,Clear,1
6778,2026-03-29,234.0,61.1,56,0,L,180,Islamabad,Rain,0
6779,2026-04-10,226.0,33.3,35,2,H,117,Karachi,Hot,0
6780,2026-04-01,232.2,43.6,50,2,H,160,Lahore,Clear,0
6781,2026-03-23,226.0,31.5,23,0,L,180,Islamabad,Clear,1
6782,2026-04-09,226.0,32.1,41,0,L,180,Karachi,Rain,1
6783,2026-03-17,231.0,56.3,10,0,L,180,Karachi,Clear,1
6784,2026-03-18,233.5,49.0,41,1,M,180,Lahore,Humid,0
6785,2026-03-29,233.0,63.5,16,2,H,101,Islamabad,Hot,1
6786,2026-03-19,227.0,37.5,100,1,M,86,Karachi,Hot,1
6787,2026-04-13,228.8,46.6,49,2,H,180,Lahore,Humid,0
6788,2026-04-03,225.8,38.1,38,0,L,101,Islamabad,Rain,0
6789,2026-04-03,234.0,61.7,33,0,L,180,Lahore,Humid,1
6790,2026-03-19,235.2,70.2,22,1,M,101,Lahore,Humid,1
6791,2026-03-24,233.8,61.7,34,1,M,63,Karachi,Hot,0
6792,2026-03-30,229.8,40.5,18,1,M,180,Karachi,Rain,0
6793,2026-04-08,225.5,31.5,13,0,L,172,Karachi,Clear,1
6794,2026-03-26,233.2,59.9,47,2,H,13,Lahore,Humid,0
6795,2026-04-08,231.8,60.5,10,1,M,79,Karachi,Humid,1
6796,2026-04-13,232.0,63.5,31,0,L,147,Lahore,Rain,0
6797,2026-03-28,233.0,46.0,29,0,L,164,Lahore,Humid,0
6798,2026-04-05,231.2,62.9,13,0,L,53,Karachi,Rain,1
6799,2026-03-25,227.5,32.7,32,2,H,146,Islamabad,Clear,0
6800,2026-04-11,231.5,52.6,17,2,H,12,Islamabad,Rain,0
6801,2026-04-13,225.5,30.3,10,0,L,153,Islamabad,Clear,1
6802,2026-04-02,227.0,30.9,12,0,L,180,Lahore,Rain,1
6803,2026-03-20,232.5,55.1,100,1,M,100,Lahore,Humid,1
6804,2026-03-24,230.2,40.5,22,2,H,85,Lahore,Clear,0
6805,2026-04-03,233.5,66.5,17,1,M,117,Karachi,Humid,1
6806,2026-03-17,233.0,57.5,100,0,L,15,Lahore,Clear,1
6807,2026-04-05,231.8,53.8,41,0,L,180,Karachi,Rain,0
6808,2026-03-29,236.8,65.3,21,2,H,180,Karachi,Rain,1
6809,2026-03-25,231.2,63.5,11,0,L,86,Islamabad,Rain,1
6810,2026-04-05,238.5,70.8,93,1,M,180,Islamabad,Hot,0
6811,2026-03-16,226.8,43.6,19,2,H,59,Islamabad,Hot,0
6812,2026-04-08,235.8,53.8,20,2,H,180,Karachi,Clear,0
6813,2026-04-07,230.8,41.8,29,1,M,129,Karachi,Hot,0
6814,2026-03-20,230.2,51.4,18,0,L,180,Karachi,Rain,1
6815,2026-03-31,230.0,50.8,35,1,M,180,Lahore,Hot,0
6816,2026-04-11,231.2,52.6,16,2,H,180,Karachi,Hot,1
6817,2026-04-01,233.0,62.3,17,2,H,130,Islamabad,Humid,1
6818,2026-03-18,235.8,70.8,20,1,M,76,Islamabad,Clear,0
6819,2026-04-06,232.0,64.7,25,0,L,180,Karachi,Clear,1
6820,2026-03-23,235.5,70.8,13,2,H,66,Karachi,Clear,1
6821,2026-03-24,227.0,38.7,63,2,H,153,Islamabad,Hot,0
6822,2026-04-04,227.2,38.1,25,0,L,146,Karachi,Rain,0
6823,2026-04-09,232.5,56.9,17,1,M,92,Islamabad,Humid,1
6824,2026-03-16,227.2,41.2,32,2,H,170,Lahore,Clear,0
6825,2026-04-12,230.5,59.9,17,0,L,180,Islamabad,Hot,1
6826,2026-03-25,224.5,35.1,43,2,H,124,Lahore,Rain,0
6827,2026-03-25,238.8,72.6,10,2,H,161,Karachi,Humid,1
6828,2026-03-25,225.8,37.5,77,1,M,32,Karachi,Humid,0
6829,2026-03-15,238.8,72.6,10,2,H,161,Lahore,Clear,1
6830,2026-04-09,226.8,29.7,25,1,M,180,Karachi,Clear,0
6831,2026-03-28,228.2,44.2,29,1,M,67,Lahore,Rain,0
6832,2026-04-12,230.5,39.9,43,0,L,2,Karachi,Hot,0
6833,2026-04-13,230.2,58.7,10,1,M,111,Islamabad,Rain,1
6834,2026-03-15,230.5,50.8,100,2,H,81,Karachi,Clear,1
6835,2026-04-04,233.0,52.6,16,0,L,66,Islamabad,Rain,1
6836,2026-04-13,233.0,55.1,10,0,L,10,Islamabad,Hot,1
6837,2026-04-06,230.2,60.5,10,2,H,147,Lahore,Humid,1
6838,2026-04-08,231.2,52.6,16,2,H,180,Karachi,Humid,1
6839,2026-03-23,221.0,21.8,29,1,M,171,Lahore,Humid,0
6840,2026-04-07,235.2,68.4,45,2,H,49,Karachi,Humid,0
6841,2026-03-15,233.0,59.9,22,1,M,20,Islamabad,Clear,1
6842,2026-04-04,229.2,53.2,14,1,M,113,Islamabad,Clear,1
6843,2026-04-05,230.2,60.5,10,2,H,147,Karachi,Hot,1
6844,2026-04-05,229.8,49.0,42,1,M,43,Karachi,Hot,0
6845,2026-03-18,225.2,29.7,35,2,H,180,Lahore,Hot,1
6846,2026-03-15,238.2,72.6,81,0,L,115,Karachi,Hot,0
6847,2026-04-02,234.5,64.1,43,2,H,180,Karachi,Rain,1
6848,2026-03-24,227.0,43.6,26,0,L,180,Karachi,Hot,0
6849,2026-03-29,232.5,55.1,17,1,M,111,Lahore,Humid,0
6850,2026-04-03,233.5,52.0,25,2,H,28,Karachi,Humid,0
6851,2026-03-18,226.2,36.3,17,0,L,180,Islamabad,Humid,1
6852,2026-04-12,233.5,62.9,38,2,H,180,Lahore,Rain,0
6853,2026-04-03,233.0,62.3,17,2,H,130,Lahore,Hot,1
6854,2026-03-28,224.2,35.7,40,2,H,180,Islamabad,Humid,1
6855,2026-03-19,235.2,70.2,22,1,M,101,Islamabad,Humid,1
6856,2026-04-12,233.0,62.9,15,0,L,148,Islamabad,Humid,1
6857,2026-03-29,225.2,29.7,35,2,H,180,Karachi,Humid,1
6858,2026-03-29,238.8,72.0,41,1,M,79,Islamabad,Clear,0
6859,2026-04-10,234.5,61.1,53,0,L,50,Karachi,Hot,0
6860,2026-04-08,235.2,69.0,14,1,M,180,Lahore,Hot,1
6861,2026-03-30,230.2,43.0,20,0,L,180,Lahore,Rain,1
6862,2026-03-30,232.5,52.0,24,0,L,78,Islamabad,Clear,1
6863,2026-03-18,231.8,63.5,15,0,L,180,Karachi,Rain,1
6864,2026-04-08,231.0,58.1,13,0,L,77,Islamabad,Humid,1
6865,2026-03-23,233.8,61.7,45,0,L,9,Islamabad,Rain,0
6866,2026-03-15,226.8,37.5,48,2,H,81,Karachi,Humid,0
6867,2026-03-19,229.0,33.3,26,2,H,180,Islamabad,Humid,0
6868,2026-03-23,231.0,59.3,100,1,M,180,Lahore,Hot,1
6869,2026-04-03,235.0,50.2,17,1,M,180,Islamabad,Hot,1
6870,2026-03-19,233.2,46.6,23,1,M,168,Karachi,Hot,0
6871,2026-03-18,225.0,27.9,19,2,H,100,Karachi,Hot,1
6872,2026-04-12,232.5,61.1,13,0,L,180,Lahore,Hot,1
6873,2026-03-30,225.2,38.7,42,1,M,173,Karachi,Clear,0
6874,2026-03-16,235.2,52.0,27,0,L,39,Karachi,Hot,0
6875,2026-04-09,229.2,52.0,35,2,H,24,Lahore,Rain,0
6876,2026-03-30,236.8,65.3,21,2,H,180,Islamabad,Humid,1
6877,2026-04-01,232.8,64.7,10,2,H,25,Lahore,Hot,1
6878,2026-03-16,231.5,41.8,10,2,H,163,Islamabad,Clear,0
6879,2026-03-30,231.2,41.8,100,0,L,142,Lahore,Rain,1
6880,2026-04-12,229.5,39.3,19,0,L,180,Islamabad,Rain,1
6881,2026-03-15,234.2,69.0,11,1,M,44,Lahore,Humid,1
6882,2026-03-30,229.2,39.3,37,2,H,97,Islamabad,Rain,0
6883,2026-03-17,227.5,36.3,30,2,H,5,Lahore,Rain,0
6884,2026-03-29,231.0,60.5,16,0,L,174,Islamabad,Rain,1
6885,2026-04-13,233.0,62.3,17,2,H,130,Lahore,Rain,1
6886,2026-03-25,226.8,38.1,29,0,L,170,Karachi,Clear,0
6887,2026-03-24,231.2,52.6,16,2,H,180,Islamabad,Humid,1
6888,2026-03-31,225.0,27.9,19,2,H,100,Lahore,Hot,1
6889,2026-03-18,229.2,52.0,18,2,H,180,Islamabad,Rain,1
6890,2026-03-31,233.0,62.3,17,2,H,130,Islamabad,Clear,1
6891,2026-03-18,231.8,57.5,100,1,M,21,Lahore,Humid,1
6892,2026-04-02,229.2,52.0,18,2,H,180,Islamabad,Hot,1
6893,2026-04-08,224.2,35.7,40,2,H,180,Lahore,Humid,1
6894,2026-03-15,226.2,41.8,17,1,M,30,Karachi,Clear,1
6895,2026-03-28,236.0,70.8,16,0,L,90,Islamabad,Clear,1
6896,2026-04-07,229.2,52.0,18,2,H,180,Karachi,Clear,1
6897,2026-03-25,230.5,59.3,13,1,M,180,Islamabad,Rain,1
6898,2026-04-08,227.2,31.5,30,0,L,161,Islamabad,Clear,0
6899,2026-04-11,232.5,53.2,19,1,M,170,Islamabad,Hot,0
6900,2026-03-21,237.0,71.4,100,1,M,146,Lahore,Rain,0
6901,2026-03-31,233.8,51.4,10,0,L,180,Karachi,Humid,1
6902,2026-03-18,228.2,37.5,16,2,H,107,Islamabad,Hot,0
6903,2026-03-24,231.0,62.9,18,1,M,107,Lahore,Rain,1
6904,2026-03-31,231.0,61.1,64,2,H,171,Islamabad,Clear,0
6905,2026-03-18,229.8,41.8,10,1,M,166,Lahore,Humid,0
6906,2026-04-02,231.0,41.2,10,1,M,180,Islamabad,Clear,1
6907,2026-04-01,231.8,64.1,17,0,L,80,Karachi,Hot,1
6908,2026-03-31,227.2,36.3,32,2,H,160,Karachi,Hot,0
6909,2026-03-20,229.0,34.5,20,2,H,147,Islamabad,Rain,0
6910,2026-04-11,228.2,44.2,31,2,H,70,Lahore,Hot,0
6911,2026-03-21,234.5,64.1,43,2,H,180,Islamabad,Humid,1
6912,2026-03-20,236.8,65.3,21,2,H,180,Lahore,Rain,1
6913,2026-04-08,225.2,29.7,35,2,H,104,Islamabad,Humid,0
6914,2026-03-26,228.0,32.7,12,1,M,163,Lahore,Clear,0
6915,2026-03-23,233.5,46.0,45,1,M,133,Karachi,Humid,0
6916,2026-04-01,231.0,43.0,14,0,L,94,Islamabad,Humid,0
6917,2026-03-16,225.0,36.9,22,1,M,142,Karachi,Hot,0
6918,2026-04-08,225.0,27.9,19,2,H,100,Karachi,Clear,1
6919,2026-03-31,234.2,49.6,23,1,M,180,Islamabad,Hot,0
6920,2026-04-04,230.8,35.7,24,1,M,180,Islamabad,Clear,0
6921,2026-03-15,232.5,61.1,10,2,H,101,Lahore,Clear,1
6922,2026-04-06,232.5,61.1,11,0,L,8,Lahore,Humid,1
6923,2026-03-23,231.8,56.9,19,0,L,180,Karachi,Hot,0
6924,2026-03-20,233.8,50.2,18,1,M,136,Lahore,Humid,1
6925,2026-04-13,231.0,54.5,25,2,H,180,Lahore,Humid,0
6926,2026-03-16,233.5,52.0,25,2,H,28,Islamabad,Humid,0
6927,2026-03-20,234.8,64.1,10,1,M,180,Lahore,Clear,1
6928,2026-03-23,231.2,52.6,16,2,H,180,Karachi,Hot,1
6929,2026-03-17,235.2,50.8,35,1,M,180,Lahore,Hot,1
6930,2026-03-30,231.5,63.5,13,0,L,55,Karachi,Humid,1
6931,2026-04-08,232.2,58.1,42,0,L,137,Islamabad,Clear,0
6932,2026-04-07,226.5,36.9,25,1,M,180,Karachi,Hot,0
6933,2026-03-29,233.0,63.5,16,2,H,101,Lahore,Rain,1
6934,2026-04-12,240.0,75.0,31,0,L,180,Islamabad,Hot,1
6935,2026-03-26,228.8,41.2,11,2,H,50,Lahore,Humid,0
6936,2026-04-06,232.5,61.1,10,2,H,101,Islamabad,Rain,1
6937,2026-03-22,232.0,43.6,35,1,M,35,Islamabad,Clear,0
6938,2026-04-09,234.2,69.0,11,1,M,44,Lahore,Rain,1
6939,2026-03-20,231.2,52.6,16,2,H,180,Lahore,Rain,1
6940,2026-03-17,238.2,71.4,17,0,L,180,Islamabad,Humid,1
6941,2026-04-06,230.5,50.2,19,2,H,180,Islamabad,Hot,1
6942,2026-03-18,228.0,44.2,10,0,L,119,Lahore,Clear,1
6943,2026-04-10,226.2,41.8,17,1,M,30,Karachi,Rain,1
6944,2026-03-24,227.5,35.7,34,2,H,120,Lahore,Humid,0
6945,2026-03-28,225.0,27.9,19,2,H,100,Islamabad,Hot,1
6946,2026-04-04,233.0,62.3,17,2,H,130,Lahore,Rain,1
6947,2026-04-07,232.5,61.1,16,0,L,41,Karachi,Humid,1
6948,2026-03-29,230.5,50.8,100,2,H,81,Lahore,Humid,1
6949,2026-03-21,226.8,36.9,31,2,H,6,Islamabad,Humid,0
6950,2026-03-21,228.8,35.7,38,2,H,5,Lahore,Clear,0
6951,2026-03-22,233.8,53.2,100,2,H,95,Islamabad,Hot,0
6952,2026-03-24,227.0,31.5,38,1,M,4,Islamabad,Rain,0
6953,2026-04-02,230.5,41.2,24,2,H,40,Lahore,Hot,1
6954,2026-04-02,230.2,50.8,16,1,M,136,Islamabad,Hot,0
6955,2026-03-16,226.5,33.3,19,0,L,27,Islamabad,Rain,0
6956,2026-03-29,231.2,51.4,56,0,L,27,Karachi,Hot,0
6957,2026-03-15,238.8,72.6,41,2,H,180,Karachi,Clear,0
6958,2026-03-24,230.8,41.8,25,0,L,180,Karachi,Rain,0
6959,2026-03-20,239.5,73.8,49,2,H,156,Karachi,Rain,0
6960,2026-04-05,237.0,66.5,50,2,H,89,Islamabad,Humid,0
6961,2026-03-27,238.5,73.8,41,1,M,20,Lahore,Hot,0
6962,2026-03-24,230.0,39.9,47,2,H,54,Islamabad,Rain,0
6963,2026-03-26,227.5,36.3,28,1,M,176,Islamabad,Rain,1
6964,2026-04-07,234.2,69.0,11,1,M,44,Islamabad,Clear,1
6965,2026-04-13,230.5,41.2,24,2,H,40,Lahore,Humid,1
6966,2026-03-20,229.8,46.6,35,2,H,179,Karachi,Rain,0
6967,2026-03-20,232.5,62.3,20,0,L,157,Islamabad,Clear,0
6968,2026-03-15,232.5,57.5,14,1,M,0,Islamabad,Rain,1
6969,2026-03-26,227.0,33.3,19,2,H,56,Karachi,Rain,0
6970,2026-04-06,232.5,61.1,10,2,H,101,Islamabad,Rain,1
6971,2026-04-06,227.0,35.1,26,1,M,88,Lahore,Clear,0
6972,2026-03-24,234.0,66.5,17,0,L,146,Islamabad,Hot,1
6973,2026-04-08,231.8,41.8,63,0,L,81,Islamabad,Rain,0
6974,2026-03-28,233.8,66.5,17,0,L,65,Karachi,Rain,1
6975,2026-03-29,233.0,55.7,16,1,M,118,Islamabad,Hot,0
6976,2026-04-11,229.2,37.5,21,1,M,76,Islamabad,Rain,0
6977,2026-04-06,225.2,29.7,35,2,H,180,Lahore,Humid,1
6978,2026-04-07,233.0,62.3,16,1,M,67,Karachi,Rain,1
6979,2026-03-18,233.0,54.5,37,1,M,150,Karachi,Humid,0
6980,2026-04-08,231.2,43.0,37,0,L,155,Lahore,Hot,0
6981,2026-04-13,231.5,42.4,36,1,M,180,Islamabad,Clear,0
6982,2026-03-15,229.8,52.6,20,2,H,174,Karachi,Hot,0
6983,2026-03-22,228.5,38.1,23,2,H,162,Karachi,Rain,0
6984,2026-03-17,230.5,42.4,17,0,L,180,Islamabad,Humid,1
6985,2026-03-28,233.8,56.9,28,1,M,25,Islamabad,Clear,0
6986,2026-03-31,225.5,31.5,33,1,M,180,Karachi,Rain,0
6987,2026-03-16,232.5,61.1,16,0,L,41,Islamabad,Clear,1
6988,2026-03-29,234.5,68.4,19,1,M,48,Karachi,Clear,0
6989,2026-03-20,236.5,66.5,33,0,L,134,Islamabad,Rain,0
6990,2026-03-19,225.0,27.9,19,2,H,100,Islamabad,Hot,1
6991,2026-03-28,236.5,65.3,10,1,M,180,Lahore,Rain,1
6992,2026-04-02,231.8,59.9,17,0,L,126,Islamabad,Rain,1
6993,2026-03-23,233.5,52.6,100,0,L,170,Lahore,Hot,1
6994,2026-03-22,234.5,51.4,45,0,L,65,Islamabad,Humid,0
6995,2026-04-12,227.8,43.0,13,0,L,180,Karachi,Rain,1
6996,2026-03-17,226.8,43.6,19,0,L,26,Karachi,Clear,0
6997,2026-04-01,235.2,69.0,11,1,M,69,Islamabad,Rain,1
6998,2026-03-22,233.2,64.1,17,0,L,93,Islamabad,Rain,1
6999,2026-03-30,227.8,33.3,33,0,L,180,Karachi,Clear,0
7000,2026-04-13,226.8,44.2,34,1,M,180,Islamabad,Hot,1
7001,2026-03-29,235.2,69.0,11,1,M,69,Lahore,Humid,1
7002,2026-04-04,232.2,58.7,54,0,L,71,Lahore,Humid,0
7003,2026-03-29,225.2,29.7,14,2,H,172,Lahore,Clear,0
7004,2026-03-30,221.0,21.8,17,0,L,180,Lahore,Hot,1
7005,2026-04-08,231.2,49.6,18,0,L,180,Lahore,Rain,0
7006,2026-03-15,233.2,64.1,10,0,L,114,Islamabad,Rain,1
7007,2026-03-24,232.8,64.7,10,2,H,25,Islamabad,Rain,1
7008,2026-04-02,227.5,39.3,14,1,M,33,Lahore,Rain,0
7009,2026-03-19,230.0,53.2,10,1,M,168,Islamabad,Rain,0
7010,2026-04-01,226.5,31.5,59,1,M,38,Islamabad,Clear,0
7011,2026-03-17,229.8,46.6,23,2,H,129,Lahore,Rain,0
7012,2026-03-18,238.8,72.6,10,2,H,161,Islamabad,Rain,1
7013,2026-03-18,237.2,70.8,31,2,H,138,Islamabad,Hot,0
7014,2026-03-25,232.5,61.1,17,1,M,180,Islamabad,Rain,1
7015,2026-03-23,234.8,61.7,34,2,H,41,Lahore,Humid,0
7016,2026-03-15,230.5,50.2,19,2,H,180,Islamabad,Clear,1
7017,2026-04-11,235.5,63.5,22,1,M,180,Karachi,Clear,0
7018,2026-04-08,231.5,43.6,15,0,L,180,Karachi,Clear,1
7019,2026-03-30,225.2,36.9,41,1,M,57,Lahore,Humid,0
7020,2026-03-23,235.2,50.8,10,0,L,180,Karachi,Rain,1
7021,2026-03-25,236.8,65.3,21,2,H,180,Lahore,Clear,1
7022,2026-03-20,234.8,49.6,35,2,H,180,Karachi,Humid,0
7023,2026-04-10,229.0,46.6,20,1,M,180,Karachi,Hot,1
7024,2026-03-31,226.0,36.3,20,1,M,148,Karachi,Rain,0
7025,2026-04-10,231.5,62.9,17,1,M,161,Lahore,Humid,1
7026,2026-04-12,232.5,58.1,18,0,L,180,Lahore,Rain,1
7027,2026-03-26,230.8,45.4,21,0,L,56,Islamabad,Hot,0
7028,2026-04-05,233.8,61.1,17,0,L,164,Lahore,Humid,0
7029,2026-03-22,235.2,50.8,35,1,M,180,Karachi,Rain,1
7030,2026-03-30,235.8,69.6,17,0,L,30,Karachi,Humid,1
7031,2026-03-19,235.8,70.2,11,0,L,86,Lahore,Clear,1
7032,2026-04-04,229.2,42.4,56,0,L,68,Lahore,Rain,0
7033,2026-03-15,233.8,53.2,43,1,M,178,Lahore,Humid,0
7034,2026-03-31,227.5,34.5,10,0,L,143,Islamabad,Clear,0
7035,2026-04-07,225.0,27.9,19,2,H,100,Karachi,Hot,1
7036,2026-04-12,231.0,62.9,18,1,M,107,Islamabad,Rain,1
7037,2026-04-04,230.2,51.4,13,2,H,159,Islamabad,Rain,1
7038,2026-03-22,238.8,72.0,43,1,M,104,Karachi,Hot,0
7039,2026-03-24,232.2,55.7,26,2,H,114,Karachi,Clear,0
7040,2026-04-01,225.0,27.9,19,2,H,100,Lahore,Hot,1
7041,2026-03-29,236.8,70.8,44,1,M,180,Lahore,Rain,0
7042,2026-04-03,229.0,38.7,21,0,L,166,Islamabad,Humid,0
7043,2026-03-27,233.0,62.3,17,2,H,130,Lahore,Clear,1
7044,2026-04-10,239.0,72.6,33,0,L,180,Lahore,Clear,0
7045,2026-04-13,231.8,51.4,56,0,L,12,Karachi,Clear,0
7046,2026-03-24,233.5,51.4,10,1,M,180,Karachi,Hot,1
7047,2026-03-23,229.2,38.7,34,0,L,141,Lahore,Hot,0
7048,2026-03-27,232.8,64.7,10,2,H,25,Karachi,Humid,1
7049,2026-03-17,226.2,36.3,89,1,M,143,Lahore,Humid,0
7050,2026-04-05,225.0,27.9,19,2,H,100,Karachi,Clear,1
7051,2026-04-10,236.5,65.3,10,1,M,180,Karachi,Humid,1
7052,2026-04-06,238.2,71.4,17,0,L,180,Karachi,Hot,1
7053,2026-03-17,230.2,51.4,13,2,H,159,Karachi,Humid,1
7054,2026-03-15,225.0,27.9,19,2,H,100,Lahore,Hot,1
7055,2026-03-16,232.2,56.9,47,2,H,49,Islamabad,Humid,0
7056,2026-03-25,228.5,49.0,35,0,L,180,Karachi,Rain,0
7057,2026-03-28,231.2,43.0,11,0,L,180,Lahore,Hot,1
7058,2026-03-24,229.2,52.0,18,2,H,180,Lahore,Rain,1
7059,2026-03-21,235.2,69.0,14,1,M,180,Karachi,Hot,1
7060,2026-04-06,231.0,62.3,12,0,L,134,Islamabad,Humid,1
7061,2026-04-11,234.8,64.7,100,1,M,2,Karachi,Rain,1
7062,2026-03-15,232.2,57.5,100,1,M,126,Lahore,Humid,0
7063,2026-04-09,235.0,52.6,90,1,M,180,Islamabad,Hot,1
7064,2026-03-21,237.2,69.0,100,1,M,65,Lahore,Rain,1
7065,2026-03-29,234.5,64.1,43,2,H,180,Karachi,Clear,1
7066,2026-04-09,232.5,61.1,10,2,H,101,Islamabad,Humid,1
7067,2026-03-25,236.5,65.3,28,0,L,180,Lahore,Hot,0
7068,2026-03-20,235.5,63.5,40,2,H,112,Lahore,Rain,0
7069,2026-04-10,228.8,46.6,20,0,L,118,Lahore,Humid,0
7070,2026-04-05,234.8,55.7,26,0,L,180,Karachi,Rain,1
7071,2026-03-21,225.2,30.3,11,0,L,180,Islamabad,Humid,1
7072,2026-03-21,227.2,44.2,30,2,H,47,Karachi,Humid,0
7073,2026-03-15,235.5,70.8,13,2,H,66,Karachi,Humid,1
7074,2026-03-24,230.0,50.8,34,1,M,156,Karachi,Rain,0
7075,2026-04-04,231.2,50.8,47,1,M,180,Islamabad,Rain,1
7076,2026-03-29,227.5,36.3,28,1,M,176,Karachi,Humid,1
7077,2026-04-13,230.2,58.7,10,1,M,111,Karachi,Clear,1
7078,2026-04-13,234.2,49.0,32,2,H,87,Karachi,Clear,0
7079,2026-03-22,231.5,53.2,10,1,M,54,Karachi,Clear,0
7080,2026-04-07,229.0,44.8,24,2,H,9,Lahore,Hot,0
7081,2026-04-02,230.5,59.9,17,0,L,180,Karachi,Clear,1
7082,2026-03-17,227.5,32.1,23,2,H,153,Lahore,Rain,0
7083,2026-04-06,231.5,41.8,10,2,H,163,Karachi,Clear,0
7084,2026-03-29,233.0,57.5,100,0,L,15,Islamabad,Rain,1
7085,2026-03-18,234.5,64.1,43,2,H,180,Lahore,Hot,1
7086,2026-03-20,231.2,63.5,13,0,L,148,Lahore,Rain,1
7087,2026-04-08,234.2,69.0,11,1,M,44,Lahore,Rain,1
7088,2026-03-24,235.5,70.8,13,2,H,66,Lahore,Rain,1
7089,2026-04-01,231.2,52.6,16,2,H,180,Islamabad,Clear,1
7090,2026-03-30,238.2,72.0,21,0,L,76,Karachi,Humid,0
7091,2026-04-01,230.5,41.2,24,2,H,40,Lahore,Rain,1
7092,2026-03-20,229.8,52.0,69,2,H,133,Islamabad,Clear,0
7093,2026-04-02,235.8,51.4,17,2,H,108,Lahore,Clear,0
7094,2026-03-31,225.0,27.9,19,2,H,100,Karachi,Clear,1
7095,2026-04-01,226.8,33.3,15,1,M,157,Lahore,Humid,0
7096,2026-04-13,237.2,69.0,100,1,M,65,Islamabad,Humid,1
7097,2026-03-27,226.2,41.8,17,1,M,30,Karachi,Humid,1
7098,2026-03-21,226.0,30.3,32,2,H,180,Islamabad,Humid,0
7099,2026-04-03,229.8,39.9,43,1,M,9,Karachi,Hot,0
7100,2026-03-26,231.0,62.3,12,0,L,134,Karachi,Humid,1
7101,2026-03-16,231.5,42.4,10,1,M,111,Karachi,Humid,1
7102,2026-04-10,231.2,41.8,100,0,L,142,Lahore,Humid,1
7103,2026-03-26,233.5,66.5,17,1,M,117,Islamabad,Rain,1
7104,2026-03-26,231.8,63.5,22,2,H,156,Islamabad,Rain,0
7105,2026-04-07,234.2,50.8,23,2,H,122,Islamabad,Humid,0
7106,2026-03-18,230.5,49.6,71,2,H,165,Karachi,Hot,0
7107,2026-03-18,231.8,64.7,11,2,H,20,Lahore,Rain,1
7108,2026-04-01,231.2,53.2,10,1,M,157,Karachi,Clear,0
7109,2026-03-30,229.5,39.3,19,0,L,180,Islamabad,Rain,1
7110,2026-03-28,232.8,64.7,10,2,H,25,Lahore,Clear,1
7111,2026-03-31,225.2,29.7,35,2,H,180,Lahore,Rain,1
7112,2026-03-31,234.5,63.5,43,2,H,44,Lahore,Humid,0
7113,2026-03-17,232.5,61.1,10,2,H,101,Islamabad,Rain,1
7114,2026-03-20,229.5,50.8,69,1,M,180,Lahore,Humid,0
7115,2026-04-06,238.5,72.0,59,2,H,17,Lahore,Humid,0
7116,2026-03-27,230.0,47.2,43,0,L,96,Karachi,Rain,0
7117,2026-03-23,232.0,44.2,33,0,L,17,Karachi,Clear,0
7118,2026-04-04,232.5,53.2,14,0,L,180,Lahore,Clear,1
7119,2026-03-23,226.0,30.9,43,0,L,180,Lahore,Rain,0
7120,2026-03-22,230.5,51.4,20,2,H,180,Karachi,Humid,1
7121,2026-03-31,234.0,61.7,46,1,M,2,Karachi,Clear,0
7122,2026-03-30,233.2,61.1,15,1,M,180,Karachi,Hot,1
7123,2026-03-30,235.0,52.6,90,1,M,180,Islamabad,Humid,1
7124,2026-04-10,228.8,46.6,49,1,M,179,Islamabad,Rain,1
7125,2026-04-11,237.5,71.4,31,1,M,180,Karachi,Humid,0
7126,2026-04-02,239.5,73.8,35,2,H,58,Lahore,Hot,0
7127,2026-04-07,235.8,62.9,42,0,L,169,Karachi,Hot,0
7128,2026-03-30,229.8,52.0,17,1,M,70,Islamabad,Clear,0
7129,2026-04-08,230.2,41.2,31,2,H,35,Lahore,Hot,0
7130,2026-03-28,234.5,61.7,28,0,L,87,Islamabad,Humid,0
7131,2026-04-03,232.0,64.7,25,0,L,180,Lahore,Clear,1
7132,2026-03-28,226.5,43.0,32,2,H,40,Islamabad,Hot,0
7133,2026-03-28,229.8,52.6,73,2,H,9,Lahore,Clear,0
7134,2026-03-28,228.0,38.7,20,0,L,180,Lahore,Clear,0
7135,2026-03-26,227.0,32.7,30,1,M,56,Lahore,Rain,0
7136,2026-03-20,231.2,52.6,16,2,H,180,Lahore,Clear,1
7137,2026-04-03,231.2,52.6,16,2,H,180,Islamabad,Clear,1
7138,2026-03-27,226.2,41.8,17,1,M,30,Islamabad,Hot,1
7139,2026-03-30,234.5,69.0,62,1,M,125,Lahore,Humid,0
7140,2026-03-23,224.8,36.3,37,1,M,173,Lahore,Humid,0
7141,2026-03-16,233.2,56.9,50,0,L,127,Islamabad,Hot,0
7142,2026-04-05,231.2,47.8,10,0,L,62,Lahore,Humid,1
7143,2026-04-10,228.8,35.7,38,2,H,5,Lahore,Clear,0
7144,2026-04-12,233.0,62.3,18,0,L,166,Lahore,Rain,1
7145,2026-03-17,232.2,42.4,38,1,M,141,Karachi,Clear,0
7146,2026-03-24,230.2,60.5,10,2,H,147,Lahore,Clear,1
7147,2026-04-03,227.2,33.9,10,1,M,31,Karachi,Rain,0
7148,2026-03-16,234.2,62.3,37,0,L,15,Lahore,Hot,0
7149,2026-04-10,227.5,36.3,28,1,M,176,Islamabad,Clear,1
7150,2026-04-07,238.8,72.6,10,2,H,161,Karachi,Clear,1
7151,2026-03-24,226.8,32.7,37,0,L,180,Karachi,Hot,0
7152,2026-03-22,237.0,71.4,100,1,M,146,Lahore,Clear,0
7153,2026-03-31,229.5,33.9,80,0,L,180,Lahore,Clear,0
7154,2026-04-09,236.5,64.1,25,1,M,180,Karachi,Humid,1
7155,2026-04-05,238.8,71.4,51,1,M,180,Islamabad,Hot,0
7156,2026-03-15,234.2,48.4,49,1,M,180,Islamabad,Clear,1
7157,2026-03-20,231.8,57.5,100,1,M,21,Lahore,Clear,1
7158,2026-03-21,236.5,64.1,25,1,M,180,Islamabad,Rain,1
7159,2026-03-29,232.5,61.1,16,1,M,180,Islamabad,Rain,1
7160,2026-04-01,224.8,36.9,75,0,L,180,Lahore,Rain,0
7161,2026-03-23,225.2,28.5,10,1,M,105,Islamabad,Clear,1
7162,2026-03-22,234.2,54.5,28,0,L,180,Lahore,Clear,0
7163,2026-04-08,233.8,66.5,17,0,L,65,Karachi,Rain,1
7164,2026-03-24,227.0,31.5,31,0,L,180,Lahore,Humid,0
7165,2026-04-12,231.8,64.7,11,2,H,20,Karachi,Humid,1
7166,2026-03-18,228.8,47.8,19,1,M,180,Karachi,Humid,0
7167,2026-04-03,238.8,72.6,10,2,H,161,Islamabad,Humid,1
7168,2026-04-11,233.0,62.3,16,1,M,67,Islamabad,Hot,1
7169,2026-03-22,231.2,64.1,67,2,H,87,Islamabad,Rain,0
7170,2026-03-15,232.5,61.1,10,2,H,101,Lahore,Clear,1
7171,2026-03-22,234.0,66.5,13,1,M,164,Islamabad,Rain,1
7172,2026-04-06,233.0,46.0,10,0,L,180,Karachi,Humid,1
7173,2026-03-26,235.2,52.6,14,0,L,180,Islamabad,Clear,1
7174,2026-04-06,228.0,38.7,20,0,L,180,Islamabad,Hot,0
7175,2026-04-08,225.2,37.5,23,0,L,117,Lahore,Rain,0
7176,2026-03-29,232.5,46.0,72,0,L,180,Lahore,Clear,1
7177,2026-03-27,231.8,64.7,11,2,H,20,Karachi,Clear,1
7178,2026-03-30,225.8,33.3,23,1,M,178,Lahore,Humid,0
7179,2026-04-09,239.8,73.8,21,0,L,149,Islamabad,Humid,0
7180,2026-04-06,226.5,32.1,26,1,M,180,Lahore,Rain,1
7181,2026-04-01,236.2,54.5,100,1,M,143,Karachi,Hot,1
7182,2026-03-15,232.0,54.5,18,0,L,180,Islamabad,Clear,1
7183,2026-03-31,226.5,32.7,29,0,L,43,Karachi,Humid,0
7184,2026-03-30,233.8,66.5,26,1,M,103,Lahore,Rain,0
7185,2026-04-06,232.0,57.5,50,0,L,135,Lahore,Humid,0
7186,2026-03-19,234.2,67.7,15,0,L,9,Karachi,Rain,1
7187,2026-04-03,226.5,32.1,26,2,H,108,Islamabad,Humid,0
7188,2026-04-04,232.0,47.8,35,2,H,180,Lahore,Hot,0
7189,2026-03-24,236.8,65.3,21,2,H,180,Lahore,Clear,1
7190,2026-04-09,231.2,64.1,100,1,M,84,Islamabad,Humid,1
7191,2026-03-20,230.5,55.7,31,0,L,21,Lahore,Clear,0
7192,2026-03-26,233.8,60.5,10,0,L,180,Karachi,Rain,1
7193,2026-03-24,238.0,72.6,16,0,L,180,Lahore,Hot,1
7194,2026-04-05,226.5,38.7,26,2,H,15,Lahore,Clear,0
7195,2026-03-31,234.5,64.1,43,2,H,180,Islamabad,Humid,1
7196,2026-03-16,231.8,64.1,21,2,H,52,Karachi,Clear,0
7197,2026-04-02,236.8,65.3,21,2,H,180,Islamabad,Clear,1
7198,2026-04-03,231.0,41.2,10,1,M,180,Lahore,Rain,1
7199,2026-03-20,233.0,62.3,16,1,M,67,Lahore,Hot,1
7200,2026-04-11,234.2,50.8,40,1,M,119,Islamabad,Hot,0
7201,2026-04-11,229.2,52.0,18,2,H,180,Islamabad,Clear,1
7202,2026-04-10,230.0,59.3,24,0,L,180,Islamabad,Clear,1
7203,2026-03-27,235.5,52.6,20,0,L,180,Karachi,Rain,1
7204,2026-03-23,231.8,64.7,11,2,H,20,Lahore,Clear,1
7205,2026-03-26,230.5,50.2,19,2,H,180,Islamabad,Rain,1
7206,2026-04-01,225.2,29.7,35,2,H,180,Lahore,Hot,1
7207,2026-03-22,230.5,41.2,26,2,H,66,Karachi,Hot,0
7208,2026-04-08,234.2,50.2,17,1,M,109,Karachi,Rain,0
7209,2026-04-01,230.8,61.1,16,1,M,6,Karachi,Clear,1
7210,2026-04-08,238.2,70.2,20,1,M,117,Karachi,Hot,0
7211,2026-04-06,230.2,51.4,13,2,H,159,Lahore,Humid,1
7212,2026-04-08,232.0,56.3,19,0,L,63,Karachi,Rain,0
7213,2026-04-05,231.0,58.1,16,0,L,70,Karachi,Hot,1
7214,2026-03-16,232.2,60.5,36,1,M,180,Islamabad,Hot,0
7215,2026-03-22,239.2,73.8,29,0,L,41,Karachi,Hot,0
7216,2026-03-24,234.5,64.1,43,2,H,180,Islamabad,Humid,1
7217,2026-03-23,231.0,61.7,17,1,M,12,Karachi,Humid,1
7218,2026-04-11,224.5,28.5,41,2,H,38,Karachi,Humid,0
7219,2026-04-07,226.5,32.1,26,2,H,108,Islamabad,Clear,0
7220,2026-04-01,224.2,35.7,40,2,H,180,Karachi,Rain,1
7221,2026-03-22,236.8,65.3,21,2,H,180,Lahore,Clear,1
7222,2026-04-02,235.2,69.0,14,1,M,180,Lahore,Humid,1
7223,2026-03-17,236.0,52.0,16,2,H,138,Karachi,Rain,0
7224,2026-03-23,231.2,52.6,16,2,H,180,Lahore,Clear,1
7225,2026-03-27,231.2,64.1,100,1,M,84,Islamabad,Clear,1
7226,2026-03-23,229.2,52.0,18,2,H,180,Karachi,Clear,1
7227,2026-04-08,234.5,64.1,43,2,H,180,Karachi,Humid,1
7228,2026-04-03,230.8,61.1,16,1,M,6,Islamabad,Hot,1
7229,2026-03-26,227.5,33.3,50,1,M,107,Islamabad,Rain,0
7230,2026-04-13,226.2,30.9,20,0,L,180,Islamabad,Humid,0
7231,2026-04-06,236.8,53.2,17,0,L,129,Karachi,Rain,0
7232,2026-03-27,232.8,52.0,19,1,M,88,Islamabad,Humid,0
7233,2026-03-22,225.0,35.7,42,2,H,92,Islamabad,Clear,0
7234,2026-03-29,231.2,42.4,44,2,H,68,Lahore,Clear,0
7235,2026-04-12,225.2,36.3,11,2,H,19,Lahore,Hot,0
7236,2026-03-27,231.0,62.3,16,0,L,36,Karachi,Hot,1
7237,2026-04-04,231.2,64.1,100,1,M,84,Lahore,Rain,1
7238,2026-03-27,230.2,60.5,10,2,H,147,Lahore,Hot,1
7239,2026-03-31,231.5,42.4,46,1,M,67,Islamabad,Hot,0
7240,2026-03-29,233.0,62.3,17,2,H,130,Islamabad,Rain,1
7241,2026-04-08,229.2,39.3,16,0,L,180,Lahore,Humid,1
7242,2026-04-05,233.8,50.2,18,1,M,136,Lahore,Hot,1
7243,2026-04-02,225.2,29.7,35,2,H,180,Lahore,Humid,1
7244,2026-03-17,224.0,35.7,22,1,M,171,Karachi,Clear,0
7245,2026-03-28,232.2,57.5,32,0,L,180,Karachi,Hot,0
7246,2026-04-13,230.5,48.4,41,0,L,76,Karachi,Clear,0
7247,2026-03-24,235.5,70.8,13,2,H,66,Lahore,Clear,1
7248,2026-03-31,232.8,59.9,34,0,L,83,Lahore,Humid,0
7249,2026-04-12,226.5,32.1,26,2,H,108,Karachi,Rain,0
7250,2026-03-22,237.2,72.0,44,0,L,127,Karachi,Hot,0
7251,2026-04-01,238.5,72.6,19,2,H,91,Lahore,Humid,0
7252,2026-03-26,235.2,68.4,35,1,M,75,Islamabad,Rain,0
7253,2026-03-31,229.0,49.0,37,0,L,180,Karachi,Clear,0
7254,2026-04-06,235.5,53.2,56,1,M,113,Lahore,Hot,0
7255,2026-04-13,233.5,64.7,10,1,M,125,Lahore,Clear,1
7256,2026-03-25,233.2,64.1,10,0,L,114,Islamabad,Clear,1
7257,2026-03-23,224.2,35.7,40,2,H,180,Lahore,Hot,1
7258,2026-04-05,233.5,64.7,10,1,M,125,Lahore,Rain,1
7259,2026-04-07,235.8,64.7,28,2,H,65,Karachi,Rain,0
7260,2026-04-07,231.0,38.7,13,1,M,96,Karachi,Hot,0
7261,2026-04-08,232.0,57.5,38,2,H,57,Islamabad,Hot,0
7262,2026-04-06,227.0,37.5,100,1,M,86,Islamabad,Humid,1
7263,2026-04-08,236.5,64.1,25,1,M,180,Lahore,Humid,1
7264,2026-03-29,230.5,42.4,17,0,L,180,Karachi,Clear,1
7265,2026-03-23,232.8,56.9,10,0,L,180,Islamabad,Hot,1
7266,2026-03-26,231.0,61.7,17,1,M,12,Islamabad,Rain,1
7267,2026-03-25,232.0,51.4,100,0,L,17,Islamabad,Clear,1
7268,2026-03-31,234.8,64.1,10,1,M,180,Lahore,Clear,1
7269,2026-03-20,232.5,64.7,17,0,L,11,Karachi,Clear,1
7270,2026-04-11,229.2,39.3,37,2,H,143,Islamabad,Clear,0
7271,2026-03-22,228.2,35.1,20,0,L,0,Karachi,Rain,1
7272,2026-03-24,232.0,57.5,38,2,H,57,Islamabad,Clear,0
7273,2026-04-08,225.5,30.9,78,1,M,159,Islamabad,Hot,0
7274,2026-03-29,226.5,41.8,46,0,L,9,Karachi,Humid,0
7275,2026-03-18,233.0,62.3,51,1,M,180,Karachi,Rain,1
7276,2026-04-12,231.2,41.2,51,2,H,56,Karachi,Hot,0
7277,2026-04-01,232.0,43.6,50,0,L,95,Lahore,Hot,0
7278,2026-03-25,229.2,39.9,16,2,H,56,Islamabad,Hot,0
7279,2026-03-23,233.0,63.5,16,2,H,101,Lahore,Humid,1
7280,2026-03-23,228.2,43.6,31,0,L,180,Karachi,Humid,1
7281,2026-04-11,231.2,43.0,11,0,L,180,Islamabad,Humid,1
7282,2026-03-22,236.8,65.3,21,2,H,180,Lahore,Hot,1
7283,2026-03-17,231.0,62.9,16,1,M,61,Islamabad,Humid,1
7284,2026-04-04,229.0,33.9,26,1,M,180,Lahore,Clear,0
7285,2026-04-01,234.0,68.4,15,0,L,32,Karachi,Humid,1
7286,2026-03-28,230.5,50.2,19,2,H,180,Lahore,Rain,1
7287,2026-03-17,230.2,40.5,38,2,H,121,Islamabad,Hot,0
7288,2026-03-31,225.8,38.7,31,0,L,25,Islamabad,Hot,0
7289,2026-03-18,235.2,69.0,17,0,L,180,Islamabad,Clear,1
7290,2026-04-04,225.0,27.9,19,2,H,100,Islamabad,Humid,1
7291,2026-04-11,229.0,38.7,16,1,M,8,Karachi,Humid,0
7292,2026-04-01,236.8,53.2,26,0,L,91,Lahore,Rain,1
7293,2026-03-29,231.0,40.5,20,1,M,64,Karachi,Clear,1
7294,2026-04-02,225.2,35.1,11,1,M,70,Karachi,Rain,0
7295,2026-04-11,233.8,62.3,23,1,M,68,Karachi,Rain,0
7296,2026-04-05,229.2,49.0,37,1,M,124,Islamabad,Hot,0
7297,2026-03-20,235.5,70.8,13,2,H,66,Islamabad,Hot,1
7298,2026-03-29,229.5,33.3,47,2,H,180,Islamabad,Humid,0
7299,2026-03-21,233.5,66.5,17,1,M,117,Lahore,Humid,1
7300,2026-03-26,227.0,37.5,100,1,M,86,Islamabad,Rain,1
7301,2026-03-30,230.5,58.7,11,0,L,180,Lahore,Humid,1
7302,2026-03-23,232.2,61.7,16,1,M,126,Islamabad,Rain,1
7303,2026-04-03,228.5,39.9,29,1,M,180,Islamabad,Humid,0
7304,2026-03-19,234.5,68.4,17,1,M,60,Karachi,Humid,1
7305,2026-03-25,231.2,47.2,21,2,H,161,Karachi,Hot,0
7306,2026-03-16,229.2,52.0,18,2,H,180,Karachi,Hot,1
7307,2026-04-05,235.5,51.4,51,0,L,158,Lahore,Hot,0
7308,2026-03-30,231.5,62.9,17,0,L,163,Lahore,Hot,1
7309,2026-03-18,233.5,66.5,17,1,M,117,Islamabad,Clear,1
7310,2026-03-19,229.0,33.3,36,2,H,100,Lahore,Hot,0
7311,2026-03-21,232.0,64.7,10,0,L,180,Islamabad,Clear,1
7312,2026-03-20,225.5,29.1,41,0,L,72,Lahore,Hot,0
7313,2026-04-07,231.0,55.7,10,1,M,39,Lahore,Humid,0
7314,2026-04-05,232.2,61.7,16,1,M,126,Lahore,Rain,1
7315,2026-03-24,230.2,51.4,13,2,H,159,Karachi,Humid,1
7316,2026-03-28,233.5,59.3,44,1,M,6,Lahore,Humid,0
7317,2026-03-22,234.5,59.9,29,1,M,150,Karachi,Clear,0
7318,2026-04-12,236.2,70.2,17,2,H,112,Karachi,Hot,1
7319,2026-03-28,221.5,23.0,10,1,M,89,Lahore,Rain,1
7320,2026-03-28,234.0,66.5,13,1,M,164,Islamabad,Rain,1
7321,2026-04-03,224.0,35.1,13,0,L,180,Islamabad,Hot,1
7322,2026-04-11,234.2,68.4,49,2,H,55,Islamabad,Clear,0
7323,2026-04-06,227.8,43.0,13,0,L,180,Lahore,Clear,1
7324,2026-03-17,233.0,46.0,48,2,H,120,Islamabad,Clear,0
7325,2026-03-15,238.8,72.6,10,2,H,161,Karachi,Rain,1
7326,2026-04-12,227.2,43.6,10,0,L,76,Islamabad,Clear,1
7327,2026-03-23,225.2,36.3,64,0,L,79,Lahore,Clear,0
7328,2026-03-23,235.2,62.9,29,0,L,132,Islamabad,Rain,0
7329,2026-04-05,226.5,32.7,57,2,H,100,Karachi,Rain,0
7330,2026-03-16,228.8,45.4,19,0,L,20,Lahore,Humid,0
7331,2026-03-30,234.8,55.7,26,0,L,180,Islamabad,Rain,1
7332,2026-03-22,229.5,39.3,28,1,M,92,Lahore,Hot,0
7333,2026-04-09,224.2,35.7,40,2,H,180,Lahore,Rain,1
7334,2026-03-20,231.5,62.9,18,1,M,165,Lahore,Rain,1
7335,2026-04-06,232.5,61.1,10,2,H,101,Islamabad,Clear,1
7336,2026-03-27,228.0,42.4,32,1,M,20,Lahore,Humid,0
7337,2026-03-15,233.0,63.5,16,2,H,101,Islamabad,Clear,1
7338,2026-04-02,226.8,35.1,31,2,H,138,Karachi,Humid,0
7339,2026-03-29,227.0,44.2,19,1,M,30,Islamabad,Clear,0
7340,2026-03-15,236.2,70.2,17,2,H,112,Karachi,Hot,1
7341,2026-03-24,231.0,42.4,35,2,H,118,Islamabad,Clear,0
7342,2026-03-15,225.0,36.9,100,0,L,125,Lahore,Clear,1
7343,2026-04-11,232.5,56.9,47,0,L,92,Islamabad,Hot,0
7344,2026-03-26,234.5,49.6,31,2,H,27,Lahore,Hot,0
7345,2026-03-25,232.0,60.5,17,0,L,85,Karachi,Rain,1
7346,2026-04-12,228.2,41.8,21,0,L,180,Islamabad,Clear,1
7347,2026-03-31,230.2,58.7,10,1,M,111,Lahore,Hot,1
7348,2026-03-18,238.8,72.6,41,2,H,180,Karachi,Hot,0
7349,2026-04-12,233.8,66.5,17,0,L,65,Karachi,Rain,1
7350,2026-04-06,232.2,61.7,16,1,M,126,Islamabad,Humid,1
7351,2026-03-21,234.5,68.4,17,1,M,60,Karachi,Hot,1
7352,2026-03-26,231.0,40.5,20,1,M,64,Lahore,Hot,1
7353,2026-03-27,227.5,42.4,30,1,M,30,Karachi,Clear,0
7354,2026-03-19,231.5,59.9,46,2,H,100,Karachi,Rain,0
7355,2026-04-11,237.8,70.8,43,0,L,40,Lahore,Clear,0
7356,2026-03-20,226.8,44.2,34,1,M,180,Karachi,Humid,1
7357,2026-03-16,236.2,70.2,17,2,H,112,Karachi,Rain,1
7358,2026-04-04,232.2,56.3,30,1,M,163,Karachi,Clear,0
7359,2026-03-21,233.0,62.3,18,0,L,34,Karachi,Hot,1
7360,2026-03-28,232.5,61.1,16,1,M,180,Lahore,Hot,1
7361,2026-04-08,236.8,65.3,21,2,H,180,Karachi,Rain,1
7362,2026-04-05,231.5,42.4,10,1,M,111,Lahore,Hot,1
7363,2026-04-11,233.0,60.5,18,0,L,180,Karachi,Clear,1
7364,2026-03-28,229.2,52.0,18,2,H,180,Karachi,Rain,1
7365,2026-03-24,227.0,34.5,17,0,L,180,Karachi,Hot,1
7366,2026-03-18,232.5,62.9,16,0,L,155,Karachi,Hot,1
7367,2026-03-17,227.0,33.9,37,0,L,121,Lahore,Humid,0
7368,2026-04-08,228.0,46.0,49,1,M,161,Lahore,Humid,0
7369,2026-04-06,236.2,66.5,43,2,H,117,Lahore,Rain,0
7370,2026-04-10,232.5,57.5,14,1,M,0,Islamabad,Humid,1
7371,2026-03-28,232.8,50.8,19,0,L,144,Karachi,Clear,0
7372,2026-04-12,227.0,43.0,39,1,M,153,Karachi,Hot,0
7373,2026-03-20,225.0,27.9,19,2,H,100,Lahore,Hot,1
7374,2026-04-06,230.0,52.0,73,1,M,15,Islamabad,Hot,0
7375,2026-03-29,232.8,64.7,10,2,H,25,Karachi,Rain,1
7376,2026-03-22,235.5,70.8,13,2,H,66,Lahore,Rain,1
7377,2026-03-19,231.5,62.9,17,1,M,161,Karachi,Humid,1
7378,2026-03-17,228.5,41.8,100,0,L,143,Karachi,Hot,1
7379,2026-03-17,227.5,41.8,37,0,L,99,Lahore,Hot,0
7380,2026-03-27,226.0,33.3,35,2,H,117,Lahore,Hot,0
7381,2026-03-16,225.2,36.3,11,2,H,19,Karachi,Hot,0
7382,2026-04-07,226.2,41.8,17,1,M,30,Karachi,Hot,1
7383,2026-03-15,232.8,55.1,59,2,H,121,Lahore,Clear,0
7384,2026-03-26,233.0,59.9,22,1,M,20,Karachi,Hot,1
7385,2026-03-22,227.5,37.5,20,0,L,49,Karachi,Clear,0
7386,2026-04-02,235.0,61.7,19,1,M,53,Lahore,Hot,0
7387,2026-03-23,233.0,62.3,17,2,H,130,Karachi,Rain,1
7388,2026-04-11,226.2,39.9,35,2,H,36,Karachi,Rain,0
7389,2026-03-28,231.2,50.2,24,1,M,4,Islamabad,Clear,0
7390,2026-04-11,231.8,55.1,11,0,L,49,Lahore,Hot,1
7391,2026-04-10,238.8,72.6,10,2,H,161,Islamabad,Rain,1
7392,2026-04-01,232.8,52.6,73,0,L,74,Islamabad,Rain,0
7393,2026-03-24,225.2,28.5,10,1,M,105,Islamabad,Hot,1
7394,2026-03-23,229.2,52.0,18,2,H,180,Karachi,Hot,1
7395,2026-03-20,232.5,53.2,73,1,M,36,Karachi,Rain,0
7396,2026-03-15,228.2,36.3,19,1,M,79,Islamabad,Hot,0
7397,2026-03-19,228.5,35.7,29,1,M,30,Islamabad,Humid,0
7398,2026-03-24,231.0,61.1,18,1,M,166,Islamabad,Hot,1
7399,2026-04-08,229.2,53.2,14,1,M,113,Karachi,Rain,1
7400,2026-03-27,227.8,43.0,13,0,L,180,Islamabad,Rain,1
7401,2026-04-05,236.2,52.6,13,2,H,62,Islamabad,Clear,0
7402,2026-04-06,227.8,32.7,13,1,M,180,Lahore,Humid,1
7403,2026-03-18,226.0,38.7,19,0,L,92,Lahore,Rain,0
7404,2026-03-15,230.5,50.8,100,2,H,81,Karachi,Humid,1
7405,2026-04-04,233.5,66.5,29,1,M,108,Lahore,Hot,0
7406,2026-03-16,230.5,41.2,24,2,H,40,Lahore,Rain,1
7407,2026-04-07,233.0,64.1,13,0,L,154,Lahore,Clear,1
7408,2026-03-18,230.5,50.8,100,2,H,81,Karachi,Rain,1
7409,2026-03-31,233.2,61.1,15,1,M,180,Lahore,Clear,1
7410,2026-03-24,230.0,50.2,25,2,H,139,Karachi,Humid,0
7411,2026-04-06,233.2,64.1,13,1,M,111,Islamabad,Clear,1
7412,2026-03-26,230.2,51.4,13,2,H,159,Lahore,Hot,1
7413,2026-04-10,229.8,49.0,26,2,H,113,Karachi,Hot,0
7414,2026-03-16,235.8,69.6,20,2,H,80,Lahore,Hot,0
7415,2026-03-17,233.0,62.3,51,1,M,180,Islamabad,Rain,1
7416,2026-03-28,231.0,41.8,13,2,H,180,Karachi,Hot,0
7417,2026-04-08,225.2,29.7,35,2,H,180,Karachi,Hot,1
7418,2026-03-29,231.0,50.8,28,2,H,180,Karachi,Rain,0
7419,2026-03-27,229.5,37.5,28,1,M,180,Islamabad,Humid,0
7420,2026-03-23,233.0,52.6,29,1,M,106,Islamabad,Hot,0
7421,2026-03-16,227.5,36.3,28,1,M,176,Islamabad,Hot,1
7422,2026-04-02,238.5,70.8,22,0,L,124,Karachi,Rain,0
7423,2026-03-30,235.8,70.2,11,0,L,86,Islamabad,Humid,1
7424,2026-03-25,231.0,62.3,12,0,L,134,Lahore,Humid,1
7425,2026-03-26,231.0,41.8,25,2,H,180,Islamabad,Humid,0
7426,2026-04-08,226.2,38.7,10,0,L,180,Karachi,Rain,1
7427,2026-03-15,231.0,46.0,44,1,M,73,Lahore,Clear,0
7428,2026-03-16,231.8,48.4,68,2,H,102,Islamabad,Clear,0
7429,2026-03-30,231.8,54.5,47,1,M,177,Lahore,Hot,0
7430,2026-04-10,232.5,57.5,14,1,M,0,Lahore,Hot,1
7431,2026-03-16,228.2,44.2,31,2,H,70,Karachi,Hot,0
7432,2026-04-09,231.2,59.3,100,0,L,180,Lahore,Clear,1
7433,2026-04-13,233.0,53.2,48,1,M,63,Lahore,Rain,0
7434,2026-04-02,226.0,33.3,13,1,M,151,Karachi,Hot,1
7435,2026-03-24,229.8,52.6,80,1,M,180,Karachi,Rain,1
7436,2026-04-02,230.5,58.7,23,1,M,180,Karachi,Hot,0
7437,2026-03-24,234.8,51.4,28,2,H,97,Lahore,Rain,0
7438,2026-03-30,230.5,50.2,19,2,H,180,Lahore,Rain,1
7439,2026-03-27,234.8,49.6,33,1,M,24,Lahore,Clear,0
7440,2026-03-30,230.0,34.5,41,2,H,20,Karachi,Rain,0
7441,2026-04-01,230.5,50.8,100,2,H,81,Islamabad,Humid,1
7442,2026-04-07,234.5,64.1,43,2,H,180,Lahore,Clear,1
7443,2026-03-22,230.5,41.2,24,2,H,40,Islamabad,Hot,1
7444,2026-04-07,234.0,66.5,13,1,M,164,Karachi,Clear,1
7445,2026-04-01,232.8,56.3,43,0,L,43,Lahore,Humid,0
7446,2026-03-27,229.2,52.0,35,2,H,24,Islamabad,Humid,0
7447,2026-04-08,233.5,62.3,34,2,H,73,Lahore,Rain,0
7448,2026-04-10,230.2,40.5,22,2,H,85,Lahore,Humid,0
7449,2026-03-21,230.0,50.8,29,0,L,177,Lahore,Humid,0
7450,2026-04-11,235.5,50.8,24,2,H,41,Islamabad,Humid,0
7451,2026-04-04,225.2,29.7,35,2,H,180,Karachi,Humid,1
7452,2026-04-06,224.5,26.6,20,2,H,94,Lahore,Hot,0
7453,2026-04-07,233.0,62.3,17,2,H,130,Karachi,Hot,1
7454,2026-04-08,232.5,55.7,55,2,H,35,Karachi,Clear,0
7455,2026-04-01,228.8,46.0,67,1,M,180,Islamabad,Rain,1
7456,2026-03-20,230.2,60.5,10,2,H,147,Islamabad,Hot,1
7457,2026-03-23,235.2,69.0,24,0,L,22,Karachi,Humid,0
7458,2026-04-12,235.8,70.2,11,0,L,86,Lahore,Rain,1
7459,2026-03-20,233.0,46.0,10,0,L,180,Islamabad,Hot,1
7460,2026-04-01,237.0,64.7,33,2,H,26,Lahore,Clear,0
7461,2026-03-31,231.2,43.0,11,0,L,180,Lahore,Humid,1
7462,2026-03-26,236.2,54.5,100,1,M,143,Lahore,Rain,1
7463,2026-03-17,231.0,61.1,18,1,M,166,Karachi,Hot,1
7464,2026-04-10,225.5,30.3,33,0,L,157,Lahore,Rain,0
7465,2026-03-19,225.0,27.9,19,2,H,100,Karachi,Hot,1
7466,2026-03-21,232.8,56.3,19,0,L,164,Karachi,Clear,0
7467,2026-03-24,229.2,39.9,11,0,L,52,Lahore,Humid,0
7468,2026-03-24,231.8,61.7,54,0,L,170,Lahore,Clear,0
7469,2026-04-02,230.5,59.9,17,0,L,180,Lahore,Humid,1
7470,2026-04-08,231.5,59.3,14,0,L,64,Lahore,Humid,1
7471,2026-04-09,229.0,33.3,36,2,H,100,Karachi,Rain,0
7472,2026-04-11,227.5,36.9,35,0,L,145,Lahore,Hot,0
7473,2026-03-18,229.5,49.0,36,0,L,59,Lahore,Clear,0
7474,2026-03-24,230.2,60.5,10,2,H,147,Karachi,Clear,1
7475,2026-04-01,238.8,71.4,31,2,H,154,Islamabad,Clear,0
7476,2026-03-17,232.2,61.7,13,0,L,159,Islamabad,Rain,1
7477,2026-04-04,232.5,59.3,40,0,L,74,Karachi,Rain,0
7478,2026-03-17,232.0,57.5,41,1,M,148,Islamabad,Rain,0
7479,2026-03-19,227.2,33.9,35,0,L,135,Karachi,Humid,0
7480,2026-03-30,225.2,29.7,35,2,H,180,Lahore,Clear,1
7481,2026-04-03,233.8,58.1,19,2,H,95,Lahore,Humid,0
7482,2026-03-27,238.0,70.8,37,1,M,9,Islamabad,Clear,0
7483,2026-03-25,228.8,32.7,42,0,L,28,Lahore,Clear,0
7484,2026-04-09,233.5,52.6,13,0,L,85,Islamabad,Hot,0
7485,2026-03-27,232.8,64.7,10,2,H,25,Islamabad,Clear,1
7486,2026-04-02,229.0,44.8,24,2,H,9,Lahore,Rain,0
7487,2026-04-11,231.8,63.5,23,1,M,180,Lahore,Rain,0
7488,2026-03-20,235.2,70.2,22,1,M,101,Islamabad,Rain,1
7489,2026-04-07,228.8,46.6,49,1,M,179,Lahore,Hot,1
7490,2026-03-27,234.5,64.1,43,2,H,180,Karachi,Hot,1
7491,2026-04-11,227.0,38.7,20,2,H,122,Lahore,Humid,0
7492,2026-03-18,232.8,52.6,14,2,H,180,Lahore,Clear,0
7493,2026-04-08,225.5,29.7,36,2,H,63,Karachi,Clear,0
7494,2026-04-05,232.8,64.7,10,2,H,25,Lahore,Rain,1
7495,2026-03-19,230.2,51.4,46,0,L,145,Lahore,Rain,1
7496,2026-04-02,233.8,61.1,25,0,L,153,Islamabad,Rain,1
7497,2026-03-19,228.0,41.2,25,0,L,180,Lahore,Rain,1
7498,2026-04-04,232.2,52.6,28,1,M,33,Lahore,Rain,0
7499,2026-03-28,225.2,29.7,35,2,H,180,Karachi,Rain,1
7500,2026-04-11,236.2,70.2,17,2,H,112,Islamabad,Clear,1
7501,2026-04-11,226.8,32.1,67,2,H,90,Islamabad,Hot,0
7502,2026-03-18,230.5,50.2,19,2,H,180,Islamabad,Rain,1
7503,2026-03-26,236.5,69.6,19,2,H,35,Lahore,Clear,0
7504,2026-03-20,233.5,59.3,26,2,H,149,Islamabad,Rain,0
7505,2026-04-02,229.0,36.9,55,1,M,77,Karachi,Humid,0
7506,2026-03-24,226.0,38.1,21,0,L,180,Islamabad,Humid,1
7507,2026-03-15,231.8,64.7,11,2,H,20,Karachi,Clear,1
7508,2026-04-06,230.5,41.2,24,2,H,40,Islamabad,Hot,1
7509,2026-04-06,229.0,46.6,20,1,M,180,Islamabad,Humid,1
7510,2026-04-11,230.5,41.2,24,2,H,40,Karachi,Humid,1
7511,2026-03-30,236.2,70.2,17,2,H,112,Islamabad,Hot,1
7512,2026-03-18,237.2,70.8,51,2,H,170,Islamabad,Humid,0
7513,2026-03-23,224.2,26.6,100,0,L,180,Islamabad,Rain,1
7514,2026-04-11,233.0,59.9,37,0,L,180,Lahore,Hot,1
7515,2026-04-01,229.2,52.0,18,2,H,180,Karachi,Humid,1
7516,2026-04-12,229.2,52.0,18,2,H,180,Islamabad,Hot,1
7517,2026-03-31,226.2,41.8,13,1,M,40,Karachi,Rain,0
7518,2026-03-29,238.8,72.0,22,1,M,180,Karachi,Humid,1
7519,2026-04-02,231.0,47.8,25,2,H,180,Karachi,Clear,0
7520,2026-03-21,233.2,53.8,80,0,L,138,Islamabad,Humid,0
7521,2026-04-08,228.5,44.8,100,0,L,57,Islamabad,Humid,0
7522,2026-04-01,229.8,49.0,38,1,M,165,Karachi,Rain,0
7523,2026-03-20,224.8,35.7,22,2,H,180,Lahore,Clear,0
7524,2026-04-02,231.0,53.2,20,0,L,180,Karachi,Clear,1
7525,2026-04-04,236.2,64.7,25,0,L,180,Lahore,Clear,1
7526,2026-03-26,223.2,25.4,32,1,M,25,Karachi,Rain,0
7527,2026-04-08,234.2,62.3,13,0,L,180,Karachi,Rain,1
7528,2026-03-17,227.5,36.3,28,1,M,176,Karachi,Rain,1
7529,2026-03-15,231.0,59.3,100,1,M,180,Islamabad,Rain,1
7530,2026-03-19,233.2,66.5,16,0,L,115,Lahore,Rain,1
7531,2026-03-15,225.0,27.9,19,2,H,100,Lahore,Clear,1
7532,2026-03-22,232.5,56.9,17,1,M,92,Karachi,Hot,1
7533,2026-03-21,231.8,64.7,11,2,H,20,Islamabad,Rain,1
7534,2026-03-29,229.2,52.0,17,1,M,45,Islamabad,Hot,1
7535,2026-03-25,232.5,53.2,14,0,L,180,Lahore,Humid,1
7536,2026-04-01,235.5,70.8,13,2,H,66,Islamabad,Humid,1
7537,2026-03-28,228.8,46.6,49,1,M,179,Lahore,Rain,1
7538,2026-04-10,226.8,37.5,25,0,L,158,Lahore,Humid,0
7539,2026-03-23,229.0,46.6,20,1,M,180,Lahore,Hot,1
7540,2026-03-19,228.2,32.7,64,0,L,161,Islamabad,Humid,0
7541,2026-04-06,231.2,55.1,65,1,M,44,Lahore,Humid,0
7542,2026-03-18,227.0,33.9,35,1,M,90,Lahore,Hot,0
7543,2026-03-26,232.5,61.1,16,1,M,180,Karachi,Humid,1
7544,2026-04-12,238.8,72.6,10,2,H,161,Lahore,Rain,1
7545,2026-03-15,231.2,63.5,13,0,L,148,Lahore,Hot,1
7546,2026-04-13,238.8,72.6,10,2,H,161,Karachi,Hot,1
7547,2026-04-07,232.5,61.1,16,1,M,180,Karachi,Clear,1
7548,2026-03-27,225.0,27.9,19,2,H,100,Islamabad,Clear,1
7549,2026-03-15,236.2,70.8,42,0,L,92,Lahore,Hot,0
7550,2026-03-17,225.5,37.5,11,0,L,67,Islamabad,Hot,1
7551,2026-04-05,234.2,69.0,11,1,M,44,Islamabad,Clear,1
7552,2026-03-22,226.2,36.9,22,1,M,19,Karachi,Rain,1
7553,2026-04-07,230.2,51.4,13,2,H,159,Islamabad,Humid,1
7554,2026-04-01,230.5,41.2,15,0,L,73,Lahore,Humid,0
7555,2026-04-08,224.2,35.7,40,2,H,180,Karachi,Humid,1
7556,2026-03-30,226.2,36.3,15,0,L,180,Lahore,Hot,1
7557,2026-04-03,227.2,33.9,19,1,M,175,Lahore,Rain,0
7558,2026-04-03,231.8,42.4,17,0,L,180,Karachi,Clear,1
7559,2026-04-13,225.0,27.9,19,2,H,100,Lahore,Rain,1
7560,2026-03-30,232.8,54.5,36,0,L,180,Karachi,Rain,0
7561,2026-03-16,231.8,57.5,100,1,M,21,Lahore,Humid,1
7562,2026-03-31,227.2,41.8,22,0,L,122,Karachi,Clear,0
7563,2026-03-24,225.0,27.9,19,2,H,100,Islamabad,Rain,1
7564,2026-03-21,236.8,53.2,17,0,L,129,Lahore,Clear,0
7565,2026-04-10,235.8,69.6,17,0,L,30,Karachi,Hot,1
7566,2026-03-24,232.8,64.7,10,2,H,25,Lahore,Humid,1
7567,2026-04-02,229.8,48.4,42,0,L,53,Lahore,Clear,0
7568,2026-04-03,238.8,72.6,10,2,H,161,Lahore,Hot,1
7569,2026-04-10,224.8,29.7,25,0,L,122,Karachi,Hot,0
7570,2026-03-23,225.2,30.3,19,0,L,180,Islamabad,Hot,1
7571,2026-04-05,229.8,50.8,34,0,L,180,Islamabad,Rain,0
7572,2026-04-13,231.5,62.9,18,1,M,165,Islamabad,Rain,1
7573,2026-03-31,237.5,70.2,20,2,H,57,Karachi,Humid,0
7574,2026-03-23,234.8,64.7,100,1,M,2,Islamabad,Humid,1
7575,2026-03-23,230.5,50.8,100,2,H,81,Karachi,Hot,1
7576,2026-03-19,227.2,38.7,28,0,L,124,Lahore,Humid,0
7577,2026-04-07,227.8,32.1,30,2,H,134,Lahore,Rain,0
7578,2026-03-21,229.8,48.4,29,0,L,27,Islamabad,Humid,0
7579,2026-03-25,240.0,75.0,31,0,L,180,Karachi,Clear,1
7580,2026-03-22,226.2,41.8,17,1,M,30,Lahore,Rain,1
7581,2026-04-08,236.5,64.1,25,1,M,180,Karachi,Hot,1
7582,2026-03-28,227.5,38.7,22,1,M,119,Karachi,Hot,1
7583,2026-03-16,227.5,33.3,25,0,L,112,Lahore,Humid,0
7584,2026-03-24,235.2,69.0,14,1,M,180,Karachi,Rain,1
7585,2026-04-04,237.2,67.7,40,0,L,148,Lahore,Hot,0
7586,2026-04-07,232.5,61.1,10,2,H,101,Lahore,Hot,1
7587,2026-03-30,232.2,41.2,44,1,M,9,Lahore,Rain,0
7588,2026-03-30,233.5,66.5,17,1,M,117,Karachi,Rain,1
7589,2026-04-02,232.8,64.7,10,2,H,25,Lahore,Hot,1
7590,2026-04-10,239.8,75.0,31,1,M,180,Karachi,Humid,0
7591,2026-03-25,232.5,57.5,14,1,M,29,Lahore,Humid,0
7592,2026-03-20,233.2,64.1,17,0,L,93,Lahore,Humid,1
7593,2026-03-20,229.2,36.3,10,1,M,50,Islamabad,Clear,0
7594,2026-03-21,231.2,62.9,13,0,L,53,Islamabad,Rain,1
7595,2026-03-30,229.2,53.2,14,1,M,113,Islamabad,Hot,1
7596,2026-03-27,233.5,51.4,10,1,M,180,Karachi,Clear,1
7597,2026-04-10,234.5,49.6,31,2,H,27,Karachi,Humid,0
7598,2026-03-17,230.5,50.2,19,2,H,180,Lahore,Clear,1
7599,2026-04-07,234.2,67.7,13,0,L,180,Lahore,Hot,1
7600,2026-04-07,225.0,36.9,100,0,L,125,Lahore,Hot,1
7601,2026-03-23,226.2,43.0,23,1,M,45,Lahore,Rain,0
7602,2026-04-07,227.5,32.7,100,0,L,118,Karachi,Humid,1
7603,2026-03-17,233.5,64.7,10,1,M,125,Lahore,Humid,1
7604,2026-03-20,235.2,69.0,11,1,M,69,Lahore,Clear,1
7605,2026-04-08,233.0,58.1,22,2,H,51,Islamabad,Humid,0
7606,2026-03-31,229.5,39.9,22,2,H,82,Lahore,Clear,0
7607,2026-03-17,234.0,49.0,55,1,M,42,Lahore,Hot,0
7608,2026-03-16,235.5,70.8,13,2,H,66,Lahore,Hot,1
7609,2026-03-26,233.0,57.5,32,2,H,124,Karachi,Hot,0
7610,2026-04-07,233.0,59.9,37,0,L,180,Islamabad,Hot,1
7611,2026-03-20,229.0,51.4,22,0,L,180,Lahore,Hot,1
7612,2026-03-24,238.0,72.6,16,0,L,180,Lahore,Clear,1
7613,2026-03-25,235.2,50.2,94,2,H,180,Islamabad,Hot,0
7614,2026-03-30,233.8,66.5,30,2,H,152,Lahore,Clear,0
7615,2026-04-10,226.2,36.9,22,1,M,19,Karachi,Hot,1
7616,2026-03-30,226.0,37.5,18,0,L,149,Lahore,Clear,0
7617,2026-04-07,224.5,27.9,37,1,M,180,Karachi,Clear,0
7618,2026-04-01,232.8,64.7,10,2,H,25,Karachi,Clear,1
7619,2026-04-10,225.8,30.9,36,2,H,180,Lahore,Humid,0
7620,2026-04-05,231.5,63.5,13,0,L,55,Islamabad,Clear,1
7621,2026-04-06,226.2,36.9,22,1,M,19,Karachi,Clear,1
7622,2026-04-07,232.5,52.0,24,0,L,78,Islamabad,Hot,1
7623,2026-03-23,230.8,41.2,10,1,M,74,Lahore,Clear,0
7624,2026-04-04,238.0,72.6,16,0,L,180,Karachi,Clear,1
7625,2026-04-10,234.0,63.5,19,2,H,130,Lahore,Rain,0
7626,2026-04-02,229.2,52.0,18,2,H,180,Islamabad,Humid,1
7627,2026-03-16,225.2,29.7,35,2,H,180,Lahore,Rain,1
7628,2026-04-07,235.8,53.8,93,2,H,173,Lahore,Hot,0
7629,2026-03-15,231.8,53.8,25,0,L,180,Karachi,Humid,0
7630,2026-04-09,232.0,52.6,36,0,L,48,Lahore,Humid,0
7631,2026-03-30,235.0,69.6,38,2,H,143,Lahore,Rain,0
7632,2026-04-05,228.2,41.8,21,0,L,180,Lahore,Humid,1
7633,2026-04-01,228.5,49.6,28,0,L,22,Karachi,Rain,0
7634,2026-03-17,233.8,50.2,18,1,M,136,Islamabad,Clear,1
7635,2026-04-07,233.2,60.5,22,0,L,144,Islamabad,Rain,0
7636,2026-03-15,231.5,50.2,16,0,L,180,Lahore,Humid,1
7637,2026-03-20,230.5,36.9,43,0,L,53,Karachi,Humid,0
7638,2026-04-02,235.8,70.2,19,0,L,101,Lahore,Hot,0
7639,2026-04-05,226.0,29.1,29,2,H,180,Islamabad,Hot,0
7640,2026-04-02,231.5,42.4,29,1,M,144,Karachi,Hot,0
7641,2026-03-25,232.2,56.9,47,2,H,49,Islamabad,Hot,0
7642,2026-04-10,233.2,61.1,15,1,M,180,Islamabad,Humid,1
7643,2026-03-22,225.2,29.7,20,0,L,180,Karachi,Hot,1
7644,2026-03-19,227.5,39.3,25,2,H,28,Karachi,Rain,0
7645,2026-04-03,231.2,58.7,11,0,L,40,Lahore,Clear,1
7646,2026-03-23,232.0,60.5,61,2,H,138,Lahore,Humid,0
7647,2026-03-29,226.5,32.1,31,2,H,54,Islamabad,Hot,0
7648,2026-04-04,227.8,39.9,37,2,H,36,Karachi,Humid,0
7649,2026-04-11,231.2,53.8,33,1,M,137,Karachi,Hot,0
7650,2026-03-28,226.5,36.9,33,2,H,180,Lahore,Humid,0
7651,2026-03-18,231.2,46.0,13,0,L,40,Islamabad,Hot,0
7652,2026-04-07,227.0,37.5,100,1,M,86,Islamabad,Clear,1
7653,2026-04-07,230.2,39.9,100,0,L,180,Lahore,Hot,1
7654,2026-03-22,230.2,52.0,71,2,H,157,Karachi,Rain,0
7655,2026-04-03,231.0,60.5,16,0,L,174,Lahore,Humid,1
7656,2026-04-12,236.0,52.6,30,0,L,155,Lahore,Humid,0
7657,2026-03-31,227.0,36.3,23,0,L,180,Lahore,Rain,1
7658,2026-03-16,225.5,31.5,13,0,L,172,Lahore,Rain,1
7659,2026-04-03,225.8,29.1,25,2,H,24,Karachi,Clear,0
7660,2026-03-30,226.2,39.3,10,0,L,42,Lahore,Humid,1
7661,2026-03-24,233.2,59.9,100,0,L,31,Karachi,Clear,1
7662,2026-03-16,230.8,61.1,16,1,M,6,Lahore,Humid,1
7663,2026-03-25,233.2,61.1,15,1,M,180,Islamabad,Humid,1
7664,2026-03-24,227.5,32.7,100,0,L,118,Karachi,Clear,1
7665,2026-04-13,230.2,39.9,10,2,H,152,Islamabad,Humid,0
7666,2026-04-13,228.5,41.8,100,0,L,143,Lahore,Humid,1
7667,2026-04-02,230.5,50.2,19,2,H,180,Lahore,Clear,1
7668,2026-04-08,235.0,50.2,17,1,M,180,Lahore,Hot,1
7669,2026-04-08,235.5,70.8,13,2,H,66,Karachi,Clear,1
7670,2026-03-28,231.0,61.7,17,1,M,12,Islamabad,Humid,1
7671,2026-03-25,228.8,47.8,16,1,M,180,Karachi,Rain,0
7672,2026-03-23,228.2,37.5,29,0,L,121,Karachi,Hot,0
7673,2026-03-21,233.0,63.5,16,2,H,101,Lahore,Rain,1
7674,2026-03-29,232.0,59.9,14,0,L,180,Islamabad,Hot,1
7675,2026-04-03,228.8,46.6,27,2,H,132,Lahore,Rain,0
7676,2026-03-31,236.5,65.9,61,1,M,180,Karachi,Hot,0
7677,2026-03-17,234.2,67.7,15,0,L,8,Lahore,Clear,1
7678,2026-03-29,230.5,50.8,100,2,H,81,Islamabad,Hot,1
7679,2026-03-28,235.0,52.6,90,1,M,180,Lahore,Hot,1
7680,2026-03-22,230.2,60.5,10,2,H,147,Islamabad,Hot,1
7681,2026-03-18,233.0,63.5,16,2,H,101,Islamabad,Humid,1
7682,2026-04-09,227.0,32.1,34,0,L,74,Lahore,Rain,0
7683,2026-03-24,234.8,49.6,46,2,H,162,Karachi,Clear,0
7684,2026-03-16,227.0,43.0,47,0,L,69,Lahore,Rain,0
7685,2026-03-28,225.2,28.5,10,1,M,105,Karachi,Rain,1
7686,2026-03-22,224.5,28.5,41,2,H,38,Karachi,Clear,0
7687,2026-04-06,231.2,53.2,10,1,M,157,Lahore,Humid,0
7688,2026-04-10,231.2,42.4,44,2,H,68,Karachi,Hot,0
7689,2026-03-24,222.2,24.2,31,0,L,119,Karachi,Humid,0
7690,2026-04-08,237.8,70.2,100,1,M,26,Lahore,Humid,1
7691,2026-04-01,231.0,41.2,10,1,M,180,Lahore,Hot,1
7692,2026-03-29,233.0,62.3,17,2,H,130,Lahore,Rain,1
7693,2026-03-19,234.0,55.1,100,2,H,43,Karachi,Hot,0
7694,2026-04-05,230.5,50.8,100,2,H,81,Islamabad,Clear,1
7695,2026-03-27,234.0,67.1,86,2,H,167,Karachi,Hot,0
7696,2026-04-01,226.2,36.9,22,1,M,19,Islamabad,Rain,1
7697,2026-03-16,231.0,61.7,17,1,M,12,Lahore,Humid,1
7698,2026-03-27,231.8,60.5,10,1,M,79,Islamabad,Humid,1
7699,2026-04-13,236.2,64.7,25,0,L,180,Lahore,Hot,1
7700,2026-03-28,229.8,46.6,16,0,L,161,Lahore,Clear,0
7701,2026-03-24,233.5,52.6,100,0,L,170,Islamabad,Rain,1
7702,2026-04-13,234.8,62.3,58,0,L,79,Lahore,Humid,0
7703,2026-03-18,225.8,38.7,34,0,L,7,Islamabad,Hot,0
7704,2026-03-29,230.5,50.8,100,2,H,81,Lahore,Clear,1
7705,2026-03-22,238.5,71.4,100,0,L,5,Karachi,Clear,1
7706,2026-03-29,234.2,48.4,28,0,L,180,Karachi,Humid,0
7707,2026-03-28,236.8,67.1,20,0,L,127,Lahore,Humid,1
7708,2026-04-12,233.8,61.1,25,0,L,153,Lahore,Rain,1
7709,2026-04-10,229.2,39.3,37,1,M,150,Islamabad,Clear,0
7710,2026-04-04,233.0,62.3,18,0,L,166,Karachi,Rain,1
7711,2026-03-23,235.8,64.7,63,0,L,63,Islamabad,Clear,0
7712,2026-04-03,225.8,38.7,22,1,M,180,Lahore,Clear,1
7713,2026-03-17,229.8,47.2,23,1,M,82,Lahore,Hot,0
7714,2026-04-09,229.2,53.2,14,1,M,113,Islamabad,Humid,1
7715,2026-03-29,226.8,43.6,34,1,M,98,Lahore,Clear,0
7716,2026-04-07,221.2,21.8,62,0,L,29,Karachi,Rain,0
7717,2026-03-31,226.2,41.8,82,1,M,23,Islamabad,Humid,0
7718,2026-04-08,231.8,47.8,21,0,L,144,Karachi,Rain,0
7719,2026-03-30,233.8,50.2,18,1,M,136,Karachi,Humid,1
7720,2026-03-18,231.5,53.2,32,1,M,180,Karachi,Humid,0
7721,2026-03-25,233.0,44.8,28,1,M,7,Islamabad,Clear,0
7722,2026-04-08,233.5,52.0,25,2,H,28,Lahore,Hot,0
7723,2026-03-22,231.5,43.0,24,1,M,94,Karachi,Clear,0
7724,2026-03-17,235.2,62.3,16,1,M,104,Karachi,Humid,0
7725,2026-04-02,232.2,56.3,18,1,M,173,Karachi,Clear,0
7726,2026-03-28,234.8,50.2,60,2,H,97,Lahore,Clear,0
7727,2026-03-23,227.0,43.6,18,0,L,180,Lahore,Humid,1
7728,2026-03-17,226.8,35.1,52,0,L,177,Islamabad,Humid,0
7729,2026-03-18,225.2,29.7,35,2,H,180,Lahore,Clear,1
7730,2026-04-08,230.2,41.2,29,2,H,171,Islamabad,Clear,0
7731,2026-04-11,238.2,70.8,26,0,L,40,Islamabad,Clear,0
7732,2026-03-18,235.8,63.5,44,1,M,46,Islamabad,Rain,0
7733,2026-03-25,232.0,62.9,17,1,M,144,Islamabad,Clear,1
7734,2026-04-02,238.8,72.6,10,2,H,161,Islamabad,Rain,1
7735,2026-04-13,237.8,70.2,100,1,M,26,Karachi,Hot,1
7736,2026-03-30,232.2,58.7,22,1,M,180,Lahore,Rain,0
7737,2026-04-06,228.8,46.0,22,0,L,180,Karachi,Clear,0
7738,2026-04-05,232.2,61.1,13,1,M,88,Islamabad,Hot,1
7739,2026-03-31,231.0,41.8,17,2,H,161,Lahore,Rain,0
7740,2026-04-13,225.2,29.7,35,2,H,180,Karachi,Rain,1
7741,2026-03-24,230.2,58.7,10,1,M,111,Karachi,Humid,1
7742,2026-04-07,225.5,32.1,26,2,H,161,Islamabad,Hot,0
7743,2026-03-31,229.0,36.9,13,2,H,72,Karachi,Humid,0
7744,2026-03-30,231.2,41.2,38,1,M,116,Karachi,Hot,0
7745,2026-04-03,237.0,68.4,13,2,H,120,Karachi,Rain,0
7746,2026-04-05,234.8,69.6,26,2,H,80,Karachi,Humid,0
7747,2026-03-20,233.0,59.9,37,0,L,180,Karachi,Clear,1
7748,2026-03-21,238.8,72.6,10,2,H,161,Islamabad,Rain,1
7749,2026-03-28,232.5,58.1,22,1,M,94,Islamabad,Hot,0
7750,2026-03-25,234.8,55.7,26,0,L,180,Karachi,Hot,1
7751,2026-03-26,236.2,70.2,17,2,H,112,Islamabad,Humid,1
7752,2026-03-28,232.0,62.9,17,1,M,144,Islamabad,Humid,1
7753,2026-03-19,232.8,63.5,38,0,L,158,Lahore,Hot,0
7754,2026-03-19,234.5,64.1,43,2,H,180,Karachi,Rain,1
7755,2026-04-03,224.5,36.3,32,1,M,98,Islamabad,Humid,0
7756,2026-04-05,234.0,62.3,25,1,M,115,Islamabad,Clear,0
7757,2026-04-06,227.5,44.2,21,2,H,82,Karachi,Hot,0
7758,2026-04-09,233.0,59.9,37,0,L,180,Lahore,Clear,1
7759,2026-03-29,232.2,53.8,34,0,L,3,Karachi,Hot,0
7760,2026-04-09,230.0,41.8,20,2,H,161,Lahore,Clear,0
7761,2026-03-15,226.5,33.9,44,2,H,79,Karachi,Rain,0
7762,2026-04-08,231.0,62.3,12,0,L,134,Karachi,Hot,1
7763,2026-04-13,225.2,28.5,10,1,M,105,Karachi,Rain,1
7764,2026-04-07,233.0,62.3,17,2,H,130,Karachi,Humid,1
7765,2026-04-06,236.0,64.1,10,0,L,0,Lahore,Hot,1
7766,2026-03-23,227.8,43.0,29,1,M,180,Lahore,Rain,0
7767,2026-03-17,235.2,70.2,10,0,L,148,Islamabad,Clear,1
7768,2026-04-09,233.5,56.9,56,1,M,88,Karachi,Rain,0
7769,2026-03-18,237.0,71.4,46,2,H,170,Lahore,Hot,0
7770,2026-03-30,226.0,33.3,13,1,M,151,Lahore,Rain,1
7771,2026-03-21,231.0,40.5,31,1,M,53,Lahore,Clear,0
7772,2026-04-05,232.5,56.9,17,1,M,92,Karachi,Clear,1
7773,2026-03-28,231.5,63.5,51,1,M,180,Islamabad,Clear,0
7774,2026-03-30,237.8,70.2,100,1,M,26,Lahore,Humid,1
7775,2026-04-12,229.0,41.8,38,1,M,65,Karachi,Hot,0
7776,2026-04-01,233.0,57.5,100,0,L,15,Lahore,Clear,1
7777,2026-03-30,229.8,39.3,38,2,H,91,Lahore,Humid,0
7778,2026-03-30,233.8,61.1,32,0,L,155,Islamabad,Clear,0
7779,2026-03-16,232.2,54.5,29,0,L,180,Lahore,Rain,1
7780,2026-03-24,232.2,58.7,68,1,M,99,Lahore,Hot,0
7781,2026-03-21,233.5,56.9,29,0,L,142,Karachi,Rain,0
7782,2026-04-08,233.5,53.2,28,0,L,176,Karachi,Humid,0
7783,2026-04-10,229.8,52.6,80,1,M,180,Islamabad,Rain,1
7784,2026-03-29,234.5,64.1,43,2,H,180,Karachi,Rain,1
7785,2026-04-11,225.5,38.1,41,1,M,151,Karachi,Clear,0
7786,2026-03-23,236.0,53.8,26,0,L,166,Islamabad,Rain,0
7787,2026-03-21,226.8,43.6,34,1,M,98,Lahore,Clear,0
7788,2026-04-10,232.2,61.7,14,1,M,134,Islamabad,Clear,1
7789,2026-04-07,230.5,41.2,24,2,H,40,Karachi,Hot,1
7790,2026-03-30,231.0,56.3,10,0,L,180,Islamabad,Humid,1
7791,2026-04-09,234.0,52.0,33,0,L,0,Lahore,Humid,0
7792,2026-03-17,231.8,64.7,11,2,H,20,Islamabad,Humid,1
7793,2026-03-31,228.8,40.5,25,2,H,180,Karachi,Clear,0
7794,2026-04-06,231.8,60.5,10,1,M,79,Karachi,Humid,1
7795,2026-03-22,232.2,61.7,16,1,M,126,Islamabad,Clear,1
7796,2026-03-16,226.2,37.5,20,0,L,153,Lahore,Hot,0
7797,2026-04-08,233.2,62.3,25,1,M,175,Islamabad,Humid,0
7798,2026-04-03,230.2,51.4,18,0,L,180,Lahore,Clear,1
7799,2026-04-09,234.5,64.1,43,2,H,180,Lahore,Humid,1
7800,2026-04-10,229.8,52.0,49,0,L,53,Islamabad,Humid,0
7801,2026-04-08,230.5,51.4,20,2,H,180,Lahore,Hot,1
7802,2026-04-12,230.2,41.2,29,2,H,171,Karachi,Rain,0
7803,2026-03-17,235.2,70.2,46,1,M,94,Islamabad,Humid,0
7804,2026-03-22,234.0,50.2,31,0,L,107,Lahore,Hot,0
7805,2026-04-10,235.5,70.8,13,2,H,66,Karachi,Humid,1
7806,2026-03-16,235.5,62.9,10,0,L,139,Islamabad,Humid,1
7807,2026-04-13,231.2,52.6,16,2,H,180,Karachi,Humid,1
7808,2026-04-02,227.2,32.7,43,0,L,159,Karachi,Humid,0
7809,2026-03-31,227.5,42.4,21,2,H,25,Karachi,Rain,0
7810,2026-03-19,233.8,62.9,31,2,H,180,Lahore,Rain,0
7811,2026-04-03,231.2,59.3,100,0,L,180,Islamabad,Humid,1
7812,2026-04-12,231.8,62.9,38,1,M,149,Islamabad,Humid,0
7813,2026-03-31,226.2,38.1,46,0,L,67,Lahore,Hot,0
7814,2026-03-24,226.5,32.7,28,0,L,180,Islamabad,Hot,1
7815,2026-03-23,233.5,66.5,17,1,M,117,Karachi,Clear,1
7816,2026-04-05,236.8,65.3,21,2,H,180,Islamabad,Rain,1
7817,2026-03-20,225.5,37.5,11,0,L,67,Lahore,Humid,1
7818,2026-04-13,231.8,64.7,11,2,H,20,Karachi,Rain,1
7819,2026-03-25,233.0,59.3,41,0,L,180,Lahore,Hot,0
7820,2026-03-16,227.5,36.9,11,1,M,59,Karachi,Rain,0
7821,2026-04-13,225.8,29.7,22,2,H,105,Karachi,Rain,0
7822,2026-04-06,231.5,41.8,16,0,L,95,Islamabad,Humid,0
7823,2026-03-26,231.2,41.2,25,2,H,107,Karachi,Humid,0
7824,2026-03-26,230.2,60.5,10,2,H,147,Lahore,Hot,1
7825,2026-03-30,228.8,46.0,67,1,M,180,Islamabad,Humid,1
7826,2026-04-08,232.0,62.9,17,1,M,144,Lahore,Hot,1
7827,2026-04-05,227.0,36.9,18,1,M,17,Karachi,Hot,0
7828,2026-04-10,231.2,52.0,12,0,L,8,Lahore,Clear,0
7829,2026-04-07,232.5,61.1,16,1,M,180,Lahore,Clear,1
7830,2026-03-26,233.5,64.7,10,1,M,125,Karachi,Clear,1
7831,2026-04-04,231.2,59.3,100,0,L,180,Islamabad,Rain,1
7832,2026-04-01,231.2,40.5,40,1,M,36,Lahore,Clear,0
7833,2026-03-27,235.2,68.4,11,0,L,42,Karachi,Humid,1
7834,2026-03-29,225.2,29.7,35,2,H,180,Islamabad,Humid,1
7835,2026-03-30,232.8,50.8,20,0,L,142,Islamabad,Clear,0
7836,2026-03-18,233.0,62.3,16,1,M,67,Islamabad,Rain,1
7837,2026-03-26,231.2,52.6,16,2,H,180,Lahore,Hot,1
7838,2026-03-31,234.5,63.5,16,1,M,139,Lahore,Rain,0
7839,2026-03-15,233.8,61.1,29,0,L,162,Lahore,Rain,0
7840,2026-04-05,226.0,32.1,28,2,H,2,Islamabad,Hot,0
7841,2026-04-01,227.0,32.7,20,0,L,61,Lahore,Hot,1
7842,2026-04-05,229.8,52.6,80,1,M,180,Karachi,Hot,1
7843,2026-03-30,230.8,61.1,16,1,M,6,Lahore,Humid,1
7844,2026-03-15,230.5,41.2,24,2,H,40,Lahore,Hot,1
7845,2026-04-10,233.8,62.3,20,1,M,88,Islamabad,Hot,0
7846,2026-03-24,224.5,29.7,100,0,L,18,Lahore,Rain,1
7847,2026-04-02,234.2,62.3,24,2,H,51,Karachi,Rain,0
7848,2026-03-30,232.2,56.3,26,0,L,104,Islamabad,Clear,0
7849,2026-03-28,226.2,43.0,25,2,H,112,Karachi,Rain,0
7850,2026-04-08,230.5,50.2,19,2,H,180,Islamabad,Hot,1
7851,2026-03-16,227.2,39.3,19,1,M,44,Islamabad,Humid,0
7852,2026-04-07,235.5,70.8,13,2,H,66,Lahore,Rain,1
7853,2026-03-20,235.0,62.9,52,0,L,112,Karachi,Rain,0
7854,2026-04-11,230.2,51.4,46,0,L,145,Islamabad,Hot,1
7855,2026-04-05,229.5,38.7,95,0,L,98,Lahore,Rain,1
7856,2026-04-06,230.5,50.2,19,2,H,180,Islamabad,Rain,1
7857,2026-03-19,226.5,43.0,22,2,H,16,Islamabad,Hot,0
7858,2026-03-26,229.8,52.6,61,0,L,180,Islamabad,Rain,0
7859,2026-04-10,233.0,63.5,16,2,H,101,Islamabad,Humid,1
7860,2026-03-18,221.2,21.8,22,2,H,69,Islamabad,Clear,0
7861,2026-04-05,232.8,44.8,43,1,M,111,Islamabad,Rain,0
7862,2026-04-07,231.8,57.5,100,1,M,21,Lahore,Humid,1
7863,2026-03-18,236.0,52.0,10,1,M,49,Islamabad,Rain,0
7864,2026-03-19,229.8,48.4,22,1,M,67,Karachi,Clear,0
7865,2026-03-21,233.0,62.3,18,0,L,166,Lahore,Hot,1
7866,2026-03-20,231.5,46.6,46,1,M,6,Karachi,Clear,0
7867,2026-03-27,229.2,47.2,28,0,L,51,Islamabad,Rain,0
7868,2026-03-18,236.8,65.3,21,2,H,180,Karachi,Clear,1
7869,2026-03-27,234.5,67.7,14,1,M,2,Islamabad,Clear,1
7870,2026-03-18,231.5,62.9,18,1,M,165,Islamabad,Hot,1
7871,2026-03-24,238.8,72.6,10,2,H,161,Lahore,Rain,1
7872,2026-04-03,232.5,61.1,10,2,H,101,Lahore,Clear,1
7873,2026-03-15,236.5,69.0,57,2,H,40,Islamabad,Clear,0
7874,2026-04-04,232.5,43.6,44,2,H,23,Lahore,Hot,0
7875,2026-03-22,238.8,71.4,31,2,H,154,Karachi,Humid,0
7876,2026-03-21,231.5,62.9,70,0,L,113,Lahore,Rain,0
7877,2026-03-19,238.0,69.6,33,1,M,110,Lahore,Humid,0
7878,2026-03-17,230.5,51.4,20,2,H,180,Karachi,Humid,1
7879,2026-03-29,232.2,57.5,20,0,L,83,Lahore,Hot,0
7880,2026-04-10,231.8,57.5,38,2,H,161,Islamabad,Hot,0
7881,2026-03-31,233.0,65.3,11,0,L,40,Karachi,Rain,1
7882,2026-04-12,229.8,41.2,32,2,H,152,Islamabad,Humid,0
7883,2026-04-06,228.5,48.4,26,1,M,11,Karachi,Clear,0
7884,2026-03-27,233.0,63.5,16,2,H,101,Islamabad,Humid,1
7885,2026-03-29,233.0,63.5,16,2,H,101,Islamabad,Hot,1
7886,2026-04-10,230.2,51.4,13,2,H,159,Lahore,Clear,1
7887,2026-04-02,227.0,31.5,25,0,L,180,Islamabad,Clear,0
7888,2026-04-03,238.8,72.6,32,2,H,96,Lahore,Hot,0
7889,2026-03-28,233.2,46.0,35,0,L,139,Karachi,Clear,0
7890,2026-04-04,233.8,67.7,16,0,L,29,Islamabad,Humid,1
7891,2026-03-27,228.0,37.5,21,1,M,20,Islamabad,Hot,0
7892,2026-03-26,226.5,35.1,37,1,M,131,Karachi,Rain,0
7893,2026-04-07,239.5,73.8,35,2,H,58,Karachi,Hot,0
7894,2026-04-12,228.8,46.6,35,2,H,62,Islamabad,Rain,0
7895,2026-04-06,236.8,65.3,21,2,H,180,Karachi,Rain,1
7896,2026-03-23,233.0,62.3,17,2,H,130,Lahore,Hot,1
7897,2026-04-10,231.0,41.8,35,1,M,176,Karachi,Hot,0
7898,2026-03-17,229.2,52.0,18,2,H,180,Karachi,Rain,1
7899,2026-04-13,227.2,32.1,30,2,H,147,Islamabad,Rain,0
7900,2026-03-25,226.0,33.3,13,1,M,151,Lahore,Clear,1
7901,2026-03-24,233.5,51.4,35,0,L,7,Karachi,Hot,0
7902,2026-03-15,233.8,47.2,17,0,L,146,Lahore,Hot,0
7903,2026-03-31,231.0,53.2,20,0,L,180,Lahore,Clear,1
7904,2026-04-11,231.2,40.5,52,0,L,26,Lahore,Hot,0
7905,2026-04-09,236.5,65.3,10,1,M,180,Islamabad,Clear,1
7906,2026-03-27,232.8,52.6,31,1,M,97,Karachi,Clear,0
7907,2026-03-28,235.8,69.6,17,0,L,30,Islamabad,Hot,1
7908,2026-03-15,233.2,59.9,100,0,L,31,Karachi,Humid,1
7909,2026-03-16,231.2,41.8,57,2,H,180,Karachi,Rain,0
7910,2026-03-16,231.5,62.9,18,1,M,165,Islamabad,Hot,1
7911,2026-03-21,231.0,53.2,20,0,L,180,Lahore,Humid,1
7912,2026-03-23,235.8,63.5,25,1,M,180,Lahore,Clear,0
7913,2026-04-07,232.5,61.1,17,1,M,180,Karachi,Humid,1
7914,2026-03-18,227.5,41.2,29,0,L,71,Islamabad,Hot,0
7915,2026-03-16,235.0,50.8,28,1,M,180,Lahore,Hot,0
7916,2026-04-02,236.8,65.3,21,2,H,180,Lahore,Humid,1
7917,2026-04-09,231.2,58.7,42,2,H,42,Karachi,Hot,0
7918,2026-03-19,228.8,38.7,29,1,M,13,Karachi,Rain,0
7919,2026-03-23,230.0,41.8,20,2,H,161,Islamabad,Humid,0
7920,2026-04-07,227.5,36.9,33,1,M,56,Karachi,Clear,0
7921,2026-03-27,229.2,52.0,18,2,H,180,Lahore,Humid,1
7922,2026-03-26,226.2,41.8,17,1,M,30,Lahore,Humid,1
7923,2026-04-13,229.2,52.0,18,2,H,180,Lahore,Humid,1
7924,2026-04-02,221.5,23.0,10,1,M,89,Lahore,Humid,1
7925,2026-03-23,235.5,70.8,13,2,H,66,Islamabad,Clear,1
7926,2026-03-24,228.2,42.4,61,1,M,17,Islamabad,Clear,0
7927,2026-04-02,224.2,35.7,40,2,H,180,Karachi,Clear,1
7928,2026-03-24,229.2,53.2,14,1,M,113,Karachi,Humid,1
7929,2026-03-26,231.8,64.1,16,0,L,67,Karachi,Rain,1
7930,2026-03-28,225.8,38.7,22,1,M,180,Islamabad,Rain,1
7931,2026-03-22,224.5,28.5,31,1,M,55,Lahore,Clear,0
7932,2026-03-30,231.8,60.5,16,0,L,108,Karachi,Rain,1
7933,2026-03-31,225.2,29.7,35,2,H,180,Lahore,Rain,1
7934,2026-04-03,228.0,33.9,28,1,M,180,Karachi,Rain,0
7935,2026-03-18,229.2,52.0,18,2,H,180,Karachi,Rain,1
7936,2026-03-20,227.0,32.7,58,0,L,54,Karachi,Rain,0
7937,2026-03-26,230.8,43.0,19,0,L,27,Karachi,Hot,0
7938,2026-04-11,233.0,62.3,17,2,H,130,Karachi,Clear,1
7939,2026-04-01,230.5,41.2,24,2,H,40,Lahore,Humid,1
7940,2026-03-21,233.0,62.3,17,2,H,130,Karachi,Rain,1
7941,2026-03-19,231.8,64.7,11,2,H,20,Lahore,Hot,1
7942,2026-03-24,235.5,70.8,13,2,H,66,Islamabad,Humid,1
7943,2026-03-20,232.2,55.1,58,2,H,93,Karachi,Hot,0
7944,2026-04-10,235.0,69.0,16,1,M,180,Lahore,Rain,1
7945,2026-03-28,239.8,73.2,41,0,L,144,Islamabad,Rain,0
7946,2026-03-20,233.8,51.4,10,0,L,180,Islamabad,Rain,1
7947,2026-04-13,235.2,70.2,22,1,M,101,Islamabad,Rain,1
7948,2026-03-28,233.0,63.5,13,0,L,97,Lahore,Humid,1
7949,2026-03-26,231.5,62.9,17,1,M,161,Karachi,Humid,1
7950,2026-04-13,232.8,59.3,38,0,L,38,Karachi,Hot,0
7951,2026-04-10,236.2,66.5,10,1,M,122,Lahore,Clear,1
7952,2026-04-05,232.2,58.1,11,1,M,75,Karachi,Rain,1
7953,2026-04-09,234.5,63.5,43,2,H,44,Lahore,Hot,0
7954,2026-03-26,226.5,33.9,20,2,H,43,Karachi,Hot,0
7955,2026-03-22,233.0,62.3,17,2,H,130,Islamabad,Hot,1
7956,2026-03-24,231.0,41.8,29,2,H,133,Karachi,Rain,0
7957,2026-03-30,226.5,31.5,13,1,M,100,Lahore,Rain,0
7958,2026-04-03,226.2,36.3,17,0,L,180,Lahore,Hot,1
7959,2026-04-09,231.5,42.4,10,1,M,111,Islamabad,Rain,1
7960,2026-03-22,235.5,69.0,20,2,H,54,Lahore,Hot,0
7961,2026-03-23,229.5,39.9,38,2,H,27,Karachi,Humid,0
7962,2026-03-27,230.5,41.8,44,1,M,86,Karachi,Rain,0
7963,2026-04-12,225.2,28.5,10,1,M,105,Islamabad,Humid,1
7964,2026-04-03,236.0,64.7,18,1,M,176,Lahore,Clear,0
7965,2026-03-31,228.2,41.2,46,1,M,162,Islamabad,Rain,0
7966,2026-04-02,224.2,35.7,40,2,H,180,Karachi,Clear,1
7967,2026-03-31,231.0,41.2,10,1,M,180,Islamabad,Hot,1
7968,2026-03-21,229.8,33.9,30,0,L,180,Lahore,Rain,1
7969,2026-04-11,231.5,62.9,17,1,M,161,Islamabad,Rain,1
7970,2026-03-15,231.8,51.4,50,0,L,71,Lahore,Rain,0
7971,2026-04-10,224.0,35.1,13,0,L,180,Lahore,Clear,1
7972,2026-04-03,235.5,70.8,13,2,H,66,Karachi,Clear,1
7973,2026-04-12,226.5,32.1,26,1,M,180,Karachi,Hot,1
7974,2026-03-28,233.5,51.4,10,1,M,180,Karachi,Humid,1
7975,2026-03-31,227.5,36.3,28,1,M,176,Lahore,Humid,1
7976,2026-03-27,230.2,51.4,18,0,L,180,Islamabad,Clear,1
7977,2026-04-12,237.0,53.2,23,0,L,121,Lahore,Rain,0
7978,2026-03-16,231.2,50.8,47,1,M,180,Karachi,Humid,1
7979,2026-04-10,236.5,65.9,31,2,H,175,Karachi,Humid,0
7980,2026-03-28,235.0,62.3,25,2,H,152,Islamabad,Clear,0
7981,2026-03-15,233.2,63.5,35,0,L,180,Karachi,Hot,0
7982,2026-04-12,226.2,41.2,25,2,H,14,Karachi,Clear,0
7983,2026-03-19,233.2,49.6,58,2,H,151,Karachi,Clear,0
7984,2026-03-21,233.0,55.1,10,0,L,10,Islamabad,Rain,1
7985,2026-04-02,224.0,25.4,25,1,M,11,Lahore,Clear,0
7986,2026-03-28,229.5,49.6,37,1,M,180,Karachi,Rain,0
7987,2026-04-07,231.2,52.6,16,2,H,180,Islamabad,Hot,1
7988,2026-03-28,231.8,64.7,11,2,H,20,Karachi,Rain,1
7989,2026-03-29,227.0,43.6,18,0,L,180,Islamabad,Hot,1
7990,2026-03-19,232.0,55.1,13,0,L,171,Karachi,Hot,0
7991,2026-03-19,232.0,48.4,41,0,L,135,Islamabad,Hot,0
7992,2026-04-12,234.5,50.2,35,0,L,23,Karachi,Clear,0
7993,2026-04-04,234.0,68.4,15,0,L,32,Lahore,Rain,1
7994,2026-04-07,235.2,68.4,61,2,H,44,Karachi,Humid,0
7995,2026-03-16,221.5,23.0,10,1,M,89,Islamabad,Clear,1
7996,2026-04-01,235.8,51.4,28,0,L,153,Karachi,Hot,0
7997,2026-04-13,233.0,59.9,22,1,M,20,Lahore,Humid,1
7998,2026-04-11,228.5,35.7,23,2,H,8,Karachi,Clear,0
7999,2026-04-07,233.5,58.1,48,0,L,111,Islamabad,Humid,0
8000,2026-03-23,230.8,55.1,27,2,H,23,Islamabad,Hot,0
8001,2026-04-10,232.0,56.9,44,0,L,85,Lahore,Humid,0
8002,2026-04-11,227.2,41.8,42,2,H,180,Islamabad,Humid,0
8003,2026-03-24,232.2,58.1,11,1,M,75,Karachi,Hot,1
8004,2026-04-09,234.2,61.7,25,0,L,60,Karachi,Humid,0
8005,2026-04-01,233.2,55.7,22,1,M,131,Karachi,Clear,0
8006,2026-03-18,229.2,49.6,13,1,M,180,Islamabad,Humid,0
8007,2026-03-22,231.2,49.6,40,0,L,23,Karachi,Rain,0
8008,2026-04-01,231.0,61.7,17,1,M,12,Karachi,Clear,1
8009,2026-04-03,224.0,26.0,30,1,M,15,Karachi,Humid,0
8010,2026-04-09,234.5,68.4,17,1,M,60,Lahore,Rain,1
8011,2026-04-12,237.5,69.6,22,1,M,42,Islamabad,Rain,0
8012,2026-04-12,233.0,62.3,18,0,L,34,Islamabad,Rain,1
8013,2026-03-31,226.0,33.3,13,1,M,151,Islamabad,Humid,1
8014,2026-03-30,231.2,41.2,31,0,L,51,Lahore,Hot,0
8015,2026-04-01,234.8,64.7,100,1,M,2,Islamabad,Rain,1
8016,2026-03-21,234.5,68.4,17,1,M,60,Lahore,Hot,1
8017,2026-03-15,233.2,58.7,24,0,L,180,Lahore,Clear,1
8018,2026-04-11,225.2,28.5,10,1,M,105,Islamabad,Hot,1
8019,2026-03-15,233.5,56.3,10,0,L,180,Karachi,Hot,0
8020,2026-04-01,230.5,50.8,100,2,H,81,Karachi,Hot,1
8021,2026-03-18,232.2,61.7,16,1,M,126,Islamabad,Hot,1
8022,2026-04-06,230.2,60.5,10,2,H,147,Islamabad,Hot,1
8023,2026-04-03,229.2,53.2,14,1,M,113,Lahore,Clear,1
8024,2026-04-04,232.0,53.8,31,2,H,49,Islamabad,Clear,0
8025,2026-04-03,225.0,36.9,100,0,L,125,Lahore,Hot,1
8026,2026-03-18,226.8,36.9,31,2,H,6,Islamabad,Hot,0
8027,2026-04-08,223.8,26.0,12,1,M,24,Karachi,Rain,1
8028,2026-03-20,232.8,43.6,56,2,H,180,Karachi,Clear,0
8029,2026-04-11,238.8,72.6,10,2,H,161,Islamabad,Humid,1
8030,2026-03-17,233.8,50.2,18,1,M,136,Lahore,Clear,1
8031,2026-03-20,224.2,26.6,100,0,L,180,Karachi,Humid,1
8032,2026-03-27,230.2,60.5,10,2,H,147,Lahore,Rain,1
8033,2026-04-06,235.2,51.4,17,0,L,180,Islamabad,Hot,1
8034,2026-03-21,232.5,52.0,14,1,M,0,Islamabad,Rain,0
8035,2026-04-07,231.0,41.8,46,1,M,172,Karachi,Hot,0
8036,2026-04-12,230.5,42.4,17,0,L,180,Islamabad,Clear,1
8037,2026-03-18,232.8,64.7,10,2,H,25,Karachi,Hot,1
8038,2026-03-15,228.8,50.2,16,1,M,45,Lahore,Humid,0
8039,2026-03-20,235.2,50.8,10,0,L,180,Karachi,Humid,1
8040,2026-04-07,231.0,41.2,10,1,M,180,Karachi,Rain,1
8041,2026-03-19,235.2,50.8,10,0,L,180,Lahore,Clear,1
8042,2026-03-27,234.5,67.7,14,1,M,2,Karachi,Humid,1
8043,2026-04-02,229.0,38.7,16,1,M,8,Karachi,Rain,0
8044,2026-03-18,236.5,64.7,14,0,L,170,Islamabad,Clear,0
8045,2026-04-07,229.2,37.5,20,0,L,79,Lahore,Clear,0
8046,2026-03-20,234.2,62.3,22,1,M,62,Karachi,Rain,0
8047,2026-03-27,234.2,62.3,65,1,M,43,Lahore,Humid,0
8048,2026-04-12,232.0,57.5,21,1,M,180,Lahore,Humid,0
8049,2026-03-19,230.5,51.4,20,2,H,180,Karachi,Rain,1
8050,2026-03-27,237.5,70.8,37,2,H,150,Islamabad,Humid,0
8051,2026-04-08,225.2,29.7,35,2,H,180,Lahore,Rain,1
8052,2026-03-24,234.0,66.5,13,1,M,164,Karachi,Humid,1
8053,2026-03-17,236.2,55.1,29,2,H,52,Lahore,Humid,0
8054,2026-04-06,233.0,55.7,40,2,H,71,Islamabad,Rain,0
8055,2026-04-08,234.0,55.1,100,2,H,43,Islamabad,Rain,0
8056,2026-04-10,230.5,50.8,100,2,H,81,Islamabad,Humid,1
8057,2026-03-27,235.2,62.3,61,2,H,43,Karachi,Rain,0
8058,2026-04-10,232.5,56.9,34,2,H,96,Karachi,Humid,0
8059,2026-03-26,228.2,43.6,31,0,L,180,Islamabad,Hot,1
8060,2026-03-18,231.2,42.4,44,2,H,68,Karachi,Clear,0
8061,2026-03-24,234.8,55.7,26,0,L,180,Islamabad,Clear,1
8062,2026-04-09,227.8,42.4,18,2,H,180,Karachi,Humid,0
8063,2026-03-17,227.0,37.5,100,1,M,86,Islamabad,Clear,1
8064,2026-03-31,227.8,34.5,41,0,L,114,Lahore,Humid,0
8065,2026-03-23,229.0,33.3,26,2,H,180,Islamabad,Rain,0
8066,2026-04-12,234.8,68.4,14,0,L,180,Islamabad,Hot,1
8067,2026-03-15,234.8,69.6,16,0,L,62,Karachi,Clear,1
8068,2026-04-01,229.2,52.0,18,2,H,180,Karachi,Clear,1
8069,2026-03-23,232.0,58.1,59,2,H,35,Karachi,Rain,0
8070,2026-04-04,231.0,41.2,10,1,M,180,Karachi,Hot,1
8071,2026-04-03,232.2,56.9,14,0,L,104,Karachi,Hot,0
8072,2026-04-08,226.2,36.9,46,1,M,155,Karachi,Hot,0
8073,2026-03-23,227.5,38.7,22,1,M,119,Lahore,Rain,1
8074,2026-03-16,224.2,26.0,45,0,L,60,Islamabad,Clear,0
8075,2026-04-02,228.2,38.1,62,2,H,180,Islamabad,Clear,0
8076,2026-04-11,225.8,38.7,22,1,M,180,Islamabad,Hot,1
8077,2026-03-30,230.2,51.4,13,2,H,159,Lahore,Rain,1
8078,2026-03-17,231.8,63.5,25,1,M,180,Islamabad,Rain,0
8079,2026-03-30,229.2,52.0,18,2,H,180,Lahore,Rain,1
8080,2026-04-04,228.8,47.2,23,2,H,111,Lahore,Hot,0
8081,2026-03-27,230.2,51.4,13,2,H,159,Lahore,Rain,1
8082,2026-03-17,229.2,47.2,28,0,L,51,Islamabad,Hot,0
8083,2026-03-24,224.0,35.1,13,0,L,180,Lahore,Hot,1
8084,2026-04-05,226.2,36.9,22,1,M,19,Islamabad,Hot,1
8085,2026-04-01,230.5,51.4,20,2,H,180,Islamabad,Humid,1
8086,2026-03-20,229.8,40.5,46,2,H,136,Karachi,Hot,0
8087,2026-03-20,231.0,61.1,18,1,M,166,Karachi,Rain,1
8088,2026-04-01,235.2,62.3,16,1,M,119,Lahore,Humid,1
8089,2026-03-20,239.5,73.8,43,2,H,91,Lahore,Clear,0
8090,2026-03-20,230.0,40.5,50,2,H,74,Islamabad,Clear,0
8091,2026-04-05,228.5,41.8,100,0,L,143,Lahore,Rain,1
8092,2026-04-11,234.5,64.1,43,2,H,180,Lahore,Rain,1
8093,2026-03-27,232.5,61.1,10,2,H,101,Islamabad,Rain,1
8094,2026-03-28,227.2,33.3,16,2,H,138,Lahore,Rain,0
8095,2026-04-04,229.0,32.7,17,2,H,76,Lahore,Humid,0
8096,2026-03-21,235.0,52.6,90,1,M,180,Islamabad,Rain,1
8097,2026-03-27,236.2,70.2,17,2,H,112,Islamabad,Hot,1
8098,2026-03-29,230.5,50.8,100,2,H,81,Karachi,Clear,1
8099,2026-03-26,225.2,29.7,35,2,H,180,Islamabad,Rain,1
8100,2026-04-04,236.2,70.2,17,2,H,112,Karachi,Hot,1
8101,2026-04-10,231.2,42.4,44,2,H,68,Lahore,Rain,0
8102,2026-03-15,228.5,44.8,24,1,M,134,Islamabad,Hot,0
8103,2026-04-11,227.0,43.6,18,0,L,180,Islamabad,Humid,1
8104,2026-04-08,233.0,62.3,17,2,H,130,Islamabad,Clear,1
8105,2026-03-17,230.2,51.4,13,2,H,159,Lahore,Clear,1
8106,2026-04-01,231.8,57.5,100,1,M,21,Karachi,Humid,1
8107,2026-04-09,239.5,73.2,27,1,M,85,Lahore,Hot,0
8108,2026-04-05,233.2,64.1,10,0,L,114,Lahore,Rain,1
8109,2026-03-22,233.5,54.5,10,0,L,177,Islamabad,Hot,1
8110,2026-03-16,230.2,41.8,10,0,L,180,Karachi,Clear,1
8111,2026-03-18,232.5,55.1,100,1,M,100,Lahore,Humid,1
8112,2026-04-01,225.0,35.7,32,0,L,67,Islamabad,Humid,0
8113,2026-04-11,235.8,69.6,17,0,L,30,Lahore,Hot,1
8114,2026-04-11,234.5,68.4,19,1,M,48,Lahore,Hot,0
8115,2026-04-08,232.5,57.5,40,0,L,150,Islamabad,Humid,0
8116,2026-04-09,234.8,50.8,52,2,H,180,Islamabad,Clear,0
8117,2026-03-27,230.5,41.2,24,2,H,40,Karachi,Rain,1
8118,2026-03-29,238.8,72.6,10,2,H,161,Lahore,Rain,1
8119,2026-03-16,230.2,50.8,35,0,L,150,Islamabad,Hot,0
8120,2026-03-24,226.8,35.7,44,2,H,180,Islamabad,Humid,0
8121,2026-03-16,233.0,59.9,22,1,M,20,Karachi,Humid,1
8122,2026-04-13,229.8,47.2,23,1,M,82,Karachi,Humid,0
8123,2026-04-12,230.5,50.8,100,2,H,81,Islamabad,Clear,1
8124,2026-04-04,224.8,37.5,26,2,H,180,Karachi,Hot,0
8125,2026-03-26,235.0,61.7,13,0,L,154,Islamabad,Hot,0
8126,2026-03-19,233.2,50.2,41,0,L,142,Lahore,Hot,0
8127,2026-03-26,233.2,59.9,44,0,L,126,Karachi,Clear,0
8128,2026-04-06,225.8,32.7,16,1,M,63,Lahore,Hot,0
8129,2026-03-15,232.8,44.8,38,2,H,149,Lahore,Rain,0
8130,2026-04-11,230.2,51.4,13,2,H,159,Lahore,Hot,1
8131,2026-03-16,228.2,41.8,21,0,L,180,Islamabad,Hot,1
8132,2026-04-10,235.5,70.8,13,2,H,66,Lahore,Hot,1
8133,2026-03-30,221.2,22.4,100,0,L,149,Lahore,Clear,1
8134,2026-04-10,229.2,52.0,18,2,H,180,Lahore,Rain,1
8135,2026-04-05,234.8,69.0,23,1,M,180,Islamabad,Rain,0
8136,2026-03-16,233.5,64.7,10,1,M,125,Lahore,Humid,1
8137,2026-03-30,233.8,66.5,17,0,L,65,Lahore,Humid,1
8138,2026-04-03,225.0,27.9,19,2,H,100,Karachi,Rain,1
8139,2026-04-09,229.8,47.8,21,2,H,98,Islamabad,Hot,0
8140,2026-03-30,233.2,64.1,13,1,M,111,Lahore,Hot,1
8141,2026-03-20,221.2,22.4,26,2,H,151,Karachi,Hot,0
8142,2026-03-27,232.2,65.3,20,0,L,180,Islamabad,Clear,0
8143,2026-03-26,233.8,66.5,16,0,L,106,Islamabad,Hot,1
8144,2026-04-06,227.5,37.5,23,0,L,45,Islamabad,Clear,0
8145,2026-03-24,230.2,51.4,13,2,H,159,Islamabad,Rain,1
8146,2026-03-19,235.5,70.8,13,2,H,66,Islamabad,Hot,1
8147,2026-03-22,232.5,61.1,16,1,M,180,Islamabad,Hot,1
8148,2026-03-20,234.0,53.8,40,1,M,180,Lahore,Humid,0
8149,2026-03-19,227.5,32.1,23,2,H,153,Lahore,Rain,0
8150,2026-04-03,232.2,61.1,22,1,M,95,Lahore,Hot,0
8151,2026-04-05,226.5,36.3,16,0,L,180,Lahore,Clear,1
8152,2026-03-20,226.5,36.3,16,0,L,180,Karachi,Rain,1
8153,2026-04-05,226.2,29.1,44,0,L,180,Lahore,Humid,0
8154,2026-03-31,231.2,62.9,23,2,H,127,Islamabad,Rain,0
8155,2026-03-20,232.8,56.9,10,0,L,180,Lahore,Clear,1
8156,2026-03-31,226.0,30.3,16,0,L,180,Lahore,Humid,1
8157,2026-03-19,228.8,46.6,42,0,L,168,Islamabad,Clear,0
8158,2026-04-06,231.0,61.1,18,1,M,166,Lahore,Rain,1
8159,2026-03-31,231.0,56.3,32,1,M,180,Lahore,Humid,0
8160,2026-04-12,227.8,43.0,13,0,L,180,Lahore,Clear,1
8161,2026-03-31,225.5,30.9,46,1,M,180,Karachi,Rain,0
8162,2026-04-12,224.5,36.3,48,2,H,26,Lahore,Clear,0
8163,2026-03-27,234.8,64.1,10,1,M,180,Islamabad,Hot,1
8164,2026-04-05,230.0,49.0,15,1,M,48,Islamabad,Rain,0
8165,2026-03-21,229.8,47.8,26,2,H,119,Lahore,Humid,0
8166,2026-04-05,232.8,65.3,32,0,L,23,Lahore,Humid,0
8167,2026-04-04,236.2,64.1,49,0,L,32,Lahore,Hot,0
8168,2026-03-20,226.8,34.5,10,2,H,91,Islamabad,Clear,0
8169,2026-04-12,229.2,52.0,18,2,H,180,Islamabad,Clear,1
8170,2026-03-28,230.5,55.7,44,0,L,171,Karachi,Humid,0
8171,2026-03-30,227.5,36.3,28,1,M,176,Karachi,Clear,1
8172,2026-03-17,236.8,65.3,21,2,H,180,Karachi,Rain,1
8173,2026-03-23,235.5,70.8,13,2,H,66,Islamabad,Rain,1
8174,2026-03-29,225.0,27.9,19,2,H,100,Karachi,Humid,1
8175,2026-04-04,235.0,62.3,24,1,M,127,Lahore,Rain,0
8176,2026-04-01,232.2,56.3,33,2,H,114,Lahore,Humid,0
8177,2026-04-13,227.5,41.8,30,2,H,180,Islamabad,Clear,0
8178,2026-04-13,230.8,41.8,12,1,M,106,Karachi,Clear,0
8179,2026-04-11,234.5,49.6,25,2,H,88,Lahore,Clear,0
8180,2026-03-24,226.2,43.0,15,0,L,110,Islamabad,Hot,0
8181,2026-03-24,227.0,36.9,19,2,H,111,Karachi,Humid,0
8182,2026-04-06,233.0,62.3,17,2,H,130,Lahore,Rain,1
8183,2026-03-17,234.2,53.2,12,0,L,18,Karachi,Clear,1
8184,2026-03-15,238.8,71.4,18,2,H,140,Islamabad,Hot,0
8185,2026-03-17,234.5,64.1,43,2,H,180,Karachi,Rain,1
8186,2026-04-08,238.8,72.6,10,2,H,161,Islamabad,Rain,1
8187,2026-03-19,231.0,59.3,100,1,M,180,Karachi,Rain,1
8188,2026-03-21,236.2,70.2,17,2,H,112,Lahore,Clear,1
8189,2026-03-17,236.0,70.8,16,0,L,90,Islamabad,Rain,1
8190,2026-03-18,235.5,69.0,18,0,L,34,Islamabad,Humid,1
8191,2026-03-31,232.0,64.7,10,0,L,180,Islamabad,Hot,1
8192,2026-03-17,236.0,65.3,32,0,L,48,Karachi,Rain,0
8193,2026-04-06,234.0,63.5,19,2,H,130,Karachi,Rain,0
8194,2026-03-18,228.2,35.1,20,0,L,0,Lahore,Humid,1
8195,2026-03-16,234.2,67.7,10,0,L,180,Islamabad,Rain,1
8196,2026-03-28,229.2,52.0,18,2,H,180,Islamabad,Clear,1
8197,2026-03-19,233.0,62.3,17,2,H,130,Karachi,Clear,1
8198,2026-04-04,230.2,51.4,13,2,H,159,Karachi,Clear,1
8199,2026-03-16,227.8,37.5,41,1,M,39,Lahore,Rain,0
8200,2026-03-29,232.2,56.9,26,1,M,27,Lahore,Hot,0
8201,2026-03-25,231.2,47.8,10,0,L,62,Karachi,Hot,1
8202,2026-04-05,231.2,41.8,57,2,H,180,Islamabad,Rain,0
8203,2026-03-24,230.5,50.8,100,2,H,81,Lahore,Hot,1
8204,2026-04-03,228.5,43.6,21,2,H,9,Karachi,Hot,0
8205,2026-04-13,230.5,50.2,19,2,H,180,Karachi,Rain,1
8206,2026-03-15,232.5,61.1,10,2,H,101,Islamabad,Clear,1
8207,2026-04-02,232.5,61.1,11,0,L,8,Karachi,Rain,1
8208,2026-03-28,235.0,52.0,30,2,H,17,Karachi,Clear,0
8209,2026-04-08,229.0,39.3,41,1,M,23,Lahore,Clear,0
8210,2026-04-09,231.2,47.2,37,2,H,168,Karachi,Hot,0
8211,2026-04-06,221.0,21.8,17,0,L,180,Karachi,Hot,1
8212,2026-04-12,225.0,27.9,19,2,H,100,Lahore,Clear,1
8213,2026-04-05,237.5,69.0,20,1,M,34,Islamabad,Clear,0
8214,2026-03-28,225.2,29.7,35,2,H,180,Islamabad,Hot,1
8215,2026-03-15,229.0,38.1,14,0,L,180,Lahore,Humid,1
8216,2026-04-08,220.8,21.8,75,0,L,5,Lahore,Clear,0
8217,2026-04-12,229.2,52.0,18,2,H,180,Islamabad,Clear,1
8218,2026-03-23,235.2,70.2,22,1,M,101,Islamabad,Clear,1
8219,2026-03-31,233.5,51.4,10,1,M,180,Islamabad,Hot,1
8220,2026-03-28,233.0,58.1,33,0,L,15,Islamabad,Rain,0
8221,2026-03-27,232.2,58.1,35,2,H,139,Islamabad,Clear,0
8222,2026-03-27,231.0,62.9,16,1,M,61,Lahore,Clear,1
8223,2026-03-20,233.8,61.7,49,2,H,122,Karachi,Clear,0
8224,2026-03-21,232.5,53.2,16,0,L,180,Islamabad,Rain,0
8225,2026-03-16,228.0,41.2,65,0,L,57,Islamabad,Rain,0
8226,2026-04-09,236.5,65.3,28,2,H,180,Karachi,Clear,0
8227,2026-03-22,234.2,68.4,30,0,L,180,Karachi,Clear,1
8228,2026-04-07,234.2,48.4,49,1,M,180,Karachi,Humid,1
8229,2026-03-20,234.2,50.8,23,2,H,122,Karachi,Rain,0
8230,2026-04-08,234.2,62.3,71,1,M,25,Karachi,Humid,0
8231,2026-03-17,225.5,29.1,25,0,L,31,Karachi,Clear,0
8232,2026-04-01,233.0,62.3,17,2,H,130,Lahore,Clear,1
8233,2026-04-01,235.5,70.8,13,2,H,66,Karachi,Clear,1
8234,2026-04-05,225.0,27.9,19,2,H,100,Karachi,Clear,1
8235,2026-04-06,231.5,62.9,17,1,M,161,Lahore,Hot,1
8236,2026-03-20,226.0,37.5,26,0,L,27,Karachi,Hot,0
8237,2026-03-25,225.5,35.1,40,2,H,13,Islamabad,Hot,0
8238,2026-03-17,231.5,46.6,26,2,H,19,Islamabad,Humid,0
8239,2026-03-30,231.5,57.5,22,0,L,28,Karachi,Rain,0
8240,2026-03-19,228.0,44.2,10,0,L,119,Lahore,Clear,1
8241,2026-04-07,226.8,39.9,20,0,L,36,Islamabad,Rain,0
8242,2026-04-05,231.5,58.7,20,0,L,57,Lahore,Hot,0
8243,2026-03-16,233.0,52.6,16,0,L,66,Islamabad,Clear,1
8244,2026-03-29,228.0,38.7,20,0,L,180,Karachi,Clear,0
8245,2026-03-30,231.5,63.5,13,0,L,55,Lahore,Humid,1
8246,2026-03-21,234.8,64.1,10,1,M,180,Lahore,Rain,1
8247,2026-03-30,230.5,50.8,100,2,H,81,Lahore,Humid,1
8248,2026-04-07,227.0,31.5,46,2,H,180,Islamabad,Hot,0
8249,2026-03-18,233.0,62.3,18,0,L,34,Islamabad,Rain,1
8250,2026-04-11,229.0,33.3,26,2,H,180,Islamabad,Hot,0
8251,2026-03-30,232.8,58.1,10,1,M,63,Karachi,Humid,0
8252,2026-03-31,230.5,50.2,48,2,H,130,Islamabad,Humid,0
8253,2026-03-16,239.5,73.8,43,2,H,91,Karachi,Clear,0
8254,2026-03-30,238.8,72.6,10,2,H,161,Lahore,Rain,1
8255,2026-03-18,232.5,52.6,11,0,L,180,Lahore,Rain,0
8256,2026-03-21,227.0,36.3,23,0,L,180,Karachi,Clear,1
8257,2026-04-01,224.8,29.1,14,0,L,128,Islamabad,Rain,0
8258,2026-03-20,229.2,46.0,10,1,M,83,Karachi,Hot,0
8259,2026-04-01,231.8,64.7,11,2,H,20,Lahore,Hot,1
8260,2026-04-11,232.5,55.1,100,1,M,100,Lahore,Humid,1
8261,2026-03-21,235.5,70.8,13,2,H,66,Karachi,Hot,1
8262,2026-03-16,227.2,43.0,100,1,M,95,Islamabad,Rain,0
8263,2026-04-02,234.2,67.7,13,0,L,180,Islamabad,Clear,1
8264,2026-03-23,235.5,50.8,24,2,H,41,Karachi,Humid,0
8265,2026-04-12,235.0,50.2,20,0,L,14,Karachi,Clear,0
8266,2026-03-18,225.5,37.5,29,2,H,180,Islamabad,Humid,0
8267,2026-03-28,228.8,46.0,67,1,M,180,Lahore,Humid,1
8268,2026-03-19,233.0,62.3,16,1,M,67,Karachi,Clear,1
8269,2026-04-08,237.2,69.0,100,1,M,65,Islamabad,Hot,1
8270,2026-03-21,234.2,67.7,15,0,L,9,Islamabad,Hot,1
8271,2026-03-22,226.8,44.2,34,1,M,180,Lahore,Hot,1
8272,2026-03-29,230.8,43.0,23,2,H,180,Lahore,Hot,0
8273,2026-04-10,235.2,70.2,22,1,M,101,Lahore,Clear,1
8274,2026-04-02,236.5,65.3,10,1,M,180,Lahore,Rain,1
8275,2026-04-10,229.5,39.9,38,2,H,27,Lahore,Humid,0
8276,2026-03-25,236.8,64.7,28,0,L,180,Karachi,Clear,1
8277,2026-04-03,233.0,63.5,16,2,H,101,Islamabad,Hot,1
8278,2026-04-06,224.2,27.9,34,1,M,170,Karachi,Hot,0
8279,2026-03-18,230.0,41.8,20,2,H,161,Karachi,Clear,0
8280,2026-04-01,234.8,52.0,25,0,L,180,Karachi,Humid,0
8281,2026-03-28,229.2,52.0,18,2,H,180,Karachi,Clear,1
8282,2026-04-09,229.8,50.2,20,1,M,82,Karachi,Clear,0
8283,2026-03-20,232.0,60.5,10,0,L,90,Lahore,Rain,1
8284,2026-04-08,231.8,44.2,35,2,H,25,Lahore,Clear,0
8285,2026-03-30,229.2,52.0,18,2,H,180,Islamabad,Rain,1
8286,2026-04-01,229.2,52.0,18,2,H,180,Karachi,Humid,1
8287,2026-03-15,230.5,50.8,100,2,H,81,Islamabad,Clear,1
8288,2026-03-22,228.5,49.0,36,2,H,14,Lahore,Clear,0
8289,2026-03-15,229.2,52.0,18,2,H,180,Lahore,Hot,1
8290,2026-03-15,229.2,49.0,36,2,H,28,Lahore,Clear,0
8291,2026-04-02,231.2,62.9,100,0,L,154,Karachi,Hot,0
8292,2026-04-04,225.8,38.7,22,1,M,180,Karachi,Hot,1
8293,2026-04-12,230.8,47.8,28,1,M,180,Lahore,Hot,0
8294,2026-04-11,229.5,52.0,67,0,L,180,Islamabad,Humid,0
8295,2026-04-08,230.2,51.4,13,2,H,159,Islamabad,Rain,1
8296,2026-04-10,227.2,41.2,32,2,H,170,Lahore,Hot,0
8297,2026-03-24,232.2,61.7,16,1,M,126,Islamabad,Clear,1
8298,2026-04-01,226.0,33.3,13,1,M,151,Lahore,Clear,1
8299,2026-03-26,232.8,58.7,32,1,M,48,Islamabad,Hot,0
8300,2026-04-11,226.2,39.3,46,0,L,13,Lahore,Hot,0
8301,2026-03-31,232.0,60.5,64,2,H,119,Islamabad,Clear,0
8302,2026-03-15,230.5,50.2,19,2,H,180,Karachi,Hot,1
8303,2026-03-22,224.2,35.7,40,2,H,180,Lahore,Rain,1
8304,2026-03-24,225.8,38.1,35,2,H,52,Lahore,Rain,0
8305,2026-04-09,232.0,47.2,17,1,M,110,Islamabad,Humid,0
8306,2026-03-24,230.2,58.7,10,1,M,111,Lahore,Hot,1
8307,2026-04-01,232.8,53.2,37,0,L,31,Lahore,Humid,0
8308,2026-04-12,230.2,40.5,33,1,M,180,Lahore,Humid,0
8309,2026-03-23,228.8,44.8,37,0,L,26,Karachi,Humid,0
8310,2026-04-08,231.0,62.3,16,0,L,36,Karachi,Hot,1
8311,2026-03-16,231.2,64.1,100,1,M,84,Islamabad,Humid,1
8312,2026-03-17,234.8,64.1,10,1,M,180,Karachi,Rain,1
8313,2026-03-16,229.8,33.9,30,0,L,180,Islamabad,Humid,1
8314,2026-03-20,230.2,39.9,10,2,H,152,Karachi,Rain,0
8315,2026-04-06,231.0,56.3,25,2,H,180,Islamabad,Rain,0
8316,2026-03-26,232.5,61.1,10,2,H,101,Karachi,Hot,1
8317,2026-04-05,234.0,53.2,30,0,L,73,Karachi,Humid,0
8318,2026-04-02,231.8,64.7,11,2,H,20,Islamabad,Hot,1
8319,2026-04-11,233.2,64.1,17,0,L,93,Lahore,Rain,1
8320,2026-03-29,236.2,70.2,17,2,H,112,Lahore,Clear,1
8321,2026-04-02,238.8,72.6,10,2,H,161,Karachi,Humid,1
8322,2026-03-26,231.2,52.6,28,2,H,9,Islamabad,Hot,0
8323,2026-04-01,229.5,52.0,29,1,M,144,Lahore,Clear,0
8324,2026-03-30,227.2,43.6,10,0,L,76,Islamabad,Humid,1
8325,2026-03-16,228.0,34.5,52,0,L,180,Lahore,Humid,0
8326,2026-03-25,231.0,50.8,28,2,H,180,Islamabad,Hot,0
8327,2026-03-26,225.0,36.3,24,0,L,148,Karachi,Clear,0
8328,2026-03-19,230.5,41.8,25,1,M,112,Islamabad,Hot,0
8329,2026-04-10,236.8,65.3,21,2,H,180,Lahore,Humid,1
8330,2026-04-10,228.8,36.3,33,0,L,85,Karachi,Humid,0
8331,2026-04-07,229.2,33.3,60,0,L,98,Islamabad,Rain,0
8332,2026-03-20,235.5,62.9,17,2,H,162,Lahore,Humid,0
8333,2026-04-08,230.2,40.5,33,1,M,180,Karachi,Humid,0
8334,2026-03-25,229.8,49.0,42,1,M,43,Islamabad,Clear,0
8335,2026-04-04,231.5,59.3,14,0,L,64,Lahore,Clear,1
8337,2026-03-24,236.8,65.3,21,2,H,180,Islamabad,Rain,1
8338,2026-03-18,230.0,52.0,42,0,L,180,Karachi,Rain,0
8339,2026-03-23,227.2,36.9,16,0,L,180,Karachi,Hot,1
8340,2026-03-26,236.2,53.2,46,1,M,150,Lahore,Hot,0
8341,2026-03-24,232.8,64.7,10,2,H,25,Karachi,Rain,1
8342,2026-04-10,226.0,33.3,13,1,M,151,Lahore,Hot,1
8343,2026-03-28,231.0,56.3,27,2,H,179,Islamabad,Humid,0
8344,2026-03-19,236.5,64.1,25,1,M,180,Islamabad,Rain,1
8345,2026-03-15,230.5,50.8,100,2,H,81,Lahore,Rain,1
8346,2026-03-19,227.0,31.5,32,2,H,180,Islamabad,Hot,0
8347,2026-03-30,228.2,37.5,58,0,L,91,Karachi,Clear,0
8348,2026-03-19,233.8,50.2,18,1,M,136,Islamabad,Rain,1
8349,2026-03-19,231.2,52.6,16,2,H,180,Karachi,Hot,1
8350,2026-04-12,231.8,64.1,16,0,L,67,Lahore,Hot,1
8351,2026-04-01,231.8,64.1,21,2,H,52,Lahore,Clear,0
8352,2026-04-12,230.5,50.8,100,2,H,81,Islamabad,Rain,1
8353,2026-03-20,238.8,72.6,10,2,H,161,Islamabad,Clear,1
8354,2026-04-04,232.2,56.9,26,1,M,87,Karachi,Humid,0
8355,2026-04-01,228.0,32.7,12,1,M,163,Karachi,Clear,0
8356,2026-04-11,231.0,46.0,86,0,L,60,Islamabad,Clear,0
8357,2026-03-24,230.5,50.2,19,2,H,180,Islamabad,Hot,1
8358,2026-03-29,232.8,64.7,10,2,H,25,Lahore,Clear,1
8359,2026-04-13,233.2,65.9,27,2,H,130,Lahore,Humid,0
8360,2026-04-07,237.8,70.2,100,1,M,26,Lahore,Hot,1
8361,2026-04-05,229.8,52.6,80,1,M,180,Islamabad,Humid,1
8362,2026-03-25,230.0,60.5,19,1,M,142,Islamabad,Clear,1
8363,2026-04-09,231.5,46.6,29,0,L,101,Islamabad,Humid,0
8364,2026-04-11,233.0,62.3,17,2,H,130,Lahore,Humid,1
8365,2026-04-10,230.2,41.2,23,2,H,164,Islamabad,Clear,0
8366,2026-04-02,228.8,46.6,49,2,H,180,Karachi,Clear,0
8367,2026-04-08,225.5,38.1,22,2,H,176,Islamabad,Hot,0
8368,2026-03-27,233.5,61.7,23,2,H,101,Islamabad,Hot,0
8369,2026-04-10,233.2,59.3,64,1,M,30,Islamabad,Rain,0
8370,2026-04-10,225.0,35.1,31,0,L,25,Islamabad,Hot,0
8371,2026-04-13,228.0,41.2,25,0,L,180,Islamabad,Clear,1
8372,2026-04-03,230.5,59.3,13,1,M,180,Karachi,Humid,1
8373,2026-03-17,233.5,64.7,10,1,M,125,Karachi,Humid,1
8374,2026-03-30,225.8,38.7,22,1,M,180,Islamabad,Hot,1
8375,2026-03-21,235.5,69.0,34,2,H,180,Lahore,Hot,0
8376,2026-03-26,233.2,66.5,16,0,L,115,Islamabad,Clear,1
8377,2026-04-12,231.0,59.3,100,1,M,180,Islamabad,Humid,1
8378,2026-03-29,233.5,64.7,10,1,M,125,Islamabad,Rain,1
8379,2026-04-13,233.5,62.3,25,2,H,145,Lahore,Rain,0
8380,2026-03-22,229.2,52.0,18,2,H,180,Lahore,Hot,1
8381,2026-04-06,234.5,62.3,32,2,H,47,Lahore,Rain,0
8382,2026-03-31,238.8,72.6,10,2,H,161,Karachi,Clear,1
8383,2026-03-15,233.0,62.3,17,2,H,130,Lahore,Rain,1
8384,2026-04-12,233.0,52.6,32,0,L,61,Karachi,Hot,0
8385,2026-04-04,225.2,30.3,11,0,L,180,Karachi,Clear,1
8386,2026-04-13,234.0,49.0,100,0,L,64,Lahore,Humid,1
8387,2026-03-22,233.2,62.3,35,1,M,70,Lahore,Clear,0
8388,2026-03-28,233.8,61.1,25,0,L,11,Lahore,Hot,0
8389,2026-03-24,226.2,34.5,32,2,H,165,Karachi,Hot,0
8390,2026-04-10,227.5,38.7,22,1,M,119,Islamabad,Rain,1
8391,2026-04-02,228.0,46.0,49,1,M,161,Lahore,Rain,0
8392,2026-03-22,232.0,57.5,23,0,L,135,Lahore,Humid,0
8393,2026-04-02,235.8,70.8,100,1,M,71,Lahore,Humid,1
8394,2026-03-18,228.2,43.6,21,0,L,0,Karachi,Hot,0
8395,2026-03-24,235.5,69.6,29,0,L,14,Karachi,Hot,0
8396,2026-04-06,233.8,50.2,58,1,M,139,Islamabad,Hot,0
8397,2026-03-17,233.0,65.3,11,0,L,40,Lahore,Humid,1
8398,2026-03-18,224.2,35.7,40,2,H,180,Karachi,Hot,1
8399,2026-03-30,231.2,52.6,44,0,L,48,Islamabad,Humid,0
8400,2026-04-07,232.0,59.9,69,0,L,177,Lahore,Hot,0
8401,2026-03-18,230.2,60.5,10,2,H,147,Karachi,Clear,1
8402,2026-04-08,224.8,37.5,31,0,L,180,Lahore,Clear,1
8403,2026-04-03,228.2,44.8,31,0,L,180,Lahore,Hot,0
8404,2026-04-12,233.0,59.9,37,0,L,180,Karachi,Clear,1
8405,2026-04-13,233.2,56.9,23,1,M,13,Karachi,Humid,0
8406,2026-04-03,236.2,66.5,10,1,M,122,Karachi,Rain,1
8407,2026-03-27,225.2,29.7,35,2,H,180,Lahore,Clear,1
8408,2026-04-04,231.0,62.9,18,1,M,107,Lahore,Rain,1
8409,2026-03-31,233.8,66.5,16,0,L,106,Islamabad,Clear,1
8410,2026-04-06,231.2,41.8,100,0,L,142,Lahore,Humid,1
8411,2026-04-08,236.5,64.1,25,1,M,180,Karachi,Clear,1
8412,2026-03-30,228.0,38.7,38,2,H,0,Lahore,Clear,0
8413,2026-04-11,233.5,50.8,20,0,L,180,Islamabad,Hot,0
8414,2026-04-08,235.0,50.2,17,1,M,180,Islamabad,Rain,1
8415,2026-03-31,233.8,68.4,41,2,H,34,Karachi,Rain,0
8416,2026-03-20,224.2,35.7,40,2,H,180,Karachi,Humid,1
8417,2026-03-17,226.5,32.1,26,1,M,180,Islamabad,Humid,1
8418,2026-04-03,236.2,70.2,17,2,H,112,Islamabad,Rain,1
8419,2026-04-07,238.8,72.0,22,1,M,180,Islamabad,Hot,1
8420,2026-03-18,235.2,50.8,35,1,M,180,Karachi,Hot,1
8421,2026-03-22,235.5,62.9,34,0,L,180,Islamabad,Rain,0
8422,2026-04-03,227.2,44.2,28,0,L,132,Islamabad,Clear,0
8423,2026-03-23,233.5,54.5,10,0,L,177,Karachi,Rain,1
8424,2026-04-05,229.5,49.6,23,1,M,180,Lahore,Clear,0
8425,2026-03-15,232.5,55.1,100,1,M,100,Lahore,Rain,1
8426,2026-03-27,235.5,70.8,13,2,H,66,Islamabad,Clear,1
8427,2026-04-09,223.2,25.4,34,2,H,28,Lahore,Hot,0
8428,2026-03-16,234.5,64.1,43,2,H,180,Lahore,Rain,1
8429,2026-04-06,229.2,53.2,14,1,M,113,Lahore,Humid,1
8430,2026-03-24,232.2,58.7,18,1,M,70,Lahore,Clear,0
8431,2026-04-06,230.5,59.9,17,0,L,180,Islamabad,Hot,1
8432,2026-04-02,233.5,64.7,22,2,H,130,Lahore,Humid,0
8433,2026-03-31,231.2,42.4,18,0,L,92,Lahore,Hot,1
8434,2026-04-07,233.0,54.5,35,1,M,59,Karachi,Clear,0
8435,2026-03-27,232.0,52.6,37,2,H,129,Islamabad,Rain,0
8436,2026-04-12,230.5,41.2,24,2,H,40,Karachi,Hot,1
8437,2026-04-09,235.5,52.6,20,0,L,180,Karachi,Rain,1
8438,2026-03-28,232.5,53.2,19,1,M,170,Islamabad,Rain,0
8439,2026-04-10,238.8,73.2,62,0,L,180,Lahore,Hot,0
8440,2026-03-25,238.8,72.6,10,2,H,161,Karachi,Hot,1
8441,2026-03-24,233.8,66.5,40,0,L,69,Islamabad,Hot,0
8442,2026-03-21,230.2,41.8,10,0,L,180,Lahore,Rain,1
8443,2026-03-24,227.8,37.5,41,1,M,39,Islamabad,Humid,0
8444,2026-04-07,232.2,52.6,29,0,L,180,Karachi,Clear,0
8445,2026-03-15,230.5,50.2,19,2,H,180,Lahore,Humid,1
8446,2026-03-28,233.0,62.3,51,1,M,180,Lahore,Rain,1
8447,2026-03-17,232.5,59.3,48,0,L,76,Islamabad,Hot,0
8448,2026-03-27,231.8,57.5,38,2,H,161,Lahore,Hot,0
8449,2026-03-16,235.0,50.2,44,1,M,180,Karachi,Clear,0
8450,2026-03-31,224.0,34.5,10,2,H,47,Karachi,Clear,0
8451,2026-04-04,234.2,67.7,15,0,L,8,Karachi,Humid,1
8452,2026-03-17,230.5,39.9,39,0,L,47,Islamabad,Humid,0
8453,2026-04-09,227.2,41.2,51,1,M,103,Lahore,Clear,0
8454,2026-03-29,227.5,42.4,30,1,M,30,Lahore,Rain,0
8455,2026-03-22,231.2,49.6,40,0,L,23,Lahore,Humid,0
8456,2026-03-20,232.5,61.1,17,1,M,180,Karachi,Hot,1
8457,2026-04-09,226.2,36.9,22,1,M,19,Lahore,Hot,1
8458,2026-04-13,232.2,50.8,34,1,M,16,Karachi,Rain,0
8459,2026-03-23,232.2,53.2,38,0,L,180,Lahore,Clear,1
8460,2026-04-08,234.5,64.1,43,2,H,180,Karachi,Humid,1
8461,2026-03-25,227.2,36.9,33,0,L,16,Lahore,Hot,0
8462,2026-04-05,225.0,29.7,46,2,H,180,Islamabad,Clear,0
8463,2026-03-16,231.0,46.0,44,1,M,73,Islamabad,Humid,0
8464,2026-03-23,237.5,70.8,16,0,L,180,Karachi,Rain,1
8465,2026-04-01,230.5,41.2,24,2,H,40,Karachi,Hot,1
8466,2026-04-02,232.2,57.5,20,0,L,83,Lahore,Rain,0
8467,2026-04-05,237.2,71.4,61,2,H,180,Lahore,Rain,0
8468,2026-04-01,234.5,62.9,59,0,L,45,Islamabad,Rain,0
8469,2026-03-19,229.0,46.6,20,1,M,180,Lahore,Humid,1
8470,2026-04-01,236.5,65.3,10,1,M,180,Karachi,Rain,1
8471,2026-03-26,226.8,32.7,17,0,L,180,Karachi,Humid,1
8472,2026-03-18,232.2,52.6,58,1,M,180,Karachi,Humid,0
8473,2026-03-29,231.2,42.4,28,0,L,60,Karachi,Rain,0
8474,2026-03-25,227.5,44.2,21,2,H,82,Karachi,Rain,0
8475,2026-04-10,233.2,64.1,39,1,M,122,Islamabad,Clear,0
8476,2026-04-02,231.8,64.1,21,2,H,52,Islamabad,Hot,0
8477,2026-03-19,232.0,43.6,19,0,L,93,Karachi,Clear,0
8478,2026-03-20,227.0,32.7,30,1,M,56,Lahore,Hot,0
8479,2026-03-27,236.8,64.7,28,0,L,180,Karachi,Hot,1
8480,2026-04-06,233.5,52.6,100,0,L,170,Islamabad,Clear,1
8481,2026-03-24,233.0,63.5,16,2,H,101,Karachi,Clear,1
8482,2026-04-07,226.2,36.3,26,1,M,2,Islamabad,Hot,0
8483,2026-04-08,232.5,62.9,32,1,M,152,Islamabad,Hot,0
8484,2026-03-28,226.5,32.1,10,0,L,119,Karachi,Hot,0
8485,2026-03-18,236.5,70.8,19,0,L,121,Karachi,Humid,0
8486,2026-04-03,226.8,33.9,50,2,H,180,Lahore,Hot,0
8487,2026-04-06,225.5,36.9,25,1,M,121,Islamabad,Rain,0
8488,2026-03-26,233.5,62.9,38,2,H,180,Lahore,Rain,0
8489,2026-03-29,239.5,73.8,54,1,M,80,Karachi,Rain,0
8490,2026-04-09,229.5,36.9,33,2,H,65,Islamabad,Clear,0
8491,2026-03-24,227.2,33.9,32,0,L,106,Lahore,Clear,0
8492,2026-03-25,234.0,56.9,47,0,L,46,Lahore,Clear,0
8493,2026-03-23,227.2,31.5,36,0,L,84,Lahore,Hot,0
8494,2026-03-25,235.0,53.2,28,0,L,18,Karachi,Rain,0
8495,2026-03-16,226.8,39.9,36,0,L,180,Karachi,Hot,0
8496,2026-03-27,224.0,26.0,37,0,L,175,Karachi,Humid,0
8497,2026-04-10,234.2,53.2,12,0,L,18,Islamabad,Humid,1
8498,2026-04-05,230.2,60.5,10,2,H,147,Karachi,Clear,1
8499,2026-04-09,237.0,70.2,41,1,M,14,Islamabad,Humid,0
8500,2026-04-09,235.0,62.3,24,1,M,127,Lahore,Rain,0
8501,2026-03-22,233.0,62.3,16,1,M,67,Lahore,Humid,1
8502,2026-04-12,230.0,49.0,44,0,L,41,Karachi,Clear,0
8503,2026-04-04,231.8,55.1,11,0,L,49,Lahore,Hot,1
8504,2026-04-04,231.8,52.0,31,2,H,124,Karachi,Humid,0
8505,2026-03-22,235.5,69.6,14,0,L,93,Islamabad,Rain,1
8506,2026-03-15,233.2,58.7,24,0,L,180,Lahore,Rain,1
8507,2026-03-20,228.5,47.2,41,0,L,180,Karachi,Rain,0
8508,2026-04-09,236.5,65.3,10,1,M,180,Lahore,Hot,1
8509,2026-03-27,238.8,72.6,10,2,H,161,Lahore,Rain,1
8510,2026-03-23,230.5,50.2,19,2,H,180,Karachi,Clear,1
8511,2026-04-11,230.2,41.2,29,0,L,124,Lahore,Clear,0
8512,2026-03-20,236.8,69.6,10,0,L,94,Lahore,Rain,1
8513,2026-03-29,230.2,35.7,14,0,L,31,Lahore,Humid,1
8514,2026-04-06,230.5,40.5,45,0,L,42,Lahore,Rain,0
8515,2026-03-30,229.2,39.3,37,2,H,97,Islamabad,Clear,0
8516,2026-03-18,228.0,35.1,67,0,L,180,Lahore,Clear,1
8517,2026-04-11,229.0,45.4,77,0,L,177,Lahore,Clear,0
8518,2026-04-09,230.0,39.9,47,2,H,54,Karachi,Humid,0
8519,2026-03-31,232.8,55.1,59,2,H,121,Islamabad,Humid,0
8520,2026-03-23,235.5,52.6,13,0,L,180,Karachi,Humid,1
8521,2026-03-26,230.8,61.1,16,1,M,6,Karachi,Clear,1
8522,2026-04-05,228.5,38.7,22,0,L,135,Karachi,Hot,0
8523,2026-04-02,227.8,36.3,21,2,H,73,Islamabad,Rain,0
8524,2026-04-03,227.5,38.7,22,1,M,119,Karachi,Rain,1
8525,2026-04-09,226.2,39.9,16,0,L,172,Karachi,Clear,1
8526,2026-03-26,232.5,61.1,10,2,H,101,Karachi,Humid,1
8527,2026-04-05,230.5,58.7,11,0,L,180,Lahore,Hot,1
8528,2026-03-20,236.8,65.3,21,2,H,180,Karachi,Hot,1
8529,2026-03-26,227.0,33.9,65,1,M,37,Islamabad,Humid,0
8530,2026-03-23,232.5,44.8,35,0,L,3,Islamabad,Rain,0
8531,2026-04-03,231.2,40.5,16,0,L,28,Lahore,Rain,0
8532,2026-03-19,233.8,61.1,41,1,M,57,Islamabad,Hot,0
8533,2026-04-04,231.8,64.7,11,2,H,20,Islamabad,Hot,1
8534,2026-03-17,235.2,51.4,32,0,L,180,Lahore,Humid,1
8535,2026-03-16,228.8,46.0,67,1,M,180,Karachi,Rain,1
8536,2026-03-22,226.8,44.2,34,1,M,180,Lahore,Hot,1
8537,2026-03-24,232.5,61.1,10,2,H,101,Karachi,Rain,1
8538,2026-03-29,236.8,65.3,21,2,H,180,Karachi,Hot,1
8539,2026-03-23,229.2,52.0,18,2,H,180,Islamabad,Humid,1
8540,2026-03-24,229.2,45.4,19,1,M,32,Lahore,Rain,0
8541,2026-03-25,226.5,39.3,18,1,M,22,Islamabad,Hot,0
8542,2026-04-12,226.0,36.3,58,0,L,180,Islamabad,Hot,0
8543,2026-03-23,238.8,72.6,10,2,H,161,Karachi,Hot,1
8544,2026-03-28,230.2,60.5,10,2,H,147,Islamabad,Hot,1
8545,2026-03-19,233.2,64.1,31,0,L,95,Lahore,Humid,0
8546,2026-04-10,235.2,50.8,35,1,M,180,Islamabad,Rain,1
8547,2026-03-23,225.0,27.9,19,2,H,100,Islamabad,Rain,1
8548,2026-03-18,225.2,29.7,35,2,H,180,Karachi,Clear,1
8549,2026-03-16,230.2,51.4,13,2,H,159,Lahore,Rain,1
8550,2026-04-02,231.0,43.0,23,0,L,180,Islamabad,Clear,1
8551,2026-03-15,231.2,58.7,13,0,L,47,Karachi,Hot,1
8552,2026-04-04,233.0,58.7,20,0,L,180,Islamabad,Humid,1
8553,2026-03-15,236.2,70.8,42,0,L,92,Lahore,Humid,0
8554,2026-03-26,228.0,44.2,23,2,H,96,Islamabad,Hot,0
8555,2026-03-25,234.0,66.5,17,0,L,146,Islamabad,Clear,1
8556,2026-03-15,231.2,43.0,26,1,M,101,Karachi,Hot,0
8557,2026-03-28,223.8,26.0,12,1,M,24,Islamabad,Humid,1
8558,2026-04-10,234.5,68.4,17,1,M,60,Karachi,Humid,1
8559,2026-03-25,224.5,27.9,36,0,L,60,Lahore,Rain,0
8560,2026-04-12,223.8,26.0,12,1,M,24,Islamabad,Clear,1
8561,2026-03-21,229.8,52.6,34,1,M,19,Lahore,Rain,0
8562,2026-03-16,233.5,62.9,32,0,L,143,Lahore,Humid,0
8563,2026-03-29,229.0,44.8,49,1,M,180,Islamabad,Humid,0
8564,2026-03-22,228.2,33.9,23,1,M,179,Karachi,Rain,0
8565,2026-04-05,232.2,64.7,15,1,M,6,Lahore,Rain,1
8566,2026-04-03,232.5,61.1,10,2,H,101,Lahore,Humid,1
8567,2026-04-08,233.0,59.9,22,1,M,20,Islamabad,Rain,1
8568,2026-03-29,226.2,36.9,22,1,M,19,Islamabad,Rain,1
8569,2026-04-09,228.5,41.8,17,0,L,180,Islamabad,Clear,0
8570,2026-03-22,229.0,46.0,19,1,M,25,Islamabad,Humid,0
8571,2026-04-12,230.5,41.2,24,2,H,40,Islamabad,Hot,1
8572,2026-03-24,226.0,33.3,13,1,M,151,Islamabad,Clear,1
8573,2026-04-02,236.8,65.3,21,2,H,180,Karachi,Hot,1
8574,2026-03-17,235.0,62.3,22,0,L,11,Lahore,Rain,0
8575,2026-04-03,232.0,60.5,10,0,L,90,Karachi,Rain,1
8576,2026-03-28,229.0,47.2,10,0,L,180,Karachi,Hot,1
8577,2026-03-23,237.2,53.2,39,1,M,114,Islamabad,Rain,0
8578,2026-03-23,227.5,41.2,43,0,L,47,Lahore,Rain,0
8579,2026-04-04,226.2,32.1,46,2,H,9,Karachi,Clear,0
8580,2026-04-11,231.0,59.3,100,1,M,180,Islamabad,Hot,1
8581,2026-04-08,232.0,64.7,10,0,L,180,Islamabad,Clear,1
8582,2026-03-20,232.8,53.8,40,1,M,7,Lahore,Hot,0
8583,2026-03-22,231.0,61.7,17,1,M,12,Karachi,Clear,1
8584,2026-03-25,228.8,39.3,52,1,M,170,Karachi,Humid,0
8585,2026-03-22,231.0,55.1,29,0,L,42,Karachi,Humid,0
8586,2026-03-26,226.2,38.7,10,0,L,180,Islamabad,Hot,1
8587,2026-03-24,225.2,36.9,31,1,M,78,Lahore,Humid,0
8588,2026-04-06,233.2,61.1,15,1,M,180,Lahore,Clear,1
8589,2026-03-18,226.5,33.3,100,0,L,127,Karachi,Hot,1
8590,2026-03-30,232.2,53.2,38,0,L,180,Islamabad,Humid,1
8591,2026-04-03,228.0,35.1,67,0,L,180,Karachi,Humid,1
8592,2026-03-20,232.5,61.1,10,2,H,101,Lahore,Hot,1
8593,2026-04-13,232.8,56.9,34,0,L,97,Islamabad,Humid,0
8594,2026-03-23,231.5,63.5,13,0,L,55,Karachi,Humid,1
8595,2026-04-06,239.2,73.8,52,1,M,50,Karachi,Hot,0
8596,2026-03-19,235.8,50.8,43,0,L,115,Islamabad,Humid,0
8597,2026-04-04,230.8,61.1,16,1,M,6,Lahore,Humid,1
8598,2026-04-07,231.2,52.6,16,2,H,180,Islamabad,Humid,1
8599,2026-03-20,228.2,41.8,61,1,M,174,Karachi,Humid,0
8600,2026-03-31,233.8,61.1,40,2,H,148,Karachi,Rain,0
8601,2026-03-31,224.8,34.5,34,2,H,63,Karachi,Hot,0
8602,2026-04-08,233.0,63.5,16,2,H,101,Karachi,Rain,1
8603,2026-04-07,230.5,53.2,11,0,L,180,Lahore,Rain,1
8604,2026-04-05,221.5,23.0,10,1,M,89,Lahore,Clear,1
8605,2026-03-27,228.8,46.6,49,1,M,179,Karachi,Rain,1
8606,2026-03-31,232.5,52.0,50,1,M,180,Lahore,Rain,0
8607,2026-03-28,231.8,64.7,11,2,H,20,Lahore,Clear,1
8608,2026-03-16,231.0,52.6,34,0,L,180,Lahore,Humid,0
8609,2026-04-09,227.5,42.4,42,1,M,180,Karachi,Humid,0
8610,2026-04-02,230.0,49.6,28,2,H,108,Islamabad,Rain,0
8611,2026-04-09,232.2,59.9,13,0,L,85,Islamabad,Clear,1
8612,2026-04-11,232.5,61.1,17,1,M,180,Islamabad,Humid,1
8613,2026-03-17,227.0,38.7,44,1,M,107,Karachi,Clear,0
8614,2026-03-16,235.8,51.4,17,2,H,108,Lahore,Hot,0
8615,2026-04-11,232.5,61.1,11,0,L,8,Lahore,Hot,1
8616,2026-03-16,232.0,59.9,27,2,H,180,Karachi,Hot,0
8617,2026-04-05,234.2,61.1,32,0,L,102,Karachi,Hot,0
8618,2026-03-21,229.0,44.8,54,2,H,0,Islamabad,Rain,0
8619,2026-03-18,234.5,48.4,40,0,L,35,Islamabad,Hot,0
8620,2026-03-31,231.2,52.6,16,2,H,180,Karachi,Hot,1
8621,2026-03-20,221.2,21.8,43,2,H,76,Islamabad,Clear,0
8622,2026-03-21,234.2,47.8,40,0,L,160,Lahore,Humid,0
8623,2026-04-03,231.0,62.9,16,1,M,61,Karachi,Clear,1
8624,2026-03-20,226.0,32.1,41,0,L,180,Karachi,Rain,1
8625,2026-03-23,225.5,29.7,16,0,L,110,Lahore,Hot,0
8626,2026-04-03,233.2,57.5,29,0,L,99,Lahore,Humid,0
8627,2026-04-11,234.2,69.0,11,1,M,44,Lahore,Humid,1
8628,2026-04-13,232.5,56.9,17,1,M,92,Islamabad,Hot,1
8629,2026-04-09,237.8,71.4,23,0,L,152,Karachi,Hot,0
8630,2026-03-18,230.5,49.6,37,1,M,176,Islamabad,Rain,0
8631,2026-04-09,238.8,72.6,10,2,H,161,Lahore,Rain,1
8632,2026-04-11,233.0,55.1,10,0,L,10,Islamabad,Hot,1
8633,2026-03-19,230.0,47.2,23,0,L,127,Lahore,Hot,0
8634,2026-04-02,236.2,66.5,10,1,M,122,Islamabad,Hot,1
8635,2026-03-24,238.5,72.6,37,0,L,119,Islamabad,Hot,0
8636,2026-04-01,226.5,36.3,20,0,L,180,Lahore,Humid,1
8637,2026-03-29,231.0,57.5,27,1,M,32,Islamabad,Rain,0
8638,2026-04-08,234.0,60.5,53,1,M,23,Karachi,Hot,0
8639,2026-04-12,225.2,29.7,35,2,H,180,Islamabad,Hot,1
8640,2026-03-15,233.0,65.3,11,0,L,40,Islamabad,Humid,1
8641,2026-03-19,230.2,60.5,10,2,H,147,Karachi,Clear,1
8642,2026-03-19,231.5,62.9,18,1,M,165,Lahore,Hot,1
8643,2026-03-22,228.0,41.2,25,0,L,180,Karachi,Humid,1
8644,2026-04-05,229.5,52.0,23,0,L,55,Islamabad,Humid,0
8645,2026-04-05,235.5,70.8,13,2,H,66,Lahore,Clear,1
8646,2026-04-05,225.2,38.1,19,1,M,101,Islamabad,Rain,0
8647,2026-04-03,226.0,32.1,41,0,L,180,Islamabad,Rain,1
8648,2026-03-29,232.8,52.6,31,1,M,97,Karachi,Rain,0
8649,2026-03-31,231.8,61.7,26,1,M,167,Karachi,Hot,0
8650,2026-04-02,229.5,38.7,95,0,L,98,Lahore,Rain,1
8651,2026-04-12,226.2,34.5,25,0,L,172,Lahore,Hot,0
8652,2026-03-27,226.8,33.3,29,2,H,34,Lahore,Hot,0
8653,2026-04-09,233.0,60.5,18,0,L,180,Islamabad,Humid,1
8654,2026-04-11,235.2,51.4,32,0,L,180,Karachi,Rain,1
8655,2026-04-10,232.2,53.2,38,0,L,180,Karachi,Rain,1
8656,2026-04-05,230.5,59.9,17,0,L,180,Karachi,Rain,1
8657,2026-04-04,234.8,61.1,50,2,H,46,Lahore,Hot,0
8658,2026-03-24,228.5,40.5,22,1,M,180,Karachi,Hot,0
8659,2026-03-31,231.8,62.9,47,0,L,125,Karachi,Rain,0
8660,2026-03-19,233.8,50.8,17,1,M,177,Karachi,Hot,0
8661,2026-04-01,230.0,60.5,19,1,M,142,Lahore,Hot,1
8662,2026-03-31,233.8,48.4,15,0,L,180,Karachi,Clear,0
8663,2026-03-18,233.0,63.5,16,2,H,101,Lahore,Clear,1
8664,2026-04-05,232.8,58.1,16,0,L,180,Karachi,Rain,1
8665,2026-03-21,231.0,53.2,20,0,L,180,Karachi,Rain,1
8666,2026-04-08,224.5,36.9,19,0,L,161,Karachi,Clear,0
8667,2026-03-19,227.5,38.7,22,1,M,119,Lahore,Hot,1
8668,2026-03-22,230.5,59.3,13,1,M,180,Lahore,Hot,1
8669,2026-03-22,227.0,41.8,34,1,M,121,Karachi,Humid,0
8670,2026-03-25,235.2,68.4,11,0,L,42,Islamabad,Rain,1
8671,2026-03-23,227.8,36.3,21,2,H,73,Lahore,Rain,0
8672,2026-04-02,231.0,59.3,100,1,M,180,Lahore,Rain,1
8673,2026-04-02,232.2,41.8,48,1,M,14,Karachi,Humid,0
8674,2026-03-23,223.8,26.0,12,1,M,24,Islamabad,Humid,1
8675,2026-04-06,234.8,50.2,10,1,M,118,Karachi,Hot,0
8676,2026-04-03,228.5,47.2,41,0,L,180,Lahore,Clear,0
8677,2026-03-31,228.8,47.2,23,2,H,111,Lahore,Clear,0
8678,2026-03-30,228.5,36.3,62,0,L,120,Karachi,Clear,0
8679,2026-03-21,231.8,64.7,11,2,H,20,Karachi,Hot,1
8680,2026-04-09,235.2,62.3,16,1,M,119,Islamabad,Clear,1
8681,2026-04-05,230.2,51.4,13,2,H,159,Islamabad,Humid,1
8682,2026-03-17,226.5,43.0,32,2,H,40,Lahore,Humid,0
8683,2026-04-13,230.8,55.1,31,0,L,17,Islamabad,Rain,0
8684,2026-04-04,230.8,41.8,25,0,L,180,Islamabad,Clear,0
8685,2026-04-02,229.5,50.8,51,0,L,180,Lahore,Humid,0
8686,2026-03-22,232.2,61.7,14,0,L,109,Lahore,Rain,1
8687,2026-03-19,231.0,49.6,35,1,M,45,Lahore,Clear,0
8688,2026-04-09,237.0,70.8,43,0,L,180,Lahore,Clear,0
8689,2026-04-09,233.8,65.9,90,2,H,91,Karachi,Humid,0
8690,2026-03-20,233.5,55.1,89,1,M,162,Lahore,Rain,0
8691,2026-03-16,232.8,53.2,26,2,H,180,Lahore,Rain,0
8692,2026-04-07,229.2,48.4,30,2,H,37,Lahore,Humid,0
8693,2026-04-08,230.5,51.4,20,2,H,180,Islamabad,Humid,1
8694,2026-04-02,232.0,60.5,10,0,L,90,Lahore,Humid,1
8695,2026-03-27,227.0,31.5,28,2,H,180,Karachi,Clear,0
8696,2026-03-20,230.2,51.4,46,0,L,145,Karachi,Humid,1
8697,2026-03-20,233.2,58.7,24,0,L,180,Lahore,Humid,1
8698,2026-03-16,233.0,58.7,50,0,L,146,Karachi,Hot,0
8699,2026-04-09,232.0,48.4,36,2,H,137,Islamabad,Humid,0
8700,2026-04-07,229.2,34.5,41,2,H,135,Lahore,Humid,0
8701,2026-03-19,234.8,68.4,14,0,L,180,Karachi,Clear,1
8702,2026-03-25,224.0,25.4,25,1,M,11,Karachi,Rain,0
8703,2026-03-25,226.2,36.9,22,1,M,19,Lahore,Clear,1
8704,2026-04-07,229.0,50.8,22,0,L,101,Karachi,Hot,0
8705,2026-03-28,233.8,67.7,16,0,L,29,Lahore,Humid,1
8706,2026-03-27,234.8,49.6,47,0,L,149,Karachi,Humid,0
8707,2026-04-13,229.5,40.5,25,2,H,108,Islamabad,Humid,0
8708,2026-03-22,227.2,41.8,57,0,L,180,Karachi,Humid,0
8709,2026-03-29,227.0,31.5,16,1,M,180,Karachi,Humid,0
8710,2026-03-26,221.5,23.0,10,1,M,89,Lahore,Humid,1
8711,2026-03-17,232.2,56.9,47,2,H,49,Karachi,Hot,0
8712,2026-04-04,233.2,61.1,15,1,M,180,Lahore,Humid,1
8713,2026-04-06,236.2,52.6,13,2,H,62,Islamabad,Humid,0
8714,2026-03-19,233.0,58.7,20,0,L,180,Lahore,Humid,1
8715,2026-03-20,231.0,41.2,18,2,H,56,Lahore,Hot,0
8716,2026-03-16,230.8,38.1,22,2,H,105,Karachi,Humid,0
8717,2026-03-22,233.5,49.0,42,0,L,180,Islamabad,Hot,0
8718,2026-03-19,232.0,63.5,72,1,M,131,Lahore,Clear,0
8719,2026-04-05,234.5,64.1,43,2,H,180,Karachi,Humid,1
8720,2026-03-31,232.5,56.9,13,2,H,160,Karachi,Rain,0
8721,2026-04-09,231.2,52.6,28,2,H,9,Lahore,Hot,0
8722,2026-03-16,235.2,50.2,39,1,M,11,Karachi,Clear,0
8723,2026-03-25,236.8,53.2,26,0,L,91,Lahore,Hot,1
8724,2026-03-18,233.0,62.3,17,2,H,130,Lahore,Hot,1
8725,2026-03-25,225.2,29.7,35,2,H,180,Lahore,Clear,1
8726,2026-03-23,234.5,52.0,10,2,H,24,Islamabad,Humid,0
8727,2026-03-20,232.2,57.5,25,1,M,140,Lahore,Humid,0
8728,2026-04-07,229.5,52.6,65,0,L,19,Karachi,Hot,0
8729,2026-03-16,232.0,62.9,17,1,M,144,Islamabad,Clear,1
8730,2026-04-09,230.2,41.8,10,0,L,180,Karachi,Humid,1
8731,2026-03-29,232.5,61.1,10,2,H,101,Islamabad,Hot,1
8732,2026-03-19,229.2,49.0,25,0,L,28,Islamabad,Rain,0
8733,2026-04-11,238.0,72.6,16,0,L,180,Islamabad,Clear,1
8734,2026-03-26,233.5,56.3,48,1,M,34,Islamabad,Rain,0
8735,2026-03-27,235.0,50.8,63,1,M,179,Karachi,Rain,0
8736,2026-03-31,234.8,64.1,84,1,M,174,Lahore,Hot,0
8737,2026-03-18,227.0,33.3,36,2,H,47,Karachi,Clear,0
8738,2026-03-24,230.5,51.4,20,2,H,180,Lahore,Humid,1
8739,2026-03-15,232.2,47.2,22,2,H,116,Karachi,Humid,0
8740,2026-03-25,228.0,32.7,15,1,M,180,Islamabad,Hot,0
8741,2026-03-30,231.5,52.0,45,0,L,180,Islamabad,Humid,1
8742,2026-03-25,232.8,57.5,25,1,M,157,Lahore,Humid,0
8743,2026-03-23,235.0,64.1,10,0,L,19,Lahore,Rain,0
8744,2026-03-16,230.2,60.5,10,2,H,147,Karachi,Rain,1
8745,2026-03-21,231.2,58.7,13,0,L,47,Lahore,Clear,1
8746,2026-04-02,232.5,61.1,10,2,H,101,Karachi,Rain,1
8747,2026-04-13,233.2,65.9,20,1,M,52,Lahore,Humid,0
8748,2026-04-01,231.0,42.4,50,1,M,84,Lahore,Clear,0
8749,2026-04-12,225.2,30.3,41,0,L,180,Lahore,Clear,0
8750,2026-04-03,228.2,35.1,20,0,L,0,Islamabad,Hot,1
8751,2026-03-21,238.8,72.6,10,2,H,161,Islamabad,Rain,1
8752,2026-04-06,230.5,50.8,100,2,H,81,Karachi,Clear,1
8753,2026-03-23,235.0,61.7,22,2,H,147,Lahore,Humid,0
8754,2026-03-26,230.8,60.5,63,0,L,178,Karachi,Clear,0
8755,2026-04-12,233.0,63.5,16,2,H,101,Lahore,Clear,1
8756,2026-03-17,231.0,61.7,17,1,M,12,Islamabad,Hot,1
8757,2026-04-06,226.8,30.9,16,2,H,176,Islamabad,Humid,0
8758,2026-04-05,230.5,60.5,53,2,H,180,Lahore,Humid,0
8759,2026-04-09,224.5,35.1,43,2,H,124,Lahore,Rain,0
8760,2026-03-30,234.2,62.3,71,1,M,25,Islamabad,Humid,0
8761,2026-03-21,234.0,61.7,33,0,L,180,Islamabad,Clear,1
8762,2026-04-06,234.2,47.8,43,0,L,118,Karachi,Humid,0
8763,2026-04-09,225.5,38.7,75,2,H,136,Islamabad,Humid,0
8764,2026-03-19,230.2,43.0,20,0,L,180,Lahore,Clear,1
8765,2026-04-08,238.2,73.8,24,2,H,23,Karachi,Hot,0
8766,2026-04-06,229.8,38.7,51,0,L,163,Lahore,Rain,1
8767,2026-03-21,227.5,33.3,22,2,H,74,Karachi,Rain,0
8768,2026-04-11,227.0,37.5,100,1,M,86,Lahore,Hot,1
8769,2026-04-13,234.5,69.0,22,0,L,71,Islamabad,Clear,0
8770,2026-04-02,230.5,41.2,24,2,H,40,Lahore,Rain,1
8771,2026-03-31,226.0,31.5,46,0,L,0,Karachi,Hot,0
8772,2026-03-30,231.5,49.0,15,1,M,50,Lahore,Hot,0
8773,2026-04-13,226.8,37.5,11,0,L,180,Karachi,Hot,1
8774,2026-04-13,231.2,62.9,15,0,L,168,Lahore,Rain,1
8775,2026-04-04,232.2,61.7,16,1,M,126,Islamabad,Rain,1
8776,2026-04-07,233.8,67.7,16,0,L,29,Islamabad,Rain,1
8777,2026-04-04,232.2,56.9,47,2,H,49,Lahore,Rain,0
8778,2026-04-09,234.8,51.4,32,0,L,180,Lahore,Humid,0
8779,2026-04-02,226.0,35.7,38,0,L,180,Lahore,Hot,0
8780,2026-04-08,232.8,64.7,10,2,H,25,Karachi,Humid,1
8781,2026-04-01,235.0,62.3,24,1,M,127,Lahore,Hot,0
8782,2026-04-02,234.5,49.0,22,2,H,134,Lahore,Rain,0
8783,2026-04-11,228.8,39.3,52,1,M,170,Karachi,Rain,0
8784,2026-03-18,232.0,60.5,78,0,L,106,Islamabad,Humid,0
8785,2026-04-09,230.5,41.2,24,2,H,40,Lahore,Clear,1
8786,2026-03-15,226.8,39.9,20,2,H,164,Lahore,Rain,0
8787,2026-04-10,228.8,46.6,49,1,M,179,Islamabad,Clear,1
8788,2026-03-18,236.8,65.3,21,2,H,180,Islamabad,Hot,1
8789,2026-03-18,234.2,61.7,34,1,M,24,Karachi,Humid,0
8790,2026-03-23,231.8,64.7,11,2,H,20,Lahore,Clear,1
8791,2026-03-22,234.0,52.6,17,2,H,66,Lahore,Clear,0
8792,2026-03-16,229.2,53.2,28,2,H,104,Karachi,Rain,0
8793,2026-04-12,233.0,62.3,17,2,H,130,Islamabad,Clear,1
8794,2026-04-06,232.5,53.8,29,1,M,180,Karachi,Clear,0
8795,2026-03-20,231.2,52.6,16,2,H,180,Islamabad,Hot,1
8796,2026-04-06,227.5,38.7,22,1,M,119,Karachi,Humid,1
8797,2026-03-25,233.2,64.1,13,1,M,111,Islamabad,Rain,1
8798,2026-03-18,238.8,72.6,41,2,H,180,Karachi,Rain,0
8799,2026-04-13,231.0,43.0,23,0,L,180,Islamabad,Clear,1
8800,2026-03-28,233.8,50.2,18,1,M,136,Islamabad,Hot,1
8801,2026-04-04,234.2,67.7,13,0,L,180,Islamabad,Clear,1
8802,2026-04-05,230.5,41.2,24,2,H,40,Islamabad,Clear,1
8803,2026-03-23,233.0,62.3,17,2,H,130,Islamabad,Rain,1
8804,2026-03-16,226.0,38.1,13,0,L,90,Lahore,Clear,0
8805,2026-04-10,236.2,70.2,17,2,H,112,Islamabad,Clear,1
8806,2026-04-08,234.2,49.0,37,0,L,180,Lahore,Hot,0
8807,2026-04-09,232.8,64.7,10,2,H,25,Islamabad,Rain,1
8808,2026-03-15,235.0,50.2,46,2,H,180,Lahore,Humid,0
8809,2026-03-18,228.5,46.6,15,1,M,102,Lahore,Hot,0
8810,2026-03-26,230.2,40.5,19,0,L,11,Karachi,Hot,0
8811,2026-03-19,230.2,60.5,10,2,H,147,Islamabad,Hot,1
8812,2026-03-23,232.5,62.9,16,0,L,155,Karachi,Rain,1
8813,2026-04-05,232.0,53.8,31,2,H,49,Karachi,Clear,0
8814,2026-03-18,231.0,45.4,46,1,M,44,Islamabad,Humid,0
8815,2026-03-30,231.2,59.3,100,0,L,180,Karachi,Rain,1
8816,2026-03-16,231.0,62.3,49,2,H,115,Islamabad,Clear,0
8817,2026-03-30,234.8,61.1,50,2,H,46,Karachi,Hot,0
8818,2026-03-30,228.5,44.8,30,1,M,10,Islamabad,Rain,0
8819,2026-04-04,235.5,51.4,31,1,M,30,Islamabad,Clear,0
8820,2026-04-07,230.5,51.4,20,2,H,180,Islamabad,Humid,1
8821,2026-04-07,228.8,47.8,35,1,M,97,Lahore,Humid,0
8822,2026-04-05,230.5,51.4,20,2,H,180,Karachi,Clear,1
8823,2026-03-25,232.5,61.1,10,2,H,101,Lahore,Rain,1
8824,2026-03-15,232.5,55.1,100,1,M,100,Karachi,Hot,1
8825,2026-03-29,234.8,49.6,25,0,L,66,Karachi,Clear,0
8826,2026-04-07,230.5,39.9,39,0,L,47,Karachi,Hot,0
8827,2026-03-18,231.5,52.6,26,0,L,180,Lahore,Humid,0
8828,2026-04-13,232.0,62.9,17,1,M,144,Karachi,Clear,1
8829,2026-04-01,230.2,58.7,10,1,M,111,Lahore,Humid,1
8830,2026-03-31,235.5,69.0,10,0,L,59,Islamabad,Hot,1
8831,2026-03-21,226.0,31.5,23,0,L,180,Karachi,Hot,1
8832,2026-04-01,226.5,30.3,29,0,L,137,Karachi,Clear,0
8833,2026-03-27,234.8,61.7,16,2,H,142,Islamabad,Clear,0
8834,2026-04-03,230.2,39.9,50,0,L,64,Islamabad,Clear,0
8835,2026-04-03,229.8,50.2,40,0,L,73,Karachi,Humid,0
8836,2026-04-12,232.5,56.9,17,1,M,92,Islamabad,Hot,1
8837,2026-03-24,223.2,25.4,34,2,H,28,Lahore,Hot,0
8838,2026-03-15,233.2,59.9,23,2,H,174,Lahore,Humid,0
8839,2026-03-16,231.5,52.0,45,0,L,180,Karachi,Clear,1
8840,2026-03-31,227.2,44.8,34,2,H,166,Lahore,Rain,0
8841,2026-04-05,236.8,65.3,21,2,H,180,Lahore,Clear,1
8842,2026-04-12,234.2,51.4,48,2,H,59,Karachi,Rain,0
8843,2026-03-17,236.2,66.5,10,1,M,122,Islamabad,Rain,1
8844,2026-03-31,234.8,50.8,32,1,M,53,Karachi,Humid,0
8845,2026-03-26,231.2,58.7,13,0,L,47,Lahore,Hot,1
8846,2026-04-07,235.0,61.7,22,2,H,147,Karachi,Hot,0
8847,2026-04-13,227.0,38.7,38,1,M,55,Karachi,Hot,0
8848,2026-03-26,231.5,43.0,25,0,L,40,Lahore,Hot,0
8849,2026-04-13,230.5,51.4,20,2,H,180,Lahore,Humid,1
8850,2026-04-03,231.2,52.6,16,2,H,180,Karachi,Rain,1
8851,2026-03-24,229.2,52.0,18,2,H,180,Lahore,Hot,1
8852,2026-03-21,236.8,65.3,21,2,H,180,Lahore,Rain,1
8853,2026-03-24,229.5,47.2,25,1,M,153,Lahore,Humid,0
8854,2026-04-01,231.2,52.6,16,2,H,180,Lahore,Clear,1
8855,2026-04-05,234.0,52.6,36,1,M,58,Lahore,Humid,0
8856,2026-03-20,235.5,70.8,13,2,H,66,Lahore,Hot,1
8857,2026-03-21,229.8,38.1,33,1,M,81,Islamabad,Clear,0
8858,2026-04-11,231.2,63.5,11,0,L,86,Karachi,Humid,1
8859,2026-03-31,234.2,61.7,41,0,L,41,Lahore,Humid,0
8860,2026-04-13,234.2,69.0,11,1,M,44,Karachi,Rain,1
8861,2026-03-26,227.2,43.6,10,0,L,76,Islamabad,Humid,1
8862,2026-03-31,230.5,50.2,19,2,H,180,Lahore,Clear,1
8863,2026-04-01,236.0,63.5,25,1,M,37,Karachi,Humid,0
8864,2026-03-28,232.8,64.7,10,2,H,25,Lahore,Hot,1
8865,2026-03-25,238.8,72.6,10,2,H,161,Lahore,Rain,1
8866,2026-03-16,232.2,54.5,29,0,L,180,Lahore,Clear,1
8867,2026-04-04,231.8,59.9,17,0,L,126,Lahore,Clear,1
8868,2026-03-15,230.5,41.2,24,2,H,40,Lahore,Humid,1
8869,2026-03-25,233.5,66.5,17,1,M,117,Lahore,Hot,1
8870,2026-03-16,230.5,50.2,19,2,H,180,Lahore,Rain,1
8871,2026-03-30,230.0,52.0,73,1,M,15,Islamabad,Clear,0
8872,2026-04-05,229.5,39.3,17,0,L,113,Islamabad,Rain,0
8873,2026-03-17,233.0,62.3,17,2,H,130,Lahore,Humid,1
8874,2026-04-03,231.0,62.3,16,0,L,36,Lahore,Hot,1
8875,2026-03-15,224.2,35.1,16,0,L,60,Islamabad,Humid,0
8876,2026-04-04,229.0,39.3,22,2,H,124,Islamabad,Rain,0
8877,2026-04-03,226.2,34.5,25,0,L,172,Islamabad,Humid,0
8878,2026-03-22,230.8,51.4,29,2,H,180,Lahore,Rain,0
8879,2026-04-02,235.8,70.8,100,1,M,71,Karachi,Clear,1
8880,2026-04-09,226.8,31.5,98,2,H,119,Karachi,Clear,0
8881,2026-03-15,229.5,52.6,47,2,H,29,Karachi,Humid,0
8882,2026-04-13,234.0,66.5,13,1,M,164,Karachi,Clear,1
8883,2026-04-12,229.2,52.0,18,2,H,180,Lahore,Rain,1
8884,2026-04-09,231.0,40.5,44,0,L,49,Karachi,Clear,0
8885,2026-03-19,230.5,50.2,19,2,H,180,Islamabad,Hot,1
8886,2026-04-13,230.2,51.4,13,2,H,159,Islamabad,Hot,1
8887,2026-03-15,233.2,62.9,14,0,L,180,Karachi,Humid,1
8888,2026-03-25,228.0,41.2,25,0,L,180,Islamabad,Humid,1
8889,2026-04-04,235.5,69.6,37,0,L,12,Lahore,Humid,0
8890,2026-03-23,233.2,61.1,15,1,M,180,Karachi,Humid,1
8891,2026-03-19,228.2,42.4,23,2,H,20,Karachi,Rain,0
8892,2026-03-16,231.2,46.6,27,0,L,26,Lahore,Rain,0
8893,2026-03-27,225.2,29.7,35,2,H,180,Islamabad,Hot,1
8894,2026-04-01,234.5,64.1,43,2,H,180,Lahore,Rain,1
8895,2026-04-09,234.8,69.6,16,0,L,62,Lahore,Clear,1
8896,2026-04-08,235.0,69.0,10,0,L,51,Islamabad,Hot,1
8897,2026-03-26,235.2,51.4,17,0,L,180,Lahore,Humid,1
8898,2026-03-28,227.2,44.2,19,0,L,180,Islamabad,Humid,1
8899,2026-03-19,229.5,33.3,35,1,M,60,Islamabad,Rain,0
8900,2026-04-10,237.5,69.6,22,1,M,42,Lahore,Hot,0
8901,2026-04-07,225.0,27.9,19,2,H,100,Islamabad,Rain,1
8902,2026-03-24,229.2,39.3,16,0,L,180,Lahore,Rain,1
8903,2026-04-03,232.2,54.5,29,0,L,180,Islamabad,Rain,1
8904,2026-03-16,232.8,60.5,25,0,L,2,Karachi,Hot,0
8905,2026-03-18,230.5,50.2,19,2,H,180,Islamabad,Humid,1
8906,2026-03-26,231.8,64.7,11,2,H,20,Islamabad,Clear,1
8907,2026-03-25,228.2,39.3,33,2,H,180,Lahore,Humid,0
8908,2026-03-18,231.2,49.0,28,0,L,53,Islamabad,Hot,0
8909,2026-03-25,227.2,43.0,41,0,L,161,Karachi,Humid,0
8910,2026-03-23,231.5,63.5,38,0,L,158,Karachi,Humid,0
8911,2026-03-24,230.5,51.4,20,2,H,180,Islamabad,Clear,1
8912,2026-04-10,232.5,57.5,25,1,M,17,Islamabad,Humid,0
8913,2026-03-20,225.0,27.9,19,2,H,100,Karachi,Humid,1
8914,2026-03-29,234.8,50.8,16,1,M,160,Lahore,Humid,0
8915,2026-03-24,233.2,60.5,78,1,M,20,Karachi,Rain,0
8916,2026-04-05,235.2,70.2,22,1,M,101,Karachi,Hot,1
8917,2026-04-04,227.0,40.5,22,2,H,143,Islamabad,Hot,0
8918,2026-03-20,236.2,70.2,17,2,H,112,Islamabad,Clear,1
8919,2026-03-15,232.5,55.1,42,1,M,108,Karachi,Rain,0
8920,2026-04-12,235.5,62.9,38,0,L,44,Lahore,Rain,0
8921,2026-04-04,229.2,50.8,67,1,M,155,Karachi,Humid,0
8922,2026-04-11,228.8,45.4,29,1,M,17,Karachi,Hot,0
8923,2026-04-05,236.0,63.5,25,1,M,37,Lahore,Clear,0
8924,2026-04-07,232.0,51.4,100,0,L,17,Karachi,Rain,1
8925,2026-04-03,224.5,36.3,23,1,M,95,Karachi,Humid,0
8926,2026-04-13,227.0,37.5,100,1,M,86,Islamabad,Clear,1
8927,2026-04-04,226.5,38.1,40,0,L,69,Lahore,Rain,0
8928,2026-03-18,231.5,62.9,70,0,L,113,Islamabad,Clear,0
8929,2026-04-06,226.0,31.5,14,1,M,180,Islamabad,Rain,1
8930,2026-04-09,235.2,62.3,16,1,M,119,Lahore,Clear,1
8931,2026-04-05,238.8,72.6,10,2,H,161,Lahore,Rain,1
8932,2026-03-28,229.2,53.2,14,1,M,113,Karachi,Rain,1
8933,2026-04-03,237.8,71.4,22,1,M,180,Islamabad,Clear,0
8934,2026-04-05,232.0,64.7,10,0,L,180,Lahore,Rain,1
8935,2026-04-12,232.5,55.1,100,1,M,100,Islamabad,Rain,1
8936,2026-04-03,231.8,64.7,11,2,H,20,Islamabad,Rain,1
8937,2026-04-11,238.8,72.6,10,2,H,161,Lahore,Clear,1
8938,2026-03-22,226.8,37.5,11,0,L,180,Karachi,Clear,1
8939,2026-03-25,225.0,30.3,30,1,M,180,Islamabad,Rain,0
8940,2026-03-29,229.8,33.9,23,2,H,13,Lahore,Rain,0
8941,2026-04-02,228.2,33.9,68,2,H,24,Karachi,Clear,0
8942,2026-03-22,238.5,72.6,19,2,H,91,Islamabad,Humid,0
8943,2026-03-27,232.5,46.0,72,0,L,180,Lahore,Rain,1
8944,2026-04-01,235.8,70.2,11,0,L,86,Islamabad,Humid,1
8945,2026-04-05,232.5,56.9,13,2,H,160,Lahore,Clear,0
8946,2026-04-07,231.2,52.6,16,2,H,180,Lahore,Rain,1
8947,2026-03-31,233.5,64.7,10,1,M,125,Islamabad,Humid,1
8948,2026-03-20,226.2,37.5,28,0,L,166,Islamabad,Clear,0
8949,2026-04-08,232.5,59.3,22,1,M,88,Lahore,Humid,0
8950,2026-03-29,229.8,39.3,38,2,H,91,Karachi,Hot,0
8951,2026-03-27,237.5,70.8,19,0,L,123,Islamabad,Clear,0
8952,2026-04-09,232.5,53.2,17,1,M,180,Lahore,Hot,0
8953,2026-04-09,233.0,59.9,22,1,M,20,Lahore,Clear,1
8954,2026-04-01,224.8,35.7,10,0,L,132,Karachi,Clear,0
8955,2026-03-25,237.2,68.4,20,1,M,137,Karachi,Rain,0
8956,2026-03-27,229.8,38.1,35,2,H,177,Karachi,Hot,0
8957,2026-03-15,234.2,63.5,43,1,M,180,Islamabad,Hot,0
8958,2026-04-01,231.0,61.7,17,1,M,12,Lahore,Hot,1
8959,2026-03-19,225.5,29.1,22,1,M,127,Lahore,Clear,0
8960,2026-03-20,229.2,53.2,14,1,M,113,Lahore,Hot,1
8961,2026-03-15,231.8,64.7,11,2,H,20,Karachi,Hot,1
8962,2026-03-21,238.8,72.0,22,1,M,180,Lahore,Rain,1
8963,2026-04-10,232.2,61.7,14,1,M,134,Islamabad,Humid,1
8964,2026-03-18,237.8,70.2,100,1,M,26,Karachi,Humid,1
8965,2026-03-23,226.8,33.3,23,0,L,180,Karachi,Hot,0
8966,2026-03-29,235.5,52.6,20,0,L,180,Karachi,Hot,1
8967,2026-03-20,238.8,72.6,10,2,H,161,Karachi,Hot,1
8968,2026-04-08,235.5,69.0,20,2,H,54,Islamabad,Hot,0
8969,2026-03-31,230.5,50.2,19,2,H,180,Lahore,Humid,1
8970,2026-04-03,232.0,56.9,10,1,M,103,Islamabad,Rain,0
8971,2026-04-01,235.2,51.4,32,0,L,180,Lahore,Clear,1
8972,2026-04-05,231.8,42.4,17,0,L,180,Islamabad,Hot,1
8973,2026-03-18,235.5,70.8,13,2,H,66,Karachi,Hot,1
8974,2026-03-23,234.5,49.0,13,0,L,26,Karachi,Humid,0
8975,2026-03-28,232.5,56.9,34,2,H,96,Islamabad,Hot,0
8976,2026-03-17,232.2,61.7,13,0,L,159,Islamabad,Rain,1
8977,2026-03-15,227.5,44.8,25,0,L,134,Lahore,Rain,1
8978,2026-04-10,235.2,52.6,20,1,M,180,Islamabad,Hot,0
8979,2026-04-12,235.2,62.3,61,2,H,43,Islamabad,Humid,0
8980,2026-03-25,237.8,70.2,100,1,M,26,Lahore,Hot,1
8981,2026-03-15,236.2,70.2,17,2,H,112,Lahore,Hot,1
8982,2026-03-26,229.2,47.8,20,1,M,3,Lahore,Humid,0
8983,2026-04-08,226.2,36.9,53,1,M,27,Islamabad,Rain,0
8984,2026-03-23,230.2,49.6,45,0,L,13,Lahore,Clear,0
8985,2026-03-19,228.2,38.1,60,1,M,71,Karachi,Hot,0
8986,2026-03-29,231.5,52.6,46,1,M,6,Karachi,Rain,0
8987,2026-04-01,234.5,48.4,25,0,L,81,Karachi,Hot,0
8988,2026-03-23,230.5,41.2,24,2,H,40,Islamabad,Clear,1
8989,2026-03-27,234.5,64.1,24,0,L,169,Karachi,Humid,1
8990,2026-04-11,228.5,46.6,38,1,M,149,Islamabad,Rain,0
8991,2026-03-27,225.0,27.9,19,2,H,100,Islamabad,Clear,1
8992,2026-04-07,229.8,52.6,80,1,M,180,Karachi,Hot,1
8993,2026-03-27,232.2,61.7,16,1,M,126,Lahore,Clear,1
8994,2026-04-10,237.2,69.6,20,1,M,62,Islamabad,Rain,0
8995,2026-03-24,231.5,62.9,18,1,M,165,Karachi,Humid,1
8996,2026-03-24,228.2,35.1,20,0,L,0,Islamabad,Hot,1
8997,2026-04-05,228.5,48.4,43,0,L,110,Lahore,Humid,0
8998,2026-03-21,234.0,55.1,19,1,M,8,Lahore,Humid,0
8999,2026-04-11,231.0,56.3,25,2,H,180,Karachi,Clear,0
9000,2026-04-05,232.8,60.5,25,1,M,17,Islamabad,Clear,0
9001,2026-03-19,235.2,62.3,16,1,M,119,Islamabad,Rain,1
9002,2026-04-03,225.2,29.7,35,2,H,180,Islamabad,Rain,1
9003,2026-03-21,225.0,27.9,19,2,H,100,Islamabad,Humid,1
9004,2026-04-03,228.0,32.7,44,2,H,180,Karachi,Rain,0
9005,2026-03-24,230.5,51.4,20,2,H,180,Lahore,Humid,1
9006,2026-03-24,224.5,26.6,20,2,H,94,Karachi,Hot,0
9007,2026-04-09,233.5,55.1,60,0,L,180,Islamabad,Humid,0
9008,2026-04-08,235.8,62.3,20,0,L,171,Islamabad,Rain,0
9009,2026-04-04,236.8,65.3,21,2,H,180,Lahore,Rain,1
9010,2026-04-07,229.0,41.8,17,2,H,58,Islamabad,Humid,0
9011,2026-04-11,224.0,35.1,11,1,M,180,Karachi,Clear,0
9012,2026-03-27,231.0,62.9,16,1,M,61,Karachi,Humid,1
9013,2026-03-29,236.8,69.6,41,1,M,98,Lahore,Humid,0
9014,2026-04-11,232.5,61.1,10,2,H,101,Karachi,Clear,1
9015,2026-04-11,227.8,33.9,19,2,H,180,Karachi,Hot,0
9016,2026-03-20,235.0,69.0,10,0,L,51,Karachi,Clear,1
9017,2026-04-03,232.2,64.7,15,1,M,6,Karachi,Rain,1
9018,2026-03-26,226.5,32.1,26,1,M,180,Islamabad,Clear,1
9019,2026-04-02,227.2,41.8,27,1,M,93,Karachi,Rain,0
9020,2026-03-25,226.8,39.9,19,1,M,169,Lahore,Rain,0
9021,2026-03-20,230.2,39.9,100,0,L,180,Lahore,Humid,1
9022,2026-03-15,238.8,72.6,10,2,H,161,Karachi,Humid,1
9023,2026-03-16,234.2,62.3,13,0,L,180,Lahore,Hot,1
9024,2026-04-06,232.2,54.5,29,0,L,180,Karachi,Rain,1
9025,2026-03-29,236.2,68.4,26,0,L,48,Lahore,Humid,0
9026,2026-03-18,229.5,50.2,47,1,M,32,Lahore,Rain,0
9027,2026-03-19,233.0,59.3,10,1,M,48,Karachi,Hot,0
9028,2026-03-29,230.5,50.2,19,2,H,180,Karachi,Rain,1
9029,2026-03-25,233.2,66.5,16,0,L,115,Islamabad,Hot,1
9030,2026-03-24,233.8,61.7,46,1,M,115,Karachi,Hot,0
9031,2026-03-31,227.0,36.3,38,1,M,24,Karachi,Hot,0
9032,2026-03-16,228.2,47.2,26,2,H,180,Islamabad,Humid,0
9033,2026-04-03,236.8,65.3,21,2,H,180,Karachi,Clear,1
9034,2026-04-07,233.5,66.5,17,1,M,117,Karachi,Clear,1
9035,2026-03-24,235.0,69.0,16,1,M,180,Islamabad,Humid,1
9036,2026-04-03,224.2,35.7,40,2,H,180,Karachi,Rain,1
9037,2026-04-13,224.2,35.7,40,2,H,180,Karachi,Humid,1
9038,2026-03-17,225.5,37.5,65,0,L,69,Islamabad,Rain,0
9039,2026-04-02,235.8,70.8,100,1,M,71,Islamabad,Hot,1
9040,2026-04-11,230.8,44.8,31,1,M,47,Lahore,Humid,0
9041,2026-03-19,226.2,32.1,65,1,M,41,Karachi,Clear,0
9042,2026-03-17,226.8,41.8,43,2,H,17,Lahore,Rain,0
9043,2026-03-22,235.0,61.7,38,1,M,63,Lahore,Humid,0
9044,2026-03-19,231.5,56.3,43,0,L,180,Islamabad,Humid,0
9045,2026-04-11,234.8,55.1,22,2,H,0,Karachi,Rain,0
9046,2026-04-13,229.8,49.6,16,0,L,66,Karachi,Hot,0
9047,2026-03-26,233.8,47.8,29,2,H,175,Islamabad,Hot,0
9048,2026-03-28,226.5,36.3,20,0,L,180,Lahore,Hot,1
9049,2026-03-21,225.2,29.7,35,2,H,180,Islamabad,Hot,1
9050,2026-03-25,234.2,48.4,46,0,L,30,Karachi,Rain,0
9051,2026-03-22,230.5,40.5,26,0,L,74,Islamabad,Clear,0
9052,2026-03-19,227.8,32.7,13,1,M,180,Karachi,Humid,1
9053,2026-03-22,231.8,60.5,10,1,M,79,Lahore,Humid,1
9054,2026-03-26,231.5,62.9,17,0,L,163,Karachi,Hot,1
9055,2026-03-29,234.2,53.2,34,0,L,22,Lahore,Rain,0
9056,2026-04-02,235.2,68.4,45,2,H,49,Lahore,Clear,0
9057,2026-03-30,231.2,43.0,11,0,L,180,Karachi,Clear,1
9058,2026-03-28,227.0,32.7,26,0,L,68,Karachi,Humid,0
9059,2026-04-11,233.2,47.2,75,1,M,180,Lahore,Hot,0
9060,2026-03-21,230.2,40.5,14,1,M,134,Islamabad,Humid,0
9061,2026-03-22,226.5,38.7,23,0,L,20,Karachi,Humid,1
9062,2026-03-21,233.2,64.1,10,0,L,114,Lahore,Clear,1
9063,2026-04-13,230.2,60.5,10,2,H,147,Lahore,Rain,1
9064,2026-04-01,228.2,43.6,31,0,L,180,Islamabad,Clear,1
9065,2026-04-07,235.5,69.0,20,2,H,54,Karachi,Humid,0
9066,2026-03-20,229.2,52.0,17,1,M,45,Lahore,Hot,1
9067,2026-04-09,225.2,29.7,35,2,H,180,Islamabad,Hot,1
9068,2026-04-02,229.5,40.5,25,2,H,108,Lahore,Rain,0
9069,2026-03-18,235.0,69.0,16,1,M,180,Karachi,Rain,1
9070,2026-04-06,232.8,62.3,18,0,L,22,Islamabad,Rain,1
9071,2026-03-17,229.8,41.2,49,1,M,170,Lahore,Humid,0
9072,2026-03-31,231.5,52.0,45,0,L,180,Islamabad,Humid,1
9073,2026-04-05,231.2,62.9,14,0,L,106,Karachi,Rain,1
9074,2026-04-02,232.2,64.7,15,1,M,6,Islamabad,Hot,1
9075,2026-04-10,234.0,66.5,17,0,L,146,Karachi,Hot,1
9076,2026-03-29,225.0,35.7,35,0,L,72,Lahore,Hot,0
9077,2026-04-09,235.2,61.7,78,0,L,36,Karachi,Humid,0
9078,2026-03-20,230.0,59.3,24,0,L,180,Lahore,Clear,1
9079,2026-04-09,228.8,36.3,47,0,L,22,Lahore,Hot,0
9080,2026-03-26,231.0,41.2,28,0,L,180,Karachi,Hot,0
9081,2026-04-02,224.2,35.7,40,2,H,180,Lahore,Hot,1
9082,2026-03-20,232.2,61.7,16,1,M,126,Islamabad,Rain,1
9083,2026-03-25,233.2,61.1,15,1,M,180,Lahore,Humid,1
9084,2026-04-03,237.2,69.0,100,1,M,65,Karachi,Rain,1
9085,2026-04-12,226.8,33.3,29,2,H,34,Islamabad,Rain,0
9086,2026-04-03,235.2,50.8,35,1,M,180,Islamabad,Clear,1
9087,2026-03-24,238.0,70.8,26,2,H,2,Lahore,Rain,0
9088,2026-04-09,229.5,52.6,38,0,L,34,Lahore,Clear,0
9089,2026-03-30,234.5,67.7,14,1,M,2,Karachi,Rain,1
9090,2026-04-10,233.0,62.3,17,2,H,130,Islamabad,Hot,1
9091,2026-04-01,235.5,69.6,14,0,L,93,Karachi,Humid,1
9092,2026-03-28,226.0,38.1,43,1,M,83,Lahore,Rain,0
9093,2026-03-18,231.8,53.2,25,1,M,62,Islamabad,Clear,0
9094,2026-04-10,228.0,44.2,10,0,L,119,Karachi,Humid,1
9095,2026-03-26,231.5,41.2,17,1,M,94,Karachi,Clear,0
9096,2026-04-03,236.5,69.6,48,0,L,25,Karachi,Hot,0
9097,2026-04-10,230.2,51.4,46,0,L,145,Karachi,Rain,1
9098,2026-04-06,226.2,32.1,20,0,L,180,Karachi,Humid,1
9099,2026-04-04,232.0,60.5,10,0,L,90,Islamabad,Hot,1
9100,2026-03-22,235.5,53.8,28,1,M,28,Karachi,Rain,0
9101,2026-03-21,231.2,50.8,47,1,M,180,Islamabad,Rain,1
9102,2026-04-09,231.8,59.9,17,1,M,73,Karachi,Clear,1
9103,2026-03-23,235.2,69.0,11,1,M,69,Lahore,Clear,1
9104,2026-04-07,226.2,32.7,38,2,H,37,Lahore,Hot,0
9105,2026-04-08,230.5,53.2,84,2,H,180,Karachi,Clear,0
9106,2026-03-31,232.2,53.2,38,0,L,180,Lahore,Hot,1
9107,2026-03-24,226.5,33.9,54,0,L,13,Islamabad,Hot,0
9108,2026-04-12,226.8,39.9,29,0,L,38,Karachi,Hot,0
9109,2026-04-11,232.5,62.3,36,1,M,119,Islamabad,Clear,0
9110,2026-03-17,232.0,52.0,32,2,H,91,Karachi,Humid,0
9111,2026-04-04,235.0,50.2,79,0,L,121,Lahore,Hot,0
9112,2026-04-08,233.2,59.9,14,2,H,111,Islamabad,Humid,0
9113,2026-03-22,234.2,67.7,13,0,L,180,Lahore,Rain,1
9114,2026-03-28,230.2,41.8,64,1,M,18,Lahore,Clear,0
9115,2026-04-09,229.2,52.0,18,2,H,180,Karachi,Clear,1
9116,2026-03-21,232.5,56.9,17,1,M,92,Islamabad,Humid,1
9117,2026-03-30,233.0,63.5,16,2,H,101,Lahore,Rain,1
9118,2026-04-01,225.8,29.7,12,2,H,88,Karachi,Rain,0
9119,2026-03-25,230.2,58.7,10,1,M,111,Karachi,Hot,1
9120,2026-03-20,235.2,62.3,16,1,M,119,Karachi,Clear,1
9121,2026-04-03,227.8,32.1,27,1,M,150,Lahore,Rain,0
9122,2026-04-04,229.8,52.6,80,1,M,180,Karachi,Rain,1
9123,2026-03-28,232.2,61.7,13,0,L,159,Islamabad,Hot,1
9124,2026-04-04,236.0,53.2,33,2,H,164,Islamabad,Hot,0
9125,2026-03-27,235.0,69.0,10,0,L,51,Lahore,Humid,1
9126,2026-03-18,226.5,32.1,26,1,M,180,Islamabad,Clear,1
9127,2026-04-03,231.8,63.5,31,1,M,45,Karachi,Rain,0
9128,2026-04-03,230.2,60.5,10,2,H,147,Lahore,Humid,1
9129,2026-03-25,232.0,64.7,25,0,L,180,Karachi,Clear,1
9130,2026-04-01,236.5,69.0,48,0,L,67,Lahore,Humid,0
9131,2026-03-15,227.8,39.3,11,0,L,26,Lahore,Clear,0
9132,2026-03-26,227.2,38.1,23,2,H,91,Karachi,Clear,0
9133,2026-04-01,226.8,32.1,40,1,M,58,Islamabad,Rain,0
9134,2026-03-21,235.8,69.6,17,0,L,30,Islamabad,Clear,1
9135,2026-03-26,234.8,55.7,26,0,L,180,Lahore,Hot,1
9136,2026-03-15,231.2,52.6,16,2,H,180,Karachi,Rain,1
9137,2026-04-05,224.8,27.9,34,0,L,88,Karachi,Hot,0
9138,2026-03-18,238.8,72.6,10,2,H,161,Lahore,Humid,1
9139,2026-04-01,231.5,59.3,56,0,L,29,Islamabad,Humid,0
9140,2026-03-29,232.2,61.7,14,1,M,134,Karachi,Clear,1
9141,2026-03-17,234.0,49.0,100,0,L,64,Islamabad,Clear,1
9142,2026-03-21,233.0,63.5,16,2,H,101,Islamabad,Hot,1
9143,2026-03-20,227.5,32.7,100,0,L,118,Lahore,Hot,1
9144,2026-03-29,234.5,68.4,17,1,M,60,Lahore,Hot,1
9145,2026-03-29,226.8,33.3,23,0,L,180,Islamabad,Humid,0
9146,2026-03-20,225.2,29.7,35,2,H,180,Karachi,Hot,1
9147,2026-03-22,231.8,64.7,11,2,H,20,Karachi,Rain,1
9148,2026-03-22,235.0,52.6,33,1,M,0,Lahore,Rain,0
9149,2026-04-05,232.2,59.9,13,0,L,85,Islamabad,Humid,1
9150,2026-03-15,230.5,50.8,31,2,H,76,Karachi,Hot,0
9151,2026-04-09,231.5,63.5,21,1,M,110,Karachi,Hot,0
9152,2026-03-27,229.0,47.2,10,0,L,180,Lahore,Clear,1
9153,2026-04-06,232.2,53.2,38,0,L,180,Islamabad,Rain,1
9154,2026-04-07,232.2,61.1,13,1,M,88,Karachi,Humid,1
9155,2026-04-04,235.5,70.8,13,2,H,66,Lahore,Hot,1
9156,2026-03-27,233.2,64.1,13,1,M,111,Karachi,Clear,1
9157,2026-03-25,228.0,41.8,53,1,M,37,Karachi,Humid,0
9158,2026-03-18,226.5,33.9,54,0,L,13,Karachi,Humid,0
9159,2026-03-21,230.5,50.2,19,2,H,180,Lahore,Rain,1
9160,2026-04-11,233.0,62.3,51,1,M,180,Islamabad,Hot,1
9161,2026-03-26,238.8,72.6,10,2,H,161,Lahore,Humid,1
9162,2026-04-10,228.0,34.5,46,0,L,19,Islamabad,Clear,0
9163,2026-03-27,232.5,53.8,25,1,M,25,Karachi,Clear,0
9164,2026-04-05,235.2,69.0,11,1,M,69,Islamabad,Humid,1
9165,2026-03-26,230.5,56.9,10,0,L,20,Karachi,Clear,1
9166,2026-03-30,229.8,49.0,37,0,L,32,Karachi,Humid,0
9167,2026-03-20,235.5,70.8,13,2,H,66,Lahore,Clear,1
9168,2026-03-28,223.8,26.0,12,1,M,24,Karachi,Humid,1
9169,2026-04-02,225.0,30.3,64,2,H,180,Lahore,Humid,0
9170,2026-03-30,225.2,29.7,35,2,H,180,Islamabad,Humid,1
9171,2026-04-10,227.5,36.3,34,2,H,99,Islamabad,Clear,0
9172,2026-04-09,236.5,64.1,44,0,L,52,Karachi,Humid,0
9173,2026-03-18,232.2,61.1,13,1,M,88,Lahore,Rain,1
9174,2026-03-19,231.8,64.7,11,2,H,20,Karachi,Humid,1
9175,2026-03-23,230.5,51.4,79,1,M,180,Lahore,Hot,0
9176,2026-04-07,237.5,66.5,35,0,L,111,Lahore,Hot,0
9177,2026-03-17,227.0,34.5,17,0,L,180,Lahore,Rain,1
9178,2026-04-05,234.5,64.1,43,2,H,180,Islamabad,Humid,1
9179,2026-03-24,232.5,45.4,22,1,M,101,Lahore,Hot,0
9180,2026-03-31,226.8,44.2,24,1,M,0,Islamabad,Humid,0
9181,2026-04-02,224.5,29.7,20,2,H,22,Lahore,Hot,0
9182,2026-03-24,231.2,40.5,41,2,H,0,Islamabad,Clear,0
9183,2026-04-13,235.2,50.8,35,1,M,180,Islamabad,Clear,1
9184,2026-03-26,225.8,35.7,30,0,L,4,Islamabad,Rain,0
9185,2026-04-06,234.0,66.5,17,0,L,146,Karachi,Rain,1
9186,2026-03-21,233.0,62.3,17,2,H,130,Lahore,Humid,1
9187,2026-04-01,228.0,33.3,10,1,M,19,Karachi,Rain,0
9188,2026-04-02,230.5,50.8,100,2,H,81,Lahore,Humid,1
9189,2026-03-29,236.8,53.2,26,0,L,91,Lahore,Clear,1
9190,2026-03-21,234.8,64.1,10,1,M,180,Karachi,Clear,1
9191,2026-03-26,233.2,64.1,10,0,L,114,Islamabad,Hot,1
9192,2026-04-05,225.8,38.1,100,0,L,57,Lahore,Humid,1
9193,2026-04-12,233.2,56.3,38,2,H,180,Islamabad,Clear,0
9194,2026-03-21,230.5,55.7,16,2,H,25,Karachi,Clear,0
9195,2026-03-24,232.8,52.6,10,2,H,180,Islamabad,Humid,0
9196,2026-04-08,224.0,35.1,11,1,M,180,Lahore,Hot,0
9197,2026-04-07,231.5,62.9,17,1,M,161,Lahore,Hot,1
9198,2026-04-05,230.5,60.5,20,0,L,154,Lahore,Hot,0
9199,2026-04-11,235.8,53.8,52,2,H,180,Karachi,Hot,0
9200,2026-04-13,224.5,26.6,40,2,H,75,Lahore,Clear,0
9201,2026-04-03,232.2,61.7,14,1,M,134,Karachi,Humid,1
9202,2026-04-13,232.0,52.6,66,1,M,111,Islamabad,Humid,0
9203,2026-04-12,233.2,61.1,15,1,M,180,Lahore,Clear,1
9204,2026-03-24,228.8,44.2,38,1,M,129,Lahore,Clear,0
9205,2026-04-08,232.8,57.5,31,0,L,9,Lahore,Clear,0
9206,2026-04-06,227.0,42.4,42,2,H,154,Islamabad,Rain,0
9207,2026-03-19,232.5,57.5,14,1,M,0,Lahore,Humid,1
9208,2026-04-01,232.8,56.3,19,0,L,164,Karachi,Humid,0
9209,2026-03-23,235.8,70.2,11,0,L,86,Islamabad,Humid,1
9210,2026-04-13,230.5,51.4,20,2,H,180,Islamabad,Hot,1
9211,2026-03-30,233.0,62.3,17,2,H,130,Islamabad,Clear,1
9212,2026-03-21,234.8,64.1,10,1,M,180,Islamabad,Clear,1
9213,2026-04-08,226.2,43.0,25,2,H,112,Islamabad,Clear,0
9214,2026-04-10,236.8,64.7,28,0,L,180,Karachi,Rain,1
9215,2026-04-08,233.0,62.3,17,2,H,130,Islamabad,Humid,1
9216,2026-03-24,231.5,52.6,17,2,H,12,Lahore,Clear,0
9217,2026-03-19,230.2,51.4,13,2,H,159,Islamabad,Rain,1
9218,2026-03-21,221.0,21.8,10,2,H,142,Islamabad,Clear,0
9219,2026-03-19,233.0,55.7,22,1,M,68,Islamabad,Hot,0
9220,2026-03-29,227.2,33.3,28,2,H,14,Islamabad,Humid,0
9221,2026-04-02,231.2,52.6,16,2,H,180,Islamabad,Rain,1
9222,2026-03-24,235.2,50.8,35,1,M,180,Karachi,Clear,1
9223,2026-03-22,235.2,62.3,16,1,M,119,Karachi,Humid,1
9224,2026-04-07,226.0,31.5,23,0,L,180,Islamabad,Rain,1
9225,2026-03-23,233.0,46.0,27,0,L,137,Karachi,Humid,0
9226,2026-03-25,227.5,32.1,39,0,L,158,Lahore,Humid,0
9227,2026-04-13,231.8,59.9,17,1,M,73,Islamabad,Hot,1
9228,2026-04-11,231.2,64.1,100,1,M,84,Lahore,Humid,1
9229,2026-04-05,229.2,50.8,67,1,M,155,Lahore,Rain,0
9230,2026-03-16,233.5,61.7,28,2,H,96,Islamabad,Humid,0
9231,2026-03-17,236.0,69.6,32,0,L,107,Lahore,Rain,0
9232,2026-03-27,226.0,30.3,16,0,L,180,Lahore,Humid,1
9233,2026-03-25,230.2,40.5,38,2,H,121,Lahore,Clear,0
9234,2026-04-11,225.2,29.7,35,2,H,180,Islamabad,Hot,1
9235,2026-03-24,231.8,63.5,23,0,L,179,Islamabad,Clear,0
9236,2026-04-10,232.0,49.0,30,0,L,107,Lahore,Hot,0
9237,2026-03-29,227.0,43.6,17,0,L,61,Islamabad,Rain,0
9238,2026-03-20,231.2,64.1,100,1,M,84,Islamabad,Hot,1
9239,2026-03-15,225.8,35.7,29,0,L,6,Lahore,Humid,0
9240,2026-03-28,230.0,53.2,32,1,M,16,Islamabad,Humid,0
9241,2026-04-01,225.2,35.7,25,1,M,106,Karachi,Clear,0
9242,2026-04-07,239.5,73.8,36,1,M,164,Islamabad,Hot,0
9243,2026-03-25,233.0,58.7,20,0,L,180,Karachi,Rain,1
9244,2026-03-22,226.0,31.5,14,1,M,180,Lahore,Rain,1
9245,2026-04-05,225.8,38.7,22,1,M,180,Islamabad,Humid,1
9246,2026-03-17,230.5,50.8,100,2,H,81,Lahore,Rain,1
9247,2026-03-28,237.2,70.8,51,2,H,170,Lahore,Humid,0
9248,2026-03-16,232.2,58.1,35,2,H,139,Lahore,Humid,0
9249,2026-04-12,231.0,62.3,16,0,L,36,Lahore,Humid,1
9250,2026-03-30,235.2,69.0,11,0,L,180,Lahore,Clear,1
9251,2026-03-20,231.2,62.9,38,0,L,139,Islamabad,Clear,0
9252,2026-03-15,234.2,48.4,49,1,M,180,Karachi,Humid,1
9253,2026-03-28,238.5,72.0,59,2,H,17,Islamabad,Humid,0
9254,2026-03-24,224.8,35.7,29,2,H,161,Islamabad,Humid,0
9255,2026-03-20,231.2,53.8,33,1,M,137,Islamabad,Rain,0
9256,2026-03-23,236.2,70.2,17,2,H,112,Islamabad,Humid,1
9257,2026-03-21,230.2,58.7,10,1,M,111,Karachi,Humid,1
9258,2026-04-08,232.8,64.7,10,2,H,25,Islamabad,Hot,1
9259,2026-03-16,236.2,55.1,29,2,H,52,Lahore,Hot,0
9260,2026-03-25,228.0,33.3,22,2,H,7,Islamabad,Hot,0
9261,2026-03-28,226.5,43.0,25,2,H,21,Islamabad,Hot,0
9262,2026-03-19,227.2,33.3,31,0,L,32,Karachi,Humid,0
9263,2026-03-23,232.0,41.8,32,1,M,27,Karachi,Hot,0
9264,2026-03-21,232.0,58.7,18,0,L,180,Lahore,Rain,0
9265,2026-04-08,227.0,36.3,23,0,L,180,Islamabad,Rain,1
9266,2026-03-28,231.8,42.4,17,0,L,180,Islamabad,Hot,1
9267,2026-04-10,230.5,50.8,100,2,H,81,Islamabad,Clear,1
9268,2026-03-30,238.8,72.6,10,2,H,161,Lahore,Rain,1
9269,2026-04-05,231.2,62.3,24,2,H,120,Karachi,Rain,0
9270,2026-03-30,229.2,52.0,17,1,M,45,Lahore,Hot,1
9271,2026-03-21,231.0,61.7,17,1,M,12,Islamabad,Hot,1
9272,2026-03-24,232.5,61.1,16,1,M,180,Karachi,Humid,1
9273,2026-04-04,232.2,52.0,63,2,H,78,Karachi,Rain,0
9274,2026-03-20,230.0,39.3,36,2,H,180,Lahore,Hot,0
9275,2026-03-31,231.0,48.4,26,0,L,60,Karachi,Hot,0
9276,2026-03-15,226.2,41.8,17,1,M,30,Karachi,Humid,1
9277,2026-03-16,232.5,43.6,54,0,L,180,Islamabad,Rain,1
9278,2026-04-10,230.8,43.0,38,1,M,180,Islamabad,Hot,0
9279,2026-03-28,227.5,36.3,28,1,M,176,Karachi,Humid,1
9280,2026-03-18,239.5,73.2,38,1,M,108,Karachi,Hot,0
9281,2026-04-10,236.5,64.1,25,1,M,180,Lahore,Clear,1
9282,2026-03-23,228.5,44.2,35,2,H,120,Lahore,Clear,0
9283,2026-04-06,227.8,37.5,26,1,M,150,Karachi,Hot,0
9284,2026-03-20,232.2,64.7,15,1,M,6,Islamabad,Rain,1
9285,2026-03-31,233.5,58.7,42,1,M,115,Karachi,Clear,0
9286,2026-04-04,235.0,69.0,10,0,L,51,Karachi,Humid,1
9287,2026-03-25,235.0,52.6,90,1,M,180,Islamabad,Hot,1
9288,2026-04-11,239.0,73.2,28,1,M,72,Islamabad,Humid,0
9289,2026-04-12,229.0,46.6,20,1,M,180,Lahore,Clear,1
9290,2026-03-18,228.2,33.3,12,0,L,179,Lahore,Rain,0
9291,2026-04-04,233.0,61.1,25,2,H,180,Lahore,Humid,0
9292,2026-04-10,236.8,70.8,34,1,M,146,Lahore,Clear,0
9293,2026-03-23,232.0,60.5,10,0,L,90,Islamabad,Clear,1
9294,2026-04-11,234.2,62.3,17,2,H,86,Karachi,Clear,0
9295,2026-03-30,224.2,26.6,100,0,L,180,Lahore,Humid,1
9296,2026-03-17,225.8,32.1,40,1,M,148,Lahore,Clear,0
9297,2026-03-18,228.2,44.2,22,1,M,155,Islamabad,Hot,0
9298,2026-04-07,236.2,66.5,10,1,M,122,Islamabad,Clear,1
9299,2026-03-17,231.0,40.5,23,2,H,37,Karachi,Hot,0
9300,2026-03-27,232.2,53.8,51,1,M,158,Karachi,Rain,0
9301,2026-04-02,228.0,41.2,26,0,L,180,Islamabad,Hot,0
9302,2026-04-12,226.2,32.7,38,2,H,37,Lahore,Rain,0
9303,2026-04-08,223.5,26.6,44,2,H,146,Lahore,Rain,0
9304,2026-04-04,230.8,44.2,17,2,H,180,Lahore,Hot,0
9305,2026-04-09,233.5,51.4,10,1,M,180,Karachi,Rain,1
9306,2026-03-15,238.8,72.6,10,2,H,161,Lahore,Hot,1
9307,2026-04-06,232.2,51.4,18,2,H,166,Lahore,Humid,0
9308,2026-04-06,227.2,31.5,31,1,M,78,Islamabad,Rain,0
9309,2026-03-20,229.5,39.9,17,1,M,65,Lahore,Hot,0
9310,2026-04-05,233.8,61.1,40,2,H,148,Islamabad,Rain,0
9311,2026-03-17,233.5,58.1,21,0,L,106,Lahore,Clear,0
9312,2026-03-17,227.2,44.8,25,1,M,180,Karachi,Hot,0
9313,2026-03-30,230.2,41.8,10,0,L,180,Lahore,Clear,1
9314,2026-03-24,233.5,64.1,32,1,M,88,Lahore,Rain,0
9315,2026-04-10,235.0,50.2,17,1,M,180,Islamabad,Rain,1
9316,2026-04-08,234.0,68.4,37,1,M,41,Islamabad,Humid,0
9317,2026-03-31,235.8,64.1,46,2,H,37,Islamabad,Hot,0
9318,2026-03-21,233.0,63.5,16,2,H,101,Lahore,Clear,1
9319,2026-03-27,230.5,41.2,24,2,H,40,Lahore,Humid,1
9320,2026-04-11,231.5,62.9,32,0,L,121,Karachi,Rain,0
9321,2026-03-25,230.8,50.8,36,1,M,180,Lahore,Rain,0
9322,2026-03-24,229.5,48.4,52,0,L,48,Karachi,Humid,0
9323,2026-03-21,230.2,51.4,13,2,H,159,Islamabad,Clear,1
9324,2026-04-07,238.8,73.2,62,0,L,180,Islamabad,Rain,0
9325,2026-03-20,228.2,38.1,62,2,H,180,Islamabad,Rain,0
9326,2026-04-07,229.8,50.2,32,1,M,54,Karachi,Hot,0
9327,2026-03-15,231.0,57.5,27,1,M,32,Lahore,Humid,0
9328,2026-03-31,227.2,36.3,10,1,M,65,Islamabad,Rain,0
9329,2026-04-08,227.0,37.5,100,1,M,86,Lahore,Clear,1
9330,2026-03-26,231.2,62.3,24,2,H,120,Lahore,Hot,0
9331,2026-03-18,236.5,70.8,15,0,L,105,Islamabad,Humid,0
9332,2026-03-17,233.0,63.5,16,2,H,101,Karachi,Clear,1
9333,2026-03-20,235.2,62.3,17,0,L,180,Lahore,Rain,1
9334,2026-04-09,233.2,61.1,15,1,M,180,Islamabad,Humid,1
9335,2026-04-11,232.5,61.1,17,1,M,180,Lahore,Humid,1
9336,2026-03-30,229.2,38.7,31,2,H,51,Lahore,Clear,0
9337,2026-03-27,233.5,62.9,28,1,M,180,Lahore,Humid,0
9338,2026-04-11,228.2,42.4,15,1,M,44,Lahore,Clear,0
9339,2026-03-23,232.5,61.1,10,2,H,101,Lahore,Rain,1
9340,2026-04-09,225.2,35.1,46,2,H,48,Karachi,Hot,0
9341,2026-03-25,238.8,72.6,32,2,H,96,Karachi,Clear,0
9342,2026-04-03,232.2,53.2,16,0,L,91,Islamabad,Hot,0
9343,2026-04-08,231.8,59.9,17,1,M,73,Karachi,Humid,1
9344,2026-04-04,233.8,67.7,16,0,L,29,Karachi,Clear,1
9345,2026-03-27,226.0,30.3,32,2,H,180,Karachi,Rain,0
9346,2026-04-06,223.0,25.4,32,0,L,138,Lahore,Clear,0
9347,2026-04-02,221.0,22.4,14,0,L,119,Lahore,Clear,0
9348,2026-03-17,230.5,41.2,24,2,H,40,Islamabad,Clear,1
9349,2026-03-26,229.2,52.0,18,2,H,180,Islamabad,Hot,1
9350,2026-04-02,229.5,51.4,10,0,L,138,Islamabad,Hot,0
9351,2026-03-22,236.8,65.3,21,2,H,180,Lahore,Humid,1
9352,2026-03-28,228.2,32.1,35,1,M,168,Karachi,Humid,0
9353,2026-04-05,232.8,64.7,10,2,H,25,Karachi,Humid,1
9354,2026-03-23,225.5,30.9,22,2,H,180,Lahore,Humid,0
9355,2026-04-08,227.2,33.3,15,1,M,21,Islamabad,Clear,0
9356,2026-04-07,232.2,57.5,44,1,M,137,Islamabad,Hot,0
9357,2026-03-31,233.5,59.3,34,2,H,120,Islamabad,Hot,0
9358,2026-03-20,231.8,64.7,11,2,H,20,Lahore,Hot,1
9359,2026-03-18,232.5,52.0,24,0,L,78,Islamabad,Hot,1
9360,2026-03-18,232.8,56.9,23,0,L,21,Islamabad,Humid,0
9361,2026-04-02,231.0,40.5,20,1,M,64,Lahore,Clear,1
9362,2026-03-26,232.0,59.3,28,2,H,141,Karachi,Hot,0
9363,2026-04-08,236.0,64.7,40,2,H,148,Lahore,Rain,0
9364,2026-03-16,230.2,51.4,13,2,H,159,Lahore,Clear,1
9365,2026-03-31,235.2,52.6,14,0,L,180,Lahore,Rain,1
9366,2026-04-13,235.0,52.0,29,0,L,22,Lahore,Clear,0
9367,2026-03-29,232.5,43.6,54,0,L,180,Karachi,Clear,1
9368,2026-03-24,232.0,53.8,25,1,M,27,Islamabad,Clear,0
9369,2026-03-17,226.0,38.1,33,0,L,82,Lahore,Rain,0
9370,2026-04-12,231.2,52.6,28,2,H,9,Karachi,Hot,0
9371,2026-04-03,221.5,23.0,10,1,M,89,Islamabad,Hot,1
9372,2026-03-18,229.0,38.1,14,0,L,180,Islamabad,Rain,1
9373,2026-04-05,229.5,36.9,33,2,H,65,Islamabad,Hot,0
9374,2026-03-15,227.0,43.6,34,0,L,146,Lahore,Humid,0
9375,2026-03-15,229.2,39.9,25,0,L,173,Lahore,Hot,0
9376,2026-04-01,227.8,43.0,13,0,L,180,Islamabad,Humid,1
9377,2026-03-18,227.0,38.7,63,2,H,153,Islamabad,Humid,0
9378,2026-04-06,230.0,60.5,19,1,M,142,Islamabad,Humid,1
9379,2026-04-05,232.2,64.7,15,1,M,6,Islamabad,Rain,1
9380,2026-03-29,231.0,62.3,18,2,H,24,Islamabad,Hot,0
9381,2026-04-10,233.8,58.1,19,2,H,95,Islamabad,Hot,0
9382,2026-04-08,231.0,59.3,100,1,M,180,Karachi,Rain,1
9383,2026-04-06,233.5,59.3,20,1,M,125,Islamabad,Rain,0
9384,2026-04-11,226.8,43.0,13,1,M,62,Lahore,Hot,0
9385,2026-04-04,236.0,64.1,80,1,M,180,Lahore,Rain,0
9386,2026-04-05,228.8,44.8,35,0,L,37,Lahore,Rain,0
9387,2026-03-24,236.8,52.6,26,2,H,74,Islamabad,Humid,0
9388,2026-04-08,232.2,59.3,100,0,L,124,Lahore,Rain,1
9389,2026-03-31,230.5,41.2,22,1,M,180,Karachi,Humid,0
9390,2026-04-10,225.8,30.9,36,2,H,180,Islamabad,Clear,0
9391,2026-04-08,233.0,62.3,17,2,H,130,Lahore,Humid,1
9392,2026-04-05,227.8,32.1,38,1,M,131,Karachi,Humid,0
9393,2026-03-26,231.2,52.6,10,0,L,160,Karachi,Rain,0
9394,2026-04-03,235.8,53.8,20,2,H,180,Lahore,Hot,0
9395,2026-03-26,225.2,29.7,35,2,H,180,Karachi,Clear,1
9396,2026-03-30,221.5,23.0,10,1,M,89,Lahore,Clear,1
9397,2026-03-19,231.5,47.2,49,0,L,33,Karachi,Clear,0
9398,2026-04-12,236.8,70.2,26,2,H,180,Islamabad,Hot,0
9399,2026-03-30,236.8,65.3,21,2,H,180,Islamabad,Clear,1
9400,2026-03-31,236.2,70.2,17,2,H,112,Islamabad,Clear,1
9401,2026-04-06,234.2,67.7,10,0,L,180,Islamabad,Hot,1
9402,2026-04-12,225.2,30.3,19,0,L,180,Islamabad,Clear,1
9403,2026-03-29,229.8,50.8,22,2,H,66,Lahore,Rain,0
9404,2026-03-27,227.0,31.5,16,1,M,43,Islamabad,Rain,0
9405,2026-03-22,230.5,50.8,100,2,H,81,Islamabad,Humid,1
9406,2026-04-10,231.8,59.9,17,1,M,73,Islamabad,Humid,1
9407,2026-04-04,227.8,39.3,35,1,M,18,Islamabad,Humid,0
9408,2026-03-16,235.2,62.9,26,0,L,143,Karachi,Rain,0
9409,2026-03-22,230.5,59.3,13,1,M,180,Islamabad,Rain,1
9410,2026-03-24,229.2,52.0,17,1,M,45,Islamabad,Rain,1
9411,2026-03-21,232.0,41.2,48,1,M,4,Lahore,Humid,0
9412,2026-03-24,232.5,56.3,33,1,M,178,Karachi,Humid,0
9413,2026-04-08,231.2,43.0,11,0,L,180,Lahore,Humid,1
9414,2026-03-18,232.5,61.1,17,1,M,180,Islamabad,Humid,1
9415,2026-03-25,232.8,64.7,10,2,H,25,Lahore,Humid,1
9416,2026-03-23,231.8,63.5,15,0,L,180,Lahore,Humid,1
9417,2026-03-18,228.8,44.8,41,0,L,145,Islamabad,Rain,0
9418,2026-03-17,236.5,65.3,10,1,M,180,Karachi,Hot,1
9419,2026-03-25,232.5,59.9,20,0,L,78,Karachi,Hot,0
9420,2026-03-17,231.8,44.2,53,0,L,167,Lahore,Humid,0
9421,2026-04-09,228.8,44.8,31,2,H,180,Islamabad,Hot,0
9422,2026-04-01,232.5,58.7,44,0,L,180,Lahore,Hot,0
9423,2026-04-09,232.5,59.3,35,0,L,64,Lahore,Rain,0
9424,2026-04-02,231.8,55.7,31,0,L,51,Lahore,Humid,0
9425,2026-03-28,233.2,64.1,13,1,M,111,Islamabad,Humid,1
9426,2026-04-07,233.2,58.7,24,0,L,180,Islamabad,Hot,1
9427,2026-03-25,229.2,52.0,18,2,H,180,Karachi,Humid,1
9428,2026-04-07,236.8,65.3,21,2,H,180,Islamabad,Humid,1
9429,2026-03-16,226.5,32.1,26,1,M,180,Lahore,Humid,1
9430,2026-04-10,225.0,27.9,19,2,H,100,Lahore,Humid,1
9431,2026-03-16,229.2,49.6,23,1,M,180,Karachi,Hot,0
9432,2026-03-16,233.8,66.5,39,1,M,180,Islamabad,Clear,0
9433,2026-03-24,229.8,39.9,14,1,M,180,Lahore,Hot,0
9434,2026-04-06,236.2,54.5,30,1,M,140,Karachi,Rain,0
9435,2026-03-29,235.5,70.8,13,2,H,66,Karachi,Clear,1
9436,2026-04-05,231.8,64.7,11,2,H,20,Lahore,Clear,1
9437,2026-03-26,233.5,47.2,36,1,M,170,Lahore,Clear,0
9438,2026-03-25,231.5,62.9,17,1,M,161,Islamabad,Hot,1
9439,2026-03-31,231.2,64.1,13,0,L,92,Karachi,Rain,1
9440,2026-04-01,233.8,65.9,13,1,M,180,Lahore,Hot,1
9441,2026-03-28,232.8,60.5,18,0,L,180,Karachi,Rain,1
9442,2026-03-31,228.8,36.9,26,1,M,80,Islamabad,Hot,0
9443,2026-03-29,231.5,49.6,21,2,H,0,Lahore,Hot,0
9444,2026-03-26,232.2,61.7,13,0,L,159,Islamabad,Hot,1
9445,2026-04-10,224.2,35.7,40,2,H,180,Karachi,Clear,1
9446,2026-03-30,232.2,58.7,46,0,L,66,Islamabad,Hot,0
9447,2026-04-06,232.8,56.3,22,1,M,59,Islamabad,Rain,0
9448,2026-03-20,233.0,53.8,28,2,H,175,Karachi,Rain,0
9449,2026-03-16,230.5,41.2,24,2,H,40,Islamabad,Rain,1
9450,2026-03-16,233.0,62.3,17,2,H,130,Karachi,Clear,1
9451,2026-03-30,238.8,72.6,10,2,H,161,Lahore,Hot,1
9452,2026-03-16,227.5,36.3,28,1,M,176,Karachi,Hot,1
9453,2026-03-22,228.8,46.6,49,1,M,179,Karachi,Humid,1
9454,2026-04-13,225.5,32.1,60,0,L,75,Lahore,Clear,0
9455,2026-03-21,225.2,29.7,35,2,H,180,Karachi,Rain,1
9456,2026-03-15,236.0,64.1,10,0,L,0,Lahore,Rain,1
9457,2026-03-18,235.5,70.8,13,2,H,66,Lahore,Hot,1
9458,2026-03-25,230.8,61.1,16,1,M,6,Karachi,Rain,1
9459,2026-04-03,231.0,42.4,68,0,L,13,Islamabad,Hot,0
9460,2026-03-21,233.0,62.3,16,1,M,67,Islamabad,Hot,1
9461,2026-04-01,231.2,41.8,10,0,L,180,Lahore,Humid,0
9462,2026-03-18,228.0,35.7,22,2,H,45,Islamabad,Clear,0
9463,2026-03-31,230.2,51.4,18,0,L,180,Islamabad,Hot,1
9464,2026-04-12,225.2,35.1,21,0,L,27,Karachi,Hot,0
9465,2026-04-12,227.0,32.7,27,2,H,63,Lahore,Hot,0
9466,2026-03-25,234.5,63.5,29,2,H,180,Lahore,Humid,0
9467,2026-03-25,227.2,41.8,37,1,M,128,Karachi,Hot,0
9468,2026-04-03,232.5,57.5,59,2,H,8,Islamabad,Clear,0
9469,2026-03-25,227.5,32.7,15,2,H,120,Lahore,Clear,0
9470,2026-03-29,228.8,47.8,48,1,M,13,Islamabad,Rain,0
9471,2026-03-28,236.8,65.3,21,2,H,180,Lahore,Clear,1
9472,2026-03-31,232.5,61.1,17,1,M,180,Lahore,Rain,1
9473,2026-03-16,235.8,53.8,93,2,H,173,Lahore,Clear,0
9474,2026-04-01,229.2,52.0,18,2,H,180,Lahore,Rain,1
9475,2026-03-30,231.2,38.7,53,1,M,80,Islamabad,Hot,0
9476,2026-03-26,229.2,52.0,17,1,M,45,Islamabad,Humid,1
9477,2026-03-24,231.5,62.9,17,1,M,161,Islamabad,Humid,1
9478,2026-04-11,233.8,50.2,18,1,M,136,Islamabad,Humid,1
9479,2026-03-30,229.0,32.7,17,2,H,76,Karachi,Hot,0
9480,2026-03-17,228.5,43.6,14,0,L,180,Lahore,Humid,1
9481,2026-03-22,232.2,51.4,75,0,L,180,Lahore,Clear,0
9482,2026-04-10,228.5,34.5,36,0,L,172,Lahore,Rain,0
9483,2026-04-05,237.8,70.8,49,1,M,180,Karachi,Hot,0
9484,2026-04-05,226.8,32.7,29,2,H,150,Islamabad,Humid,0
9485,2026-04-08,235.8,70.8,100,1,M,71,Lahore,Clear,1
9486,2026-04-07,225.8,32.1,19,2,H,180,Islamabad,Clear,0
9487,2026-03-16,227.0,33.3,29,1,M,22,Islamabad,Hot,0
9488,2026-04-05,224.2,27.3,23,2,H,64,Karachi,Hot,0
9489,2026-03-15,226.2,41.8,82,1,M,23,Karachi,Humid,0
9490,2026-04-12,235.5,70.8,13,2,H,66,Islamabad,Rain,1
9491,2026-03-28,230.2,51.4,13,2,H,159,Lahore,Humid,1
9492,2026-04-08,229.2,37.5,21,1,M,76,Lahore,Humid,0
9493,2026-03-18,229.5,38.7,95,0,L,98,Karachi,Hot,1
9494,2026-03-18,225.5,35.1,25,0,L,46,Karachi,Humid,0
9495,2026-03-23,232.5,61.1,11,0,L,8,Karachi,Humid,1
9496,2026-03-17,236.2,64.7,38,1,M,167,Karachi,Rain,0
9497,2026-03-19,228.5,39.9,29,1,M,180,Karachi,Clear,0
9498,2026-03-15,227.8,33.3,62,2,H,179,Karachi,Clear,0
9499,2026-04-05,230.2,60.5,10,2,H,147,Karachi,Rain,1
9500,2026-04-02,227.0,40.5,47,0,L,77,Lahore,Clear,0
9501,2026-03-15,231.0,43.6,34,2,H,5,Karachi,Humid,0
9502,2026-03-24,230.5,50.8,100,2,H,81,Karachi,Rain,1
9503,2026-04-05,229.2,51.4,98,1,M,59,Lahore,Rain,0
9504,2026-04-13,227.5,37.5,98,0,L,31,Lahore,Hot,0
9505,2026-03-26,238.8,72.6,10,2,H,161,Islamabad,Clear,1
9506,2026-03-24,230.5,41.2,24,2,H,40,Karachi,Hot,1
9507,2026-03-16,230.0,60.5,19,1,M,142,Karachi,Humid,1
9508,2026-03-30,234.2,53.2,32,1,M,15,Karachi,Rain,0
9509,2026-03-22,234.2,67.7,10,0,L,180,Karachi,Humid,1
9510,2026-03-28,237.8,70.2,100,1,M,26,Islamabad,Clear,1
9511,2026-04-12,232.2,53.2,34,1,M,155,Lahore,Hot,0
9512,2026-03-29,235.5,52.0,43,1,M,0,Lahore,Clear,0
9513,2026-03-30,229.8,49.0,26,2,H,113,Karachi,Humid,0
9514,2026-03-25,225.8,29.7,12,2,H,88,Karachi,Hot,0
9515,2026-03-26,234.0,66.5,17,0,L,146,Karachi,Clear,1
9516,2026-03-16,233.5,51.4,10,1,M,180,Islamabad,Humid,1
9517,2026-03-18,229.2,52.0,17,1,M,45,Islamabad,Clear,1
9518,2026-04-13,227.2,37.5,23,0,L,7,Lahore,Rain,0
9519,2026-03-17,232.5,57.5,25,1,M,17,Karachi,Hot,0
9520,2026-03-23,229.8,50.2,20,0,L,87,Karachi,Hot,0
9521,2026-04-01,231.2,64.1,13,0,L,92,Karachi,Hot,1
9522,2026-04-02,232.0,51.4,100,0,L,17,Karachi,Rain,1
9523,2026-03-21,231.5,50.2,16,0,L,180,Islamabad,Hot,1
9524,2026-03-18,231.0,62.9,18,1,M,107,Lahore,Rain,1
9525,2026-03-20,232.8,64.7,10,2,H,25,Lahore,Hot,1
9526,2026-04-02,231.0,41.8,26,2,H,156,Islamabad,Clear,0
9527,2026-03-15,239.0,73.2,53,0,L,132,Karachi,Clear,0
9528,2026-03-30,227.0,31.5,100,2,H,166,Lahore,Clear,0
9529,2026-03-25,234.5,69.6,43,2,H,73,Lahore,Clear,0
9530,2026-04-05,231.2,58.7,49,0,L,59,Islamabad,Rain,0
9531,2026-03-18,234.8,64.7,100,1,M,2,Karachi,Humid,1
9532,2026-04-01,232.2,41.8,32,2,H,180,Lahore,Humid,0
9533,2026-04-06,231.8,58.1,36,0,L,156,Karachi,Clear,0
9534,2026-04-09,232.0,54.5,18,0,L,180,Lahore,Humid,1
9535,2026-04-12,224.2,36.9,16,1,M,180,Islamabad,Humid,0
9536,2026-04-11,230.5,41.2,24,2,H,40,Karachi,Hot,1
9537,2026-04-12,237.0,71.4,46,2,H,170,Islamabad,Rain,0
9538,2026-03-19,227.2,36.9,36,0,L,14,Lahore,Clear,0
9539,2026-04-05,231.0,41.8,26,2,H,156,Islamabad,Humid,0
9540,2026-03-20,231.8,64.7,11,2,H,20,Islamabad,Humid,1
9541,2026-04-13,230.2,40.5,16,0,L,180,Islamabad,Clear,1
9542,2026-04-08,236.8,65.3,21,2,H,180,Lahore,Hot,1
9543,2026-04-11,237.5,69.0,16,1,M,31,Karachi,Clear,0
9544,2026-03-16,235.0,50.2,17,1,M,180,Islamabad,Hot,1
9545,2026-03-26,231.0,42.4,39,1,M,5,Karachi,Humid,0
9546,2026-04-05,231.8,47.8,38,1,M,180,Lahore,Rain,0
9547,2026-03-23,228.8,39.3,37,2,H,39,Karachi,Hot,0
9548,2026-04-11,232.8,65.3,20,0,L,30,Islamabad,Hot,0
9549,2026-04-03,234.8,62.3,41,1,M,136,Islamabad,Clear,0
9550,2026-04-12,223.8,26.0,12,1,M,24,Islamabad,Humid,1
9551,2026-03-26,233.2,55.1,14,2,H,180,Islamabad,Rain,0
9552,2026-04-12,233.2,61.1,15,1,M,180,Islamabad,Clear,1
9553,2026-03-27,227.5,36.3,28,1,M,176,Islamabad,Clear,1
9554,2026-04-10,234.0,49.0,100,0,L,64,Lahore,Rain,1
9555,2026-04-05,227.5,36.3,28,1,M,176,Lahore,Humid,1
9556,2026-04-06,234.2,62.3,22,1,M,62,Lahore,Rain,0
9557,2026-03-31,231.0,62.3,16,0,L,36,Karachi,Clear,1
9558,2026-03-19,226.0,32.1,28,2,H,2,Karachi,Clear,0
9559,2026-04-03,235.8,69.0,32,0,L,180,Lahore,Hot,1
9560,2026-03-27,232.8,45.4,17,0,L,154,Karachi,Rain,0
9561,2026-04-12,228.8,46.6,49,1,M,179,Karachi,Rain,1
9562,2026-03-27,234.5,64.1,43,2,H,180,Islamabad,Rain,1
9563,2026-03-24,228.8,46.0,67,1,M,180,Islamabad,Clear,1
9564,2026-03-29,230.2,51.4,13,2,H,159,Karachi,Humid,1
9565,2026-03-29,229.2,39.3,16,0,L,180,Karachi,Clear,1
9566,2026-04-01,229.0,38.7,19,1,M,5,Lahore,Hot,0
9567,2026-04-01,232.5,61.1,10,2,H,101,Karachi,Clear,1
9568,2026-03-16,231.8,64.7,11,2,H,20,Islamabad,Clear,1
9569,2026-04-06,228.2,35.1,20,0,L,0,Karachi,Clear,1
9570,2026-03-25,228.5,38.1,23,2,H,162,Lahore,Hot,0
9571,2026-03-27,239.0,73.8,43,2,H,27,Islamabad,Rain,0
9572,2026-03-25,235.5,62.9,10,0,L,139,Islamabad,Humid,1
9573,2026-03-18,236.2,54.5,100,1,M,143,Islamabad,Humid,1
9574,2026-03-29,229.0,46.6,20,1,M,180,Islamabad,Hot,1
9575,2026-04-05,227.0,41.8,35,1,M,142,Karachi,Rain,0
9576,2026-04-06,227.0,41.8,22,2,H,6,Lahore,Rain,0
9577,2026-04-08,231.2,50.8,47,1,M,180,Karachi,Hot,1
9578,2026-03-25,236.8,67.1,20,0,L,127,Karachi,Clear,1
9579,2026-04-01,231.8,57.5,100,1,M,21,Islamabad,Rain,1
9580,2026-03-30,236.0,70.8,16,0,L,90,Lahore,Humid,1
9581,2026-03-24,227.5,38.7,22,1,M,119,Islamabad,Hot,1
9582,2026-03-26,224.2,35.7,40,2,H,180,Karachi,Humid,1
9583,2026-03-27,232.0,54.5,18,0,L,180,Karachi,Clear,1
9584,2026-03-23,234.0,54.5,40,2,H,66,Islamabad,Hot,0
9585,2026-04-10,237.0,71.4,17,1,M,143,Karachi,Humid,0
9586,2026-04-04,232.2,59.9,13,0,L,85,Karachi,Humid,1
9587,2026-03-27,227.2,32.7,23,1,M,180,Islamabad,Clear,0
9588,2026-03-20,228.5,41.8,100,0,L,143,Karachi,Hot,1
9589,2026-03-20,227.5,44.2,21,2,H,82,Lahore,Rain,0
9590,2026-03-25,229.2,38.7,31,2,H,51,Islamabad,Rain,0
9591,2026-04-02,228.2,38.1,32,0,L,96,Lahore,Humid,0
9592,2026-04-10,234.0,59.3,43,1,M,145,Karachi,Clear,0
9593,2026-03-25,232.0,47.8,38,1,M,180,Karachi,Humid,0
9594,2026-03-24,230.5,43.0,24,2,H,0,Islamabad,Clear,0
9595,2026-04-06,235.0,62.3,44,1,M,121,Karachi,Rain,0
9596,2026-03-29,231.8,51.4,56,0,L,12,Islamabad,Humid,0
9597,2026-03-27,232.5,57.5,14,1,M,0,Islamabad,Humid,1
9598,2026-04-06,225.5,39.3,10,2,H,141,Islamabad,Clear,0
9599,2026-03-22,228.2,37.5,29,0,L,121,Islamabad,Hot,0
9600,2026-03-19,233.2,61.1,16,0,L,180,Islamabad,Clear,0
9601,2026-03-16,229.8,52.0,48,0,L,78,Lahore,Hot,0
9602,2026-03-30,229.2,52.0,18,2,H,180,Islamabad,Rain,1
9603,2026-03-27,228.2,35.1,20,0,L,0,Lahore,Humid,1
9604,2026-04-02,225.0,27.9,19,2,H,100,Karachi,Humid,1
9605,2026-03-23,238.8,72.6,11,0,L,144,Islamabad,Clear,0
9606,2026-03-29,233.0,62.3,18,0,L,34,Karachi,Clear,1
9607,2026-03-20,233.8,50.2,18,1,M,136,Islamabad,Rain,1
9608,2026-03-22,226.8,30.9,46,2,H,171,Lahore,Rain,0
9609,2026-04-07,230.5,41.2,24,2,H,40,Lahore,Hot,1
9610,2026-03-28,233.0,62.3,17,2,H,130,Lahore,Rain,1
9611,2026-03-19,230.8,61.1,16,1,M,6,Karachi,Rain,1
9612,2026-03-31,231.2,41.8,50,0,L,180,Islamabad,Rain,0
9613,2026-04-05,226.8,39.3,41,2,H,174,Karachi,Rain,0
9614,2026-03-21,233.0,62.3,56,1,M,73,Lahore,Hot,0
9615,2026-03-23,232.5,61.1,10,2,H,101,Karachi,Rain,1
9616,2026-03-30,239.5,74.4,26,0,L,180,Lahore,Hot,0
9617,2026-04-01,228.0,33.3,34,1,M,12,Lahore,Clear,0
9618,2026-04-11,227.5,32.7,12,2,H,130,Lahore,Humid,0
9619,2026-03-27,230.0,52.6,42,2,H,0,Islamabad,Clear,0
9620,2026-04-01,228.5,44.2,35,2,H,120,Islamabad,Rain,0
9621,2026-03-24,227.5,32.1,37,2,H,93,Lahore,Humid,0
9622,2026-03-15,230.5,48.4,45,1,M,114,Karachi,Rain,0
9623,2026-04-04,228.5,35.7,23,2,H,8,Karachi,Rain,0
9624,2026-04-01,231.2,52.6,16,2,H,180,Islamabad,Clear,1
9625,2026-04-02,225.0,30.3,25,0,L,8,Lahore,Rain,0
9626,2026-03-16,233.2,56.3,29,1,M,148,Karachi,Clear,0
9627,2026-04-10,235.2,69.0,11,1,M,69,Lahore,Rain,1
9628,2026-03-18,226.5,32.1,26,1,M,180,Karachi,Hot,1
9629,2026-03-25,232.2,56.9,43,0,L,171,Islamabad,Humid,0
9630,2026-03-17,231.2,43.0,11,0,L,180,Lahore,Clear,1
9631,2026-03-23,231.0,40.5,20,1,M,64,Lahore,Clear,1
9632,2026-03-24,230.5,60.5,11,0,L,180,Karachi,Humid,1
9633,2026-04-11,233.0,57.5,100,0,L,15,Karachi,Clear,1
9634,2026-03-16,226.2,33.3,100,1,M,29,Karachi,Humid,0
9635,2026-03-21,239.5,72.6,53,1,M,126,Lahore,Hot,0
9636,2026-03-29,233.2,59.9,23,2,H,174,Islamabad,Rain,0
9637,2026-04-10,229.0,46.6,20,1,M,180,Islamabad,Hot,1
9638,2026-04-13,231.0,41.2,10,1,M,180,Karachi,Rain,1
9639,2026-04-02,228.8,44.8,37,0,L,26,Islamabad,Humid,0
9640,2026-03-24,232.0,50.8,38,0,L,26,Karachi,Hot,0
9641,2026-04-07,227.0,33.3,29,1,M,22,Islamabad,Rain,0
9642,2026-04-03,226.2,38.7,26,1,M,180,Lahore,Humid,0
9643,2026-03-28,232.2,61.1,24,0,L,7,Karachi,Rain,0
9644,2026-03-18,226.0,31.5,14,1,M,180,Islamabad,Clear,1
9645,2026-04-08,233.0,63.5,16,2,H,101,Lahore,Clear,1
9646,2026-03-25,227.8,32.7,13,1,M,180,Islamabad,Humid,1
9647,2026-03-17,236.5,65.3,10,1,M,180,Lahore,Rain,1
9648,2026-04-06,230.2,51.4,13,2,H,159,Lahore,Clear,1
9649,2026-03-31,224.8,35.7,41,1,M,64,Islamabad,Hot,0
9650,2026-03-21,226.0,32.1,28,2,H,2,Islamabad,Rain,0
9651,2026-04-09,234.0,66.5,13,1,M,164,Lahore,Rain,1
9652,2026-03-25,225.8,38.1,100,0,L,57,Lahore,Clear,1
9653,2026-04-01,232.8,60.5,41,1,M,4,Lahore,Clear,0
9654,2026-04-11,227.5,32.1,37,2,H,93,Karachi,Humid,0
9655,2026-03-28,231.2,58.7,13,0,L,47,Lahore,Rain,1
9656,2026-03-28,231.5,62.9,17,1,M,161,Karachi,Hot,1
9657,2026-03-20,234.2,62.3,17,2,H,86,Lahore,Clear,0
9658,2026-04-12,230.5,50.2,19,2,H,180,Karachi,Rain,1
9659,2026-03-23,228.0,44.2,10,0,L,119,Lahore,Clear,1
9660,2026-04-05,230.2,58.7,10,1,M,111,Lahore,Humid,1
9661,2026-03-17,231.8,41.8,63,0,L,81,Lahore,Rain,0
9662,2026-03-31,231.2,63.5,13,0,L,148,Islamabad,Rain,1
9663,2026-04-11,229.0,46.6,20,1,M,180,Islamabad,Humid,1
9664,2026-03-26,235.0,69.0,16,1,M,180,Lahore,Hot,1
9665,2026-03-18,232.0,58.1,40,2,H,2,Karachi,Clear,0
9666,2026-04-03,228.2,39.3,33,2,H,180,Karachi,Humid,0
9667,2026-03-30,231.8,44.2,19,2,H,162,Lahore,Rain,0
9668,2026-04-12,227.0,41.2,16,2,H,85,Islamabad,Humid,0
9669,2026-04-07,228.0,33.3,19,0,L,180,Karachi,Rain,0
9670,2026-03-24,228.8,36.3,33,0,L,85,Islamabad,Humid,0
9671,2026-04-09,227.2,32.1,25,0,L,144,Karachi,Hot,0
9672,2026-04-13,233.2,52.6,78,2,H,99,Lahore,Rain,0
9673,2026-04-12,231.0,58.1,16,0,L,70,Islamabad,Humid,1
9674,2026-03-21,234.0,67.1,14,0,L,172,Karachi,Hot,1
9675,2026-03-24,235.2,68.4,38,1,M,72,Lahore,Hot,0
9676,2026-03-21,229.8,33.9,23,2,H,13,Lahore,Clear,0
9677,2026-04-06,238.0,69.6,42,1,M,130,Lahore,Rain,0
9678,2026-04-11,233.8,66.5,14,0,L,174,Islamabad,Clear,1
9679,2026-04-01,235.2,52.6,14,0,L,180,Islamabad,Hot,1
9680,2026-03-23,234.2,69.0,11,1,M,44,Lahore,Clear,1
9681,2026-04-05,227.0,44.2,29,0,L,78,Islamabad,Clear,0
9682,2026-04-01,237.0,70.8,32,2,H,154,Karachi,Humid,0
9683,2026-03-31,232.0,62.9,17,1,M,144,Lahore,Clear,1
9684,2026-03-25,233.0,58.7,20,0,L,180,Lahore,Hot,1
9685,2026-03-15,223.5,26.0,58,2,H,154,Islamabad,Clear,0
9686,2026-03-31,234.5,51.4,18,1,M,82,Lahore,Rain,0
9687,2026-03-18,226.0,31.5,23,0,L,180,Karachi,Humid,1
9688,2026-03-18,236.8,65.3,21,2,H,180,Islamabad,Hot,1
9689,2026-03-28,227.5,36.3,28,1,M,176,Islamabad,Clear,1
9690,2026-04-11,231.8,60.5,16,0,L,108,Lahore,Rain,1
9691,2026-03-23,233.0,59.9,11,0,L,124,Lahore,Hot,0
9692,2026-03-27,229.2,49.6,33,0,L,180,Lahore,Clear,0
9693,2026-04-11,233.0,62.3,17,2,H,130,Islamabad,Humid,1
9694,2026-04-11,236.2,66.5,10,1,M,122,Lahore,Clear,1
9695,2026-03-30,225.8,30.9,15,0,L,162,Karachi,Hot,0
9696,2026-03-15,225.0,27.9,19,2,H,100,Lahore,Hot,1
9697,2026-03-17,231.8,64.1,31,0,L,75,Lahore,Hot,0
9698,2026-04-02,233.8,47.2,33,0,L,137,Islamabad,Rain,0
9699,2026-03-22,235.2,51.4,39,1,M,180,Lahore,Clear,0
9700,2026-04-01,224.2,35.7,40,2,H,180,Islamabad,Clear,1
9701,2026-03-20,230.2,49.6,16,0,L,26,Lahore,Clear,0
9702,2026-04-10,231.2,49.6,43,1,M,27,Karachi,Humid,0
9703,2026-04-03,225.2,36.9,18,0,L,135,Karachi,Rain,0
9704,2026-04-12,226.0,38.1,21,0,L,180,Islamabad,Rain,1
9705,2026-04-09,232.5,61.1,10,2,H,101,Islamabad,Humid,1
9706,2026-03-20,230.2,55.7,51,2,H,151,Lahore,Rain,0
9707,2026-04-12,229.8,50.8,22,2,H,66,Lahore,Humid,0
9708,2026-03-19,237.5,70.2,20,2,H,57,Karachi,Hot,0
9709,2026-03-26,222.5,24.2,85,1,M,48,Lahore,Hot,0
9710,2026-03-23,226.8,33.3,59,2,H,28,Karachi,Rain,0
9711,2026-03-23,224.2,35.7,40,2,H,180,Islamabad,Hot,1
9712,2026-03-31,237.0,66.5,50,2,H,89,Lahore,Hot,0
9713,2026-04-02,235.0,50.2,17,1,M,180,Islamabad,Hot,1
9714,2026-03-31,232.5,61.1,10,2,H,101,Lahore,Clear,1
9715,2026-04-05,235.8,53.8,20,2,H,180,Karachi,Hot,0
9716,2026-03-30,232.0,64.1,76,1,M,40,Islamabad,Clear,0
9717,2026-03-26,232.0,57.5,44,0,L,106,Islamabad,Humid,0
9718,2026-03-17,233.0,59.3,68,1,M,23,Lahore,Humid,0
9719,2026-03-28,232.5,57.5,14,1,M,0,Islamabad,Humid,1
9720,2026-03-31,232.5,61.1,10,2,H,101,Karachi,Humid,1
9721,2026-04-05,226.0,32.1,51,1,M,180,Islamabad,Humid,0
9722,2026-03-30,234.0,66.5,17,0,L,146,Islamabad,Hot,1
9723,2026-04-04,228.5,38.1,23,2,H,162,Lahore,Hot,0
9724,2026-03-26,232.5,46.0,19,0,L,110,Islamabad,Hot,0
9725,2026-04-11,227.5,32.7,23,1,M,152,Lahore,Humid,0
9726,2026-04-07,232.8,52.6,32,2,H,142,Lahore,Humid,0
9727,2026-04-13,233.0,62.3,17,2,H,130,Islamabad,Clear,1
9728,2026-03-16,232.8,64.7,10,2,H,25,Karachi,Rain,1
9729,2026-03-22,235.0,61.7,38,1,M,63,Lahore,Hot,0
9730,2026-03-26,235.5,63.5,22,1,M,180,Islamabad,Rain,0
9731,2026-04-04,235.5,51.4,13,0,L,33,Lahore,Humid,0
9732,2026-03-30,231.5,42.4,10,1,M,111,Karachi,Humid,1
9733,2026-03-22,230.5,51.4,20,2,H,180,Karachi,Humid,1
9734,2026-04-11,230.0,53.2,32,1,M,16,Lahore,Rain,0
9735,2026-03-30,226.8,40.5,23,1,M,135,Karachi,Clear,0
9736,2026-03-24,230.5,50.2,19,2,H,180,Islamabad,Humid,1
9737,2026-04-03,224.5,36.3,19,1,M,166,Islamabad,Clear,0
9738,2026-03-29,229.5,39.9,22,2,H,82,Lahore,Clear,0
9739,2026-03-18,233.8,65.9,13,1,M,180,Karachi,Hot,1
9740,2026-04-09,230.5,50.2,19,2,H,180,Islamabad,Rain,1
9741,2026-03-29,225.2,29.1,17,0,L,74,Islamabad,Humid,0
9742,2026-03-18,235.8,69.0,32,0,L,180,Islamabad,Clear,1
9743,2026-04-13,234.8,49.6,22,1,M,82,Lahore,Rain,0
9744,2026-03-25,236.8,65.9,22,1,M,180,Lahore,Rain,0
9745,2026-03-20,238.2,71.4,17,0,L,180,Islamabad,Humid,1
9746,2026-03-18,230.5,42.4,17,0,L,180,Islamabad,Hot,1
9747,2026-03-23,232.0,64.7,53,0,L,180,Karachi,Hot,0
9748,2026-03-23,238.8,72.6,10,2,H,161,Karachi,Clear,1
9749,2026-03-17,231.2,62.9,14,0,L,106,Karachi,Hot,1
9750,2026-04-06,225.2,29.7,35,2,H,180,Lahore,Hot,1
9751,2026-04-11,231.2,62.9,29,1,M,50,Islamabad,Hot,0
9752,2026-03-19,236.8,65.3,21,2,H,180,Lahore,Rain,1
9753,2026-03-29,231.0,61.1,18,1,M,166,Islamabad,Humid,1
9754,2026-04-11,234.0,68.4,19,0,L,18,Karachi,Rain,0
9755,2026-03-23,233.0,62.3,51,1,M,180,Karachi,Rain,1
9756,2026-03-16,233.5,66.5,17,1,M,117,Karachi,Humid,1
9757,2026-03-17,225.8,36.9,17,1,M,156,Karachi,Rain,0
9758,2026-04-09,235.0,50.2,37,0,L,123,Islamabad,Clear,0
9759,2026-04-04,231.8,52.6,22,0,L,180,Karachi,Clear,1
9760,2026-03-26,225.0,36.9,100,0,L,125,Islamabad,Rain,1
9761,2026-03-30,232.0,52.0,32,2,H,91,Islamabad,Hot,0
9762,2026-03-19,229.2,49.0,36,2,H,28,Lahore,Rain,0
9763,2026-03-24,231.5,52.0,45,0,L,180,Karachi,Hot,1
9764,2026-04-11,223.5,24.8,23,1,M,14,Karachi,Rain,0
9765,2026-03-29,234.5,68.4,17,1,M,60,Lahore,Clear,1
9766,2026-03-28,231.0,43.0,23,0,L,180,Islamabad,Hot,1
9767,2026-03-28,233.0,63.5,16,2,H,101,Karachi,Clear,1
9768,2026-04-06,230.2,60.5,10,2,H,147,Islamabad,Rain,1
9769,2026-03-27,236.2,70.2,17,2,H,112,Lahore,Humid,1
9770,2026-03-30,227.2,36.3,41,0,L,56,Islamabad,Hot,0
9771,2026-04-13,232.2,47.2,37,1,M,113,Karachi,Hot,0
9772,2026-03-22,231.8,59.9,17,1,M,73,Islamabad,Rain,1
9773,2026-03-22,234.8,64.7,100,1,M,2,Islamabad,Rain,1
9774,2026-04-13,229.0,44.8,24,2,H,9,Karachi,Hot,0
9775,2026-03-31,229.2,48.4,30,2,H,37,Karachi,Humid,0
9776,2026-04-13,231.2,62.9,15,0,L,168,Islamabad,Rain,1
9777,2026-03-31,228.8,38.7,29,1,M,13,Islamabad,Rain,0
9778,2026-03-17,230.2,40.5,16,0,L,180,Lahore,Rain,1
9779,2026-03-15,224.5,36.3,48,2,H,26,Karachi,Humid,0
9780,2026-03-31,231.5,42.4,10,1,M,111,Islamabad,Hot,1
9781,2026-04-09,227.0,30.9,12,0,L,180,Karachi,Clear,1
9782,2026-04-07,230.2,41.8,10,0,L,180,Lahore,Rain,1
9783,2026-03-30,225.0,27.9,19,2,H,100,Islamabad,Humid,1
9784,2026-03-31,233.0,46.0,10,0,L,180,Islamabad,Hot,1
9785,2026-04-08,231.2,58.7,13,0,L,47,Islamabad,Hot,1
9786,2026-03-16,232.2,54.5,29,0,L,180,Karachi,Humid,1
9787,2026-04-08,230.5,50.2,19,2,H,180,Lahore,Rain,1
9788,2026-03-28,231.8,59.9,10,0,L,22,Karachi,Clear,1
9789,2026-03-21,225.0,27.9,19,2,H,100,Islamabad,Rain,1
9790,2026-04-08,227.5,38.7,22,1,M,119,Lahore,Hot,1
9791,2026-04-02,232.2,51.4,21,2,H,180,Islamabad,Clear,0
9792,2026-03-15,229.5,58.7,10,0,L,180,Islamabad,Rain,1
9793,2026-03-31,230.2,48.4,17,0,L,105,Karachi,Clear,0
9794,2026-04-10,234.2,67.7,13,0,L,180,Islamabad,Humid,1
9795,2026-03-24,235.0,62.3,49,1,M,130,Lahore,Rain,0
9796,2026-03-20,225.2,29.7,35,2,H,180,Islamabad,Hot,1
9797,2026-03-21,224.2,35.7,40,2,H,180,Islamabad,Hot,1
9798,2026-04-08,229.2,53.2,14,1,M,113,Karachi,Clear,1
9799,2026-03-20,234.0,66.5,17,0,L,146,Lahore,Humid,1
9800,2026-03-19,227.0,35.7,18,2,H,180,Karachi,Rain,0
9801,2026-04-13,231.2,52.6,15,0,L,50,Islamabad,Humid,0
9802,2026-03-16,235.8,62.9,26,2,H,23,Karachi,Humid,0
9803,2026-04-01,225.5,37.5,11,0,L,67,Karachi,Clear,1
9804,2026-04-07,234.8,61.7,34,2,H,41,Karachi,Clear,0
9805,2026-03-31,235.5,62.9,10,0,L,139,Karachi,Rain,1
9806,2026-04-07,234.2,60.5,38,1,M,30,Islamabad,Hot,0
9807,2026-04-10,230.5,41.2,24,2,H,40,Islamabad,Rain,1
9808,2026-04-09,235.2,62.3,36,1,M,180,Lahore,Humid,0
9809,2026-04-10,231.0,52.0,29,0,L,132,Karachi,Clear,0
9810,2026-04-06,228.2,35.1,47,1,M,110,Karachi,Humid,0
9811,2026-03-21,235.0,62.3,29,1,M,114,Lahore,Clear,0
9812,2026-04-04,231.2,50.8,47,1,M,180,Karachi,Hot,1
9813,2026-04-02,229.2,52.0,17,1,M,45,Lahore,Humid,1
9814,2026-03-21,232.0,51.4,100,0,L,17,Islamabad,Clear,1
9815,2026-04-06,234.5,68.4,17,1,M,60,Lahore,Rain,1
9816,2026-03-21,233.0,59.9,22,1,M,20,Karachi,Rain,1
9817,2026-03-30,225.2,28.5,10,1,M,105,Lahore,Rain,1
9818,2026-03-26,230.2,60.5,10,2,H,147,Islamabad,Humid,1
9819,2026-03-29,231.5,62.9,18,1,M,165,Karachi,Clear,1
9820,2026-03-29,228.8,46.6,37,2,H,142,Islamabad,Clear,0
9821,2026-03-25,236.5,65.9,69,0,L,148,Islamabad,Clear,0
9822,2026-03-16,232.8,58.7,76,1,M,180,Lahore,Humid,0
9823,2026-03-17,239.0,71.4,20,0,L,166,Islamabad,Clear,0
9824,2026-04-02,225.5,37.5,26,1,M,124,Karachi,Hot,0
9825,2026-04-03,229.5,52.6,28,0,L,180,Islamabad,Humid,0
9826,2026-04-11,237.2,70.2,23,2,H,110,Islamabad,Hot,0
9827,2026-04-08,224.0,35.7,46,2,H,7,Lahore,Hot,0
9828,2026-04-09,231.8,42.4,43,1,M,131,Islamabad,Rain,0
9829,2026-03-29,226.8,30.9,38,0,L,2,Lahore,Humid,0
9830,2026-03-30,231.0,40.5,20,1,M,64,Lahore,Clear,1
9831,2026-03-15,235.8,69.6,17,0,L,30,Karachi,Hot,1
9832,2026-03-29,238.8,72.0,22,1,M,180,Karachi,Humid,1
9833,2026-03-26,229.5,52.6,53,1,M,108,Karachi,Clear,0
9834,2026-03-21,226.2,36.3,15,0,L,180,Karachi,Rain,1
9835,2026-03-21,230.0,40.5,26,0,L,4,Lahore,Humid,0
9836,2026-03-25,234.2,50.8,25,2,H,105,Islamabad,Humid,0
9837,2026-04-03,230.5,59.9,17,0,L,180,Karachi,Humid,1
9838,2026-04-12,226.8,30.9,38,0,L,2,Karachi,Clear,0
9839,2026-03-25,232.2,61.7,37,1,M,163,Karachi,Hot,0
9840,2026-03-31,231.0,58.7,44,1,M,5,Islamabad,Hot,0
9841,2026-03-17,231.0,61.7,17,1,M,12,Karachi,Humid,1
9842,2026-03-30,235.2,69.0,11,1,M,69,Islamabad,Humid,1
9843,2026-03-19,234.5,64.1,43,2,H,180,Lahore,Clear,1
9844,2026-04-11,224.8,34.5,34,2,H,63,Lahore,Rain,0
9845,2026-03-16,224.2,35.7,40,2,H,180,Lahore,Humid,1
9846,2026-04-06,227.0,37.5,100,1,M,86,Islamabad,Humid,1
9847,2026-04-13,235.0,51.4,25,2,H,175,Karachi,Rain,0
9848,2026-04-09,235.5,69.0,29,0,L,26,Karachi,Humid,0
9849,2026-04-09,238.5,72.6,27,2,H,166,Karachi,Hot,0
9850,2026-03-21,228.8,46.6,49,1,M,179,Karachi,Humid,1
9851,2026-04-11,231.2,52.6,16,2,H,180,Karachi,Hot,1
9852,2026-03-24,236.5,65.9,69,0,L,148,Islamabad,Clear,0
9853,2026-03-19,231.0,62.9,18,1,M,107,Lahore,Clear,1
9854,2026-03-29,233.0,62.3,17,2,H,130,Karachi,Hot,1
9855,2026-03-26,231.5,52.6,46,1,M,6,Lahore,Hot,0
9856,2026-03-24,230.8,43.0,17,0,L,180,Islamabad,Rain,1
9857,2026-04-05,231.8,64.7,11,2,H,20,Islamabad,Hot,1
9858,2026-03-31,232.2,61.7,14,1,M,134,Karachi,Hot,1
9859,2026-04-03,229.0,51.4,22,0,L,180,Islamabad,Humid,1
9860,2026-04-03,225.5,31.5,25,2,H,151,Lahore,Rain,0
9861,2026-03-25,230.0,38.1,28,0,L,173,Karachi,Hot,0
9862,2026-03-22,228.2,32.7,30,1,M,144,Karachi,Hot,0
9863,2026-03-29,231.2,64.1,13,0,L,92,Lahore,Hot,1
9864,2026-03-16,226.0,31.5,23,0,L,180,Karachi,Humid,1
9865,2026-03-31,231.0,40.5,23,2,H,37,Karachi,Humid,0
9866,2026-04-06,235.2,50.8,35,1,M,180,Lahore,Humid,1
9867,2026-03-20,224.8,36.9,34,2,H,84,Karachi,Clear,0
9868,2026-04-04,234.8,69.6,16,0,L,62,Karachi,Humid,1
9869,2026-04-11,233.2,61.1,15,1,M,180,Lahore,Hot,1
9870,2026-03-27,232.2,64.7,15,1,M,6,Islamabad,Humid,1
9871,2026-04-12,231.2,52.6,16,2,H,180,Lahore,Humid,1
9872,2026-04-12,223.2,25.4,34,2,H,28,Karachi,Rain,0
9873,2026-03-22,227.2,43.6,10,0,L,76,Lahore,Hot,1
9874,2026-03-25,226.0,32.1,56,0,L,54,Karachi,Humid,0
9875,2026-03-29,229.2,51.4,30,2,H,40,Karachi,Clear,0
9876,2026-03-27,230.2,40.5,12,0,L,140,Lahore,Rain,0
9877,2026-04-01,231.2,41.2,46,2,H,180,Karachi,Humid,0
9878,2026-04-01,229.8,52.6,20,2,H,174,Islamabad,Rain,0
9879,2026-04-08,223.8,26.0,12,1,M,24,Karachi,Rain,1
9880,2026-03-31,231.0,62.9,18,1,M,107,Lahore,Clear,1
9881,2026-04-05,233.0,54.5,37,0,L,172,Islamabad,Clear,0
9882,2026-03-27,233.8,67.1,29,1,M,27,Islamabad,Clear,0
9883,2026-04-12,230.2,41.2,36,2,H,65,Karachi,Hot,0
9884,2026-03-17,233.0,63.5,16,2,H,101,Lahore,Rain,1
9885,2026-04-12,226.8,43.6,19,2,H,59,Karachi,Humid,0
9886,2026-04-04,229.5,52.0,23,0,L,55,Karachi,Clear,0
9887,2026-04-07,223.8,26.0,22,2,H,180,Lahore,Clear,0
9888,2026-03-21,228.8,38.7,38,0,L,112,Lahore,Rain,0
9889,2026-04-12,235.0,61.7,38,1,M,63,Karachi,Rain,0
9890,2026-03-26,226.5,36.9,33,2,H,180,Islamabad,Rain,0
9891,2026-03-18,227.8,32.7,13,1,M,180,Karachi,Humid,1
9892,2026-04-07,234.5,64.1,43,2,H,180,Islamabad,Hot,1
9893,2026-04-10,227.0,32.7,27,2,H,63,Karachi,Hot,0
9894,2026-04-10,233.8,67.7,16,0,L,29,Lahore,Clear,1
9895,2026-04-09,232.5,61.1,10,2,H,101,Islamabad,Hot,1
9896,2026-03-25,232.0,54.5,18,0,L,180,Lahore,Humid,1
9897,2026-03-28,232.8,51.4,43,2,H,132,Lahore,Hot,0
9898,2026-04-01,235.2,69.0,17,0,L,180,Lahore,Humid,1
9899,2026-03-21,230.2,51.4,13,2,H,159,Lahore,Clear,1
9900,2026-03-19,229.2,52.0,17,1,M,45,Lahore,Rain,1
9901,2026-03-30,225.2,30.3,11,0,L,180,Karachi,Humid,1
9902,2026-03-25,235.0,50.2,17,1,M,180,Islamabad,Rain,1
9903,2026-04-05,228.5,44.8,22,1,M,59,Karachi,Clear,0
9904,2026-03-17,231.0,61.1,18,1,M,166,Karachi,Humid,1
9905,2026-03-30,233.2,58.7,35,0,L,23,Karachi,Humid,0
9906,2026-03-25,233.8,48.4,19,2,H,45,Lahore,Hot,0
9907,2026-03-24,236.5,64.1,25,1,M,180,Karachi,Humid,1
9908,2026-04-06,235.0,69.0,16,1,M,180,Islamabad,Clear,1
9909,2026-04-06,225.2,29.7,35,2,H,180,Karachi,Rain,1
9910,2026-03-16,236.0,64.1,10,0,L,0,Lahore,Humid,1
9911,2026-03-30,231.2,64.1,13,0,L,92,Islamabad,Clear,1
9912,2026-03-31,231.0,41.2,10,1,M,180,Islamabad,Clear,1
9913,2026-03-24,229.2,45.4,19,0,L,180,Islamabad,Humid,1
9914,2026-04-01,228.5,39.3,85,2,H,180,Islamabad,Hot,0
9915,2026-03-26,232.8,56.9,41,0,L,180,Karachi,Humid,0
9916,2026-03-22,233.8,66.5,16,0,L,106,Lahore,Humid,1
9917,2026-04-10,236.2,54.5,100,1,M,143,Islamabad,Hot,1
9918,2026-04-09,230.2,40.5,22,2,H,85,Islamabad,Clear,0
9919,2026-03-17,230.5,51.4,20,2,H,180,Lahore,Humid,1
9920,2026-04-10,234.5,64.1,43,2,H,180,Karachi,Hot,1
9921,2026-04-03,230.8,61.1,16,1,M,6,Islamabad,Rain,1
9922,2026-04-07,228.8,49.0,26,1,M,98,Karachi,Rain,0
9923,2026-03-17,229.0,48.4,100,1,M,170,Karachi,Hot,0
9924,2026-03-20,235.5,70.8,13,2,H,66,Karachi,Clear,1
9925,2026-03-16,229.8,39.9,19,0,L,180,Karachi,Hot,0
9926,2026-03-17,230.5,51.4,20,2,H,180,Islamabad,Clear,1
9927,2026-03-31,227.0,36.9,19,2,H,111,Islamabad,Rain,0
9928,2026-03-23,224.2,27.9,13,2,H,177,Karachi,Humid,0
9929,2026-03-18,234.2,49.6,31,2,H,141,Karachi,Hot,0
9930,2026-04-05,231.0,61.7,17,1,M,12,Lahore,Rain,1
9931,2026-04-06,234.0,52.6,17,2,H,66,Lahore,Humid,0
9932,2026-03-16,234.5,51.4,11,0,L,55,Lahore,Rain,0
9933,2026-04-07,232.5,61.1,10,2,H,101,Islamabad,Hot,1
9934,2026-04-11,234.2,50.8,25,2,H,105,Lahore,Hot,0
9935,2026-03-23,233.0,61.7,33,0,L,60,Islamabad,Humid,0
9936,2026-03-28,233.2,52.6,18,1,M,93,Islamabad,Hot,0
9937,2026-04-09,229.2,46.6,45,0,L,93,Islamabad,Rain,0
9938,2026-03-25,230.5,59.3,13,1,M,180,Islamabad,Humid,1
9939,2026-03-16,226.8,35.1,31,2,H,138,Lahore,Humid,0
9940,2026-04-04,236.8,65.3,21,2,H,180,Karachi,Rain,1
9941,2026-03-16,230.5,50.8,31,2,H,76,Karachi,Clear,0
9942,2026-04-10,232.5,59.9,31,1,M,70,Karachi,Humid,0
9943,2026-03-19,233.5,65.3,36,0,L,78,Lahore,Clear,0
9944,2026-03-21,230.2,35.7,14,0,L,31,Karachi,Rain,1
9945,2026-04-05,238.2,72.0,32,2,H,142,Lahore,Rain,0
9946,2026-03-18,225.8,39.3,16,1,M,149,Lahore,Humid,0
9947,2026-03-28,227.8,32.1,35,0,L,70,Lahore,Hot,0
9948,2026-03-16,235.5,62.9,10,0,L,139,Karachi,Humid,1
9949,2026-04-06,232.0,58.7,19,2,H,176,Karachi,Hot,0
9950,2026-03-26,225.2,30.3,38,0,L,180,Karachi,Clear,0
9951,2026-03-24,231.8,64.7,11,2,H,20,Islamabad,Hot,1
9952,2026-04-08,226.8,35.1,35,2,H,180,Lahore,Humid,0
9953,2026-03-15,232.2,61.7,14,1,M,134,Islamabad,Hot,1
9954,2026-04-02,227.8,32.7,13,1,M,180,Lahore,Rain,1
9955,2026-04-06,233.0,63.5,16,2,H,101,Karachi,Clear,1
9956,2026-03-30,224.0,35.1,35,2,H,180,Lahore,Rain,0
9957,2026-03-29,238.0,72.6,16,0,L,180,Lahore,Rain,1
9958,2026-03-28,234.0,54.5,40,2,H,66,Islamabad,Rain,0
9959,2026-03-23,230.5,50.8,100,2,H,81,Lahore,Rain,1
9960,2026-04-12,231.2,52.6,16,2,H,180,Karachi,Hot,1
9961,2026-04-04,230.5,59.3,13,1,M,180,Lahore,Rain,1
9962,2026-04-06,236.2,70.2,17,2,H,112,Lahore,Hot,1
9963,2026-03-29,236.0,70.2,77,1,M,2,Lahore,Rain,0
9964,2026-04-09,236.0,53.8,65,1,M,156,Islamabad,Humid,0
9965,2026-03-21,233.5,62.9,68,0,L,156,Lahore,Rain,0
9966,2026-03-18,231.0,41.8,40,0,L,58,Lahore,Humid,0
9967,2026-04-04,230.8,44.2,17,2,H,180,Islamabad,Hot,0
9968,2026-04-01,233.0,58.7,20,0,L,180,Islamabad,Clear,1
9969,2026-03-22,226.8,39.9,19,1,M,169,Islamabad,Hot,0
9970,2026-03-26,234.8,69.6,16,0,L,62,Islamabad,Clear,1
9971,2026-03-29,231.0,58.1,16,0,L,70,Karachi,Clear,1
9972,2026-03-29,226.8,32.7,14,0,L,61,Karachi,Rain,0
9973,2026-03-31,233.0,63.5,16,2,H,101,Lahore,Clear,1
9974,2026-03-16,227.8,43.0,12,0,L,20,Karachi,Hot,1
9975,2026-03-26,231.8,52.6,22,0,L,180,Lahore,Rain,1
9976,2026-03-17,227.2,38.1,23,2,H,91,Karachi,Clear,0
9977,2026-03-21,232.5,61.1,11,0,L,8,Islamabad,Hot,1
9978,2026-03-20,232.8,64.7,10,2,H,25,Islamabad,Clear,1
9979,2026-03-28,236.8,65.3,21,2,H,180,Karachi,Clear,1
9980,2026-04-06,237.2,69.0,100,1,M,65,Karachi,Rain,1
9981,2026-04-10,231.0,42.4,50,1,M,84,Lahore,Rain,0
9982,2026-03-19,231.8,55.7,50,1,M,120,Lahore,Hot,0
9983,2026-04-13,227.0,32.7,56,0,L,76,Lahore,Rain,0
9984,2026-03-18,232.5,61.1,17,1,M,180,Islamabad,Rain,1
9985,2026-03-29,231.5,62.9,18,1,M,165,Islamabad,Humid,1
9986,2026-03-21,232.5,56.9,17,1,M,92,Islamabad,Humid,1
9987,2026-03-17,232.5,46.0,72,0,L,180,Islamabad,Hot,1
9988,2026-03-27,232.0,56.9,34,2,H,180,Lahore,Rain,0
9989,2026-03-24,235.5,54.5,25,0,L,33,Islamabad,Hot,0
9990,2026-04-06,235.5,69.0,18,0,L,34,Islamabad,Humid,1
9991,2026-03-16,229.5,39.9,38,2,H,27,Islamabad,Humid,0
9992,2026-03-26,233.2,64.1,13,1,M,111,Islamabad,Humid,1
9993,2026-04-11,234.5,60.5,17,1,M,54,Karachi,Hot,0
9994,2026-04-07,233.2,56.3,35,0,L,84,Lahore,Rain,0
9995,2026-04-11,226.2,41.8,17,1,M,30,Lahore,Clear,1
9996,2026-04-05,221.5,23.0,10,1,M,89,Islamabad,Rain,1
9997,2026-03-26,233.2,64.1,13,1,M,111,Karachi,Hot,1
9998,2026-04-02,227.0,37.5,100,1,M,86,Lahore,Humid,1
9999,2026-04-02,226.5,31.5,61,0,L,103,Lahore,Clear,0
10000,2026-04-04,229.0,33.3,36,2,H,100,Islamabad,Hot,0
